source_id,title,relative_path,storage_location,url,drive_id,sha256,size_bytes,retrieved_at,observation_period,publication_date,territory,units,grain,keys,license_terms,completeness,known_errors,row_count,control_totals_json,role,status,limitations
dashboard_baseline,D.json,reproduction/source/src/data/D.json,git:MEOW-AND-GAV/reproduction (копия входа),user attachment econtypes-v4-src.zip,,fb3aee2d49f6d753448f1f220f6e12c41d9d5ae9951d9baab245517eeb8a3778,549107,2026-10-09 (handoff package),2023-01/2024-12,,Республика Башкортостан,,,,,full_file,,,,archived_results,imported_via_research_db,"Derived dashboard data, not original SberIndex microdata; one municipality imputed. Clusters need recomputation after AVU/leakage fixes."
rosstat_population_2022,CHislennost-naseleniya-po-municipalnym-rajonam-i-gorodskim-okrugam-Respubliki- Bashkortostan-na-1-yanvarya-2022-g-s-uchetom-VPN-2020.pdf,reproduction/materials/CHislennost-naseleniya-po-municipalnym-rajonam-i-gorodskim-okrugam-Respubliki- Bashkortostan-na-1-yanvarya-2022-g-s-uchetom-VPN-2020.pdf,git:MEOW-AND-GAV/reproduction (копия входа),https://02.rosstat.gov.ru/storage/mediabank/CHislennost-naseleniya-po-municipalnym-rajonam-i-gorodskim-okrugam-Respubliki-%20Bashkortostan-na-1-yanvarya-2022-g-s-uchetom-VPN-2020.pdf,,2a4687bf810b2c307d4ecd893688f7bec314f90f167d2c196cf22d37c5185a68,212924,2026-10-09 (handoff package),2022-01-01,,Республика Башкортостан,,,,Росстат: ссылка на источник обязательна,full_file,,,,official_population,imported_via_research_db,Download date 2026-10-09 is not observation year.
rosstat_population_2023,CHislennost-naseleniya-po-municipalnym- rajonam-i-gorodskim-okrugam-Respubliki-Bashkortostan-na-1-yanvarya-2023-goda.pdf,reproduction/materials/CHislennost-naseleniya-po-municipalnym- rajonam-i-gorodskim-okrugam-Respubliki-Bashkortostan-na-1-yanvarya-2023-goda.pdf,git:MEOW-AND-GAV/reproduction (копия входа),https://02.rosstat.gov.ru/storage/mediabank/CHislennost-naseleniya-po-municipalnym-%20rajonam-i-gorodskim-okrugam-Respubliki-Bashkortostan-na-1-yanvarya-2023-goda.pdf,,a91cc81ca889f4ba614f83e62aee501f2c4e746f7705bba1418c64838b204243,211297,2026-10-09 (handoff package),2023-01-01,,Республика Башкортостан,,,,Росстат: ссылка на источник обязательна,full_file,,,,official_population,imported_via_research_db,Download date 2026-10-09 is not observation year.
rosstat_population_2024,CHislennost-naseleniya-po-municipalnym-rajonam-i-gorodskim-okrugam-Respubliki-Bashkortostan-na-1-yanvarya-2024-goda.pdf,reproduction/materials/CHislennost-naseleniya-po-municipalnym-rajonam-i-gorodskim-okrugam-Respubliki-Bashkortostan-na-1-yanvarya-2024-goda.pdf,git:MEOW-AND-GAV/reproduction (копия входа),https://02.rosstat.gov.ru/storage/mediabank/CHislennost-naseleniya-po-municipalnym-rajonam-i-gorodskim-okrugam-Respubliki-Bashkortostan-na-1-yanvarya-2024-goda.pdf,,3adcab82858240b7b9fcbc13a4a76f39f0ad4296c8774848dd7e9d5910b353c1,211093,2026-10-09 (handoff package),2024-01-01,,Республика Башкортостан,,,,Росстат: ссылка на источник обязательна,full_file,,,,official_population,imported_via_research_db,Download date 2026-10-09 is not observation year.
rosstat_population_2025,CHislennost-naseleniya-po-municipalnym-rajonam-i-gorodskim-okrugam-Respubliki-Bashkortostan-na-1-yanvarya-2025-goda.pdf,reproduction/materials/CHislennost-naseleniya-po-municipalnym-rajonam-i-gorodskim-okrugam-Respubliki-Bashkortostan-na-1-yanvarya-2025-goda.pdf,git:MEOW-AND-GAV/reproduction (копия входа),https://02.rosstat.gov.ru/storage/mediabank/CHislennost-naseleniya-po-municipalnym-rajonam-i-gorodskim-okrugam-Respubliki-Bashkortostan-na-1-yanvarya-2025-goda.pdf,,e8f2f80e64eedfa0585eed00e927c61809bb5a5d432836be7b6864fa66ac74b3,350183,2026-10-09 (handoff package),2025-01-01,,Республика Башкортостан,,,,Росстат: ссылка на источник обязательна,full_file,,,,official_population,imported_via_research_db,Download date 2026-10-09 is not observation year.
fns_msp_20260910,msp_bashkortostan_20260910.csv,reproduction/materials/msp_bashkortostan_20260910.csv,git:MEOW-AND-GAV/reproduction (копия входа),https://www.nalog.gov.ru/opendata/7707329152-rsmp/,,4a3a059f666a28e71f7f001309c1a1d44df92d5eca2d85f54ceccd71429c88e5,29294760,2026-10-09 (handoff package),2026-09-10,,Республика Башкортостан,,,,ФНС открытые данные,full_file,,,,processed_official_snapshot,imported_via_research_db,"Supplied processed CSV, not independent XML rerun. Address strings are candidate geography, not verified OKTMO. Historical membership cannot be inferred from this snapshot."
fns_msp_relevant_suppliers_20260910,msp_index_relevant_entities.csv,reproduction/materials/msp_index_relevant_entities.csv,git:MEOW-AND-GAV/reproduction (копия входа),https://drive.google.com/file/d/1tldH7Q_sDe-9U1qzSSPBiNpGY7JFllqh/view,,e78c0710a02d0ca7f560c49e9b644a7b2c9721a3e9c89680ad373bed1081d39e,11333707,2026-10-09 (handoff package),2026-09-10,,РФ (отбор поставщиков),,,,ФНС открытые данные,full_file,,,,processed_national_MSP_index,imported_via_research_db,Subset selected by upstream processing for Bashkortostan/relevant suppliers; not complete national population of enterprises. Needed for suppliers outside region 02.
atmo_223,atmo_223.json,reproduction/materials/atmo_223.json,git:MEOW-AND-GAV/reproduction (копия входа),https://drive.google.com/file/d/1nCsFJRW-S8ZnLMoYloiHb7nTpIOOfsTI/view,,71fde1e988d63fece4c9da9cfe1bf7dea1b15b74aeee7cf6a5361a361de159f8,3325086,2026-10-09 (handoff package),exported 2026-10-08,,Республика Башкортостан,,,,,full_file,,,,API_contract_observations,imported_via_research_db,223: supplied single collected export; 44: ONLY 135-record sample. No E-signature verification. INN missing. Not full national/regional totals.
atmo_44_sample,ATMO_API_44_20261008131737_umgsvm_2024-12_p01508-01516_part00319.json,reproduction/materials/ATMO_API_44_20261008131737_umgsvm_2024-12_p01508-01516_part00319.json,git:MEOW-AND-GAV/reproduction (копия входа),https://drive.google.com/file/d/1eZJeT_p5xrTiYujH6Tc7woH4Eey3lFTz/view,,1710f89e56fc73d5b4d2e354494e484759f4cdd6bbd9840bcfe2be559a40d660,341707,2026-10-09 (handoff package),exported 2026-10-08,,Республика Башкортостан,,,,,full_file,,,,API_contract_observations,imported_via_research_db,223: supplied single collected export; 44: ONLY 135-record sample. No E-signature verification. INN missing. Not full national/regional totals.
processed_contracts_part_001,contracts_unique_eis_atmo_001.csv,reproduction/materials/contracts_unique_eis_atmo_001.csv,git:MEOW-AND-GAV/reproduction (копия входа),https://drive.google.com/file/d/1hzZmRPW-6RLUbYHdOpznM26EZW3CIYfj/view?usp=drivesdk,,a426fc42462eec7fb5d9f071497d0dac2a3428c2c7de2490af491f90d7a3933c,44667309,2026-10-09 (handoff package),2023-01/2026-10; event dates retained,,Республика Башкортостан,,,,,full_file,,,,processed_contract_exports,imported_via_research_db,Reuse supplied upstream canonical identity and source references; original 1381 XLSX files not independently reprocessed in this run. Some registry identities remain unconfirmed.
processed_contracts_part_002,contracts_unique_eis_atmo_002.csv,reproduction/materials/contracts_unique_eis_atmo_002.csv,git:MEOW-AND-GAV/reproduction (копия входа),https://drive.google.com/file/d/1zvxrgaPj0nwmfuamW2geF76-nEzSoyjz/view?usp=drivesdk,,9e2b671e101a97847305e21224e9fcdb860f1f03aef2d4a33af14f84c1a4c6ab,48141515,2026-10-09 (handoff package),2023-01/2026-10; event dates retained,,Республика Башкортостан,,,,,full_file,,,,processed_contract_exports,imported_via_research_db,Reuse supplied upstream canonical identity and source references; original 1381 XLSX files not independently reprocessed in this run. Some registry identities remain unconfirmed.
processed_contracts_part_003,contracts_unique_eis_atmo_003.csv,reproduction/materials/contracts_unique_eis_atmo_003.csv,git:MEOW-AND-GAV/reproduction (копия входа),https://drive.google.com/file/d/17ObC6sDUNaiR5NTVlcwxPfgNrAnt_Vnp/view?usp=drivesdk,,1da24e2c2ce44e1951f9a838b35da2562383c4acb928a1c12af2450c0aa6ba0b,45422955,2026-10-09 (handoff package),2023-01/2026-10; event dates retained,,Республика Башкортостан,,,,,full_file,,,,processed_contract_exports,imported_via_research_db,Reuse supplied upstream canonical identity and source references; original 1381 XLSX files not independently reprocessed in this run. Some registry identities remain unconfirmed.
processed_contracts_part_004,contracts_unique_eis_atmo_004.csv,reproduction/materials/contracts_unique_eis_atmo_004.csv,git:MEOW-AND-GAV/reproduction (копия входа),https://drive.google.com/file/d/1WxvfvZP98TqM5o7cHAXILJ-G-zSk6rha/view?usp=drivesdk,,800eac6b5f5b59d8c739e4f4545d72e66357931ad16da235e190bd706454906e,47185658,2026-10-09 (handoff package),2023-01/2026-10; event dates retained,,Республика Башкортостан,,,,,full_file,,,,processed_contract_exports,imported_via_research_db,Reuse supplied upstream canonical identity and source references; original 1381 XLSX files not independently reprocessed in this run. Some registry identities remain unconfirmed.
processed_contracts_part_005,contracts_unique_eis_atmo_005.csv,reproduction/materials/contracts_unique_eis_atmo_005.csv,git:MEOW-AND-GAV/reproduction (копия входа),https://drive.google.com/file/d/1QEnGfo55DxkcdnIooTR5oLJXXKe9Vt7r/view?usp=drivesdk,,b49a05a49e4a3b36eaf02e35e7e13a520f865d75bba56f757d9a3a38345032a2,45991260,2026-10-09 (handoff package),2023-01/2026-10; event dates retained,,Республика Башкортостан,,,,,full_file,,,,processed_contract_exports,imported_via_research_db,Reuse supplied upstream canonical identity and source references; original 1381 XLSX files not independently reprocessed in this run. Some registry identities remain unconfirmed.
processed_contracts_part_006,contracts_unique_eis_atmo_006.csv,reproduction/materials/contracts_unique_eis_atmo_006.csv,git:MEOW-AND-GAV/reproduction (копия входа),https://drive.google.com/file/d/1yabpX9FlYB9XOFWZYw0CufHCXEMKzBNo/view?usp=drivesdk,,e7e0974a57bc5b0bd35f06367e0b8ce23c4737a547bb801874691abe5c3cc5e6,49210404,2026-10-09 (handoff package),2023-01/2026-10; event dates retained,,Республика Башкортостан,,,,,full_file,,,,processed_contract_exports,imported_via_research_db,Reuse supplied upstream canonical identity and source references; original 1381 XLSX files not independently reprocessed in this run. Some registry identities remain unconfirmed.
processed_contracts_part_007,contracts_unique_eis_atmo_007.csv,reproduction/materials/contracts_unique_eis_atmo_007.csv,git:MEOW-AND-GAV/reproduction (копия входа),https://drive.google.com/file/d/1U3igX1T-bBbm2rInz0hTH0eRvJv_DSwD/view?usp=drivesdk,,3dfecbd456c242b175186215d9fff7d68d0c55eb58ed7abd287e08a685e86bff,45836491,2026-10-09 (handoff package),2023-01/2026-10; event dates retained,,Республика Башкортостан,,,,,full_file,,,,processed_contract_exports,imported_via_research_db,Reuse supplied upstream canonical identity and source references; original 1381 XLSX files not independently reprocessed in this run. Some registry identities remain unconfirmed.
processed_contracts_part_008,contracts_unique_eis_atmo_008.csv,reproduction/materials/contracts_unique_eis_atmo_008.csv,git:MEOW-AND-GAV/reproduction (копия входа),https://drive.google.com/file/d/1sY8RthT5dD26kVh_x4SnsmFQ4If7jhCV/view?usp=drivesdk,,e3bd804c19a33717fdee9e7981ae198ed8a34810744a2620075195109eab69cf,8884703,2026-10-09 (handoff package),2023-01/2026-10; event dates retained,,Республика Башкортостан,,,,,full_file,,,,processed_contract_exports,imported_via_research_db,Reuse supplied upstream canonical identity and source references; original 1381 XLSX files not independently reprocessed in this run. Some registry identities remain unconfirmed.
trade_xlsx,Торги (1)(1).xlsx,reproduction/materials/Торги (1)(1).xlsx,git:MEOW-AND-GAV/reproduction (копия входа),supplied stored export Торги (1)(1).xlsx,,2a34d7f950627ebf65083b3575f50a42847d0e29b6de61af620798c88e9e3e60,2805638,2026-10-09 (handoff package),read metadata/data dates in workbook,,Республика Башкортостан,,,,,full_file,,,,procurement_notice_export,imported_via_research_db,"Announcements/lots, not contract table. Never add notice amounts to signed contract amounts."
research_db_20261009,econtypes_research_20261009.sqlite,econtypes_research_20261009.sqlite,git LFS MEOW-AND-GAV,,,9a4758254578d007e536c8520a4b0965aba4433ceeee6ce5c4b2ca306eab1a5e,538398720,2026-10-09T12:09:19+00:00,mixed (см. исходные source_id),,,,,,,,,,,seed_database,verified_sha256,Используется только как источник нормализации; сам не изменяется.
vpn2020_age_mo,Население по возрастным группам и полу по  муниципальным районам  и городским округам РБ.xlsx,econtypes_v5/external/rosstat_drive/Население по возрастным группам и полу по  муниципальным районам  и городским округам РБ.xlsx,git:MEOW-AND-GAV/econtypes_v5/external + Google Drive пользователя,https://drive.google.com/file/d/1GzunSbpTPQOr1cmk9OJviqPDVY8OcZrv/view,1GzunSbpTPQOr1cmk9OJviqPDVY8OcZrv,57e1f851dbfb5e2b9a62cb8de4a51c276d20d1bf7a0fd326792350a01c951746,185897,2026-10-09T10:46:35+00:00,2021-10-01,не указана в файле (Башкортостанстат); дата загрузки ≠ период наблюдения,"Республика Башкортостан, МО (ЗАТО Межгорье отдельно не публикуется)",persons,МО×5-летняя группа,,Росстат/Башкортостанстат: при опубликовании ссылка обязательна,full_table,,,,official_statistics,downloaded_original_bytes,
rosstat_edn_mo_2024,Estestvennoe-dvizhenie-naseleniya-municipalnyh-obrazovanij-RB-yanvar-dekabr-2024.pdf,econtypes_v5/external/rosstat_drive/Estestvennoe-dvizhenie-naseleniya-municipalnyh-obrazovanij-RB-yanvar-dekabr-2024.pdf,git:MEOW-AND-GAV/econtypes_v5/external + Google Drive пользователя,https://drive.google.com/file/d/1KQJtGta35zzPNSJw74dFxi11yXfzDCQu/view,1KQJtGta35zzPNSJw74dFxi11yXfzDCQu,31d145b2be3531fb06bd6cdf14ce1689bf626bc9ca6d4ec6a00f3edddd784169,433117,2026-10-09T10:46:54+00:00,"2023-01/2024-12 (годовые итоги, оперативные данные)",не указана в файле (Башкортостанстат); дата загрузки ≠ период наблюдения,"Республика Башкортостан, МО (ЗАТО Межгорье отдельно не публикуется)",persons; per 1000,МО×год,,Росстат/Башкортостанстат: при опубликовании ссылка обязательна,full_table,,,,official_statistics,downloaded_original_bytes,
rosstat_migr_mo_2018_2023,Dinamika-koefficientov-migracionnogo-prirosta-(ubyli)-naseleniya-municipalnyh-obrazovanij-Respubliki-Bashkortostan.pdf,econtypes_v5/external/rosstat_drive/Dinamika-koefficientov-migracionnogo-prirosta-(ubyli)-naseleniya-municipalnyh-obrazovanij-Respubliki-Bashkortostan.pdf,git:MEOW-AND-GAV/econtypes_v5/external + Google Drive пользователя,https://drive.google.com/file/d/1swwk_nawnj8JqxHxAnf7gly8aFBjBF42/view,1swwk_nawnj8JqxHxAnf7gly8aFBjBF42,180906bb37b350950ce96a1f261c0b1fcf385ede07a00728b9a3217677de6093,373502,2026-10-09T10:46:54+00:00,2018–2023,не указана в файле (Башкортостанстат); дата загрузки ≠ период наблюдения,"Республика Башкортостан, МО (ЗАТО Межгорье отдельно не публикуется)",per 10000,МО×год,,Росстат/Башкортостанстат: при опубликовании ссылка обязательна,full_table,,,,official_statistics,downloaded_original_bytes,по МО 2018–2021 без учёта ВПН-2020 (сноска таблицы)
rosstat_migr_mo_2024,Koefficient-migracionnogo-prirosta(ubyli)-naseleniya-Respubliki-Bashkortostan-12-2024_1044551.pdf,econtypes_v5/external/rosstat_drive/Koefficient-migracionnogo-prirosta(ubyli)-naseleniya-Respubliki-Bashkortostan-12-2024_1044551.pdf,git:MEOW-AND-GAV/econtypes_v5/external + Google Drive пользователя,https://drive.google.com/file/d/1MfQqQWpr4UB4ywt722YpeFd9PzYZ5n1s/view,1MfQqQWpr4UB4ywt722YpeFd9PzYZ5n1s,0528ff685666eaf42d6ef13dcd77af1c059afb6e443350627e6ce707ab5c5bdf,213313,2026-10-09T10:46:54+00:00,2023-01/2024-12,не указана в файле (Башкортостанстат); дата загрузки ≠ период наблюдения,"Республика Башкортостан, МО (ЗАТО Межгорье отдельно не публикуется)",per 10000,МО×год,,Росстат/Башкортостанстат: при опубликовании ссылка обязательна,full_table,,,,official_statistics,downloaded_original_bytes,
vpn2020_livelihood_mo,8. Население муниципальных районов и городских округов РБ по основному источнику средств к существованию.doc,econtypes_v5/external/rosstat_drive/8. Население муниципальных районов и городских округов РБ по основному источнику средств к существованию.doc,git:MEOW-AND-GAV/econtypes_v5/external + Google Drive пользователя,https://drive.google.com/file/d/1XscuMEOMa90BivpmKkjjJSAxKm9i1xzP/view,1XscuMEOMa90BivpmKkjjJSAxKm9i1xzP,22f03484a5bd79c798ee4ef7e49c7d1cc68fe10bc24bdb7cef1fbb5c5a21be95,264704,2026-10-09T10:46:54+00:00,2021-10-01 (критический момент ВПН-2020),не указана в файле (Башкортостанстат); дата загрузки ≠ период наблюдения,"Республика Башкортостан, МО (ЗАТО Межгорье отдельно не публикуется)",persons,МО,,Росстат/Башкортостанстат: при опубликовании ссылка обязательна,full_table,,,,official_statistics,downloaded_original_bytes,значения взяты из транскрипции census2020_main_livelihood_mo.md
vpn2020_education_mo,"Население по возрасту, полу и уровню образования по  муниципальным районам  и городским округам РБ .xlsx","econtypes_v5/external/rosstat_drive/Население по возрасту, полу и уровню образования по  муниципальным районам  и городским округам РБ .xlsx",git:MEOW-AND-GAV/econtypes_v5/external + Google Drive пользователя,https://drive.google.com/file/d/1l02rqdj_qwRsHxOxxMd9j1Q0CT9Egtg0/view,1l02rqdj_qwRsHxOxxMd9j1Q0CT9Egtg0,3e022be628ecc8c3b08007f7249e7cade8da62382ec76b75277c0f94c951cf10,1378861,2026-10-09T10:46:54+00:00,2021-10-01,не указана в файле (Башкортостанстат); дата загрузки ≠ период наблюдения,"Республика Башкортостан, МО (ЗАТО Межгорье отдельно не публикуется)",persons (6 лет и старше),МО,,Росстат/Башкортостанстат: при опубликовании ссылка обязательна,full_table,,,,official_statistics,downloaded_original_bytes,
rosstat_bdpmo_perechen_2025,Perechen-pokazatelej-dlya-zagruzki-v-BD-PMO_2025.pdf,econtypes_v5/external/rosstat_drive/Perechen-pokazatelej-dlya-zagruzki-v-BD-PMO_2025.pdf,git:MEOW-AND-GAV/econtypes_v5/external + Google Drive пользователя,https://drive.google.com/file/d/1cTb8kUeNA18P2G4sx-n0IX6Akhr7eGll/view,1cTb8kUeNA18P2G4sx-n0IX6Akhr7eGll,9ec65e9bd185089678fe04c0cce82d9fc2910986193c9b593bc893485def4ca5,882361,2026-10-09T10:46:54+00:00,перечень 2025 (не наблюдения),не указана в файле (Башкортостанстат); дата загрузки ≠ период наблюдения,"Республика Башкортостан, МО (ЗАТО Межгорье отдельно не публикуется)",,справочник показателей,,Росстат/Башкортостанстат: при опубликовании ссылка обязательна,full_table,,,,official_statistics,downloaded_original_bytes,
vpn2020_livelihood_mo_transcript,census2020_main_livelihood_mo.md,econtypes_v5/external/rosstat_drive/census2020_main_livelihood_mo.md,git,,,457eb8e7c26013b7c7f69d6472d76f9432573e367d43110850982e9e1d5ac3c1,15782,2026-10-09T12:09:19+00:00,2021-10-01,,,,,,,,,,,transcription,derived_from_original,Транскрипция текстового представления Drive исходного .doc (служебные строки удалены)
archive_features_raw_v4,features_raw_2023_2024.csv,reproduction/calculation_source/outputs/tables/features_raw_2023_2024.csv,git,,,54fec74fdafb5e2bd966c987193f4f59c69720aafb6d54c697b2aae1b7c8cd38,36660,2026-10-09 (handoff package),2023-01/2024-12 агрегат,,,,,,,,,,,archived_results,archived_derived,"Архивные 32 признака v4 (производные; исходные parquet СберИндекса/ЕИС отсутствуют). market_access, wage, emp_* — только отсюда."
archive_network_edges_v4,network_edges.csv,reproduction/calculation_source/outputs/tables/network_edges.csv,git,,,9992d74201924336d6c664ca9ee082de3efda6b1174bda2a250369054a628957,308824,2026-10-09 (handoff package),2023-01/2024-12,,,,,,,,,,,archived_results,archived_derived,"Рёбра слоёв v4 после kNN; fused — повторно разрежён для показа (310 рёбер), не расчётная W."
archive_clusters_v4,clusters_final.csv,reproduction/calculation_source/outputs/tables/clusters_final.csv,git,,,7a3e06a87ce0c82c27e154269e7f3eb2d3ec064f71f4ad1514e68d40ebc10d85,46389,2026-10-09 (handoff package),2023-01/2024-12,,,,,,,,,,,archived_results,archived_derived,Метки v4 (до исправлений).
archive_D_json_v4,D.json,reproduction/source/src/data/D.json,git,,,fb3aee2d49f6d753448f1f220f6e12c41d9d5ae9951d9baab245517eeb8a3778,549107,2026-10-09 (handoff package),2023-01/2024-12,,,,,,,,,,,archived_results,archived_derived,"Блок данных дашборда v4, SHA-1 d849169e…; помесячные траты на жителя 'sp' 63×24, геометрия МО."
