mo,analogs,benchmark,mixed_type,second_type
ГО Агидель,МР Калтасинский; ГО Нефтекамск; ГО Кумертау,МР Калтасинский,False,4
ГО Кумертау,ГО Салават; ГО Уфа; ГО Нефтекамск,ГО Салават,False,0
ГО Межгорье,МР Благоварский; МР Зилаирский; МР Мелеузовский,,False,0
ГО Нефтекамск,ГО Уфа; МР Ишимбайский; ГО Стерлитамак,ГО Уфа,False,0
ГО Октябрьский,ГО Уфа; МР Туймазинский; МР Белебеевский,ГО Уфа,False,0
ГО Салават,ГО Уфа; ГО Кумертау; ГО Стерлитамак,ГО Уфа,False,0
ГО Сибай,ГО Октябрьский; ГО Уфа; МР Хайбуллинский,ГО Октябрьский,False,3
ГО Стерлитамак,ГО Уфа; ГО Салават; МР Ишимбайский,ГО Уфа,False,2
ГО Уфа,ГО Стерлитамак; ГО Нефтекамск; ГО Октябрьский,,False,2
МР Абзелиловский,МР Баймакский; МР Бурзянский; МР Зианчуринский,МР Салаватский,False,4
МР Альшеевский,МР Белебеевский; МР Буздякский; МР Белорецкий,МР Белебеевский,False,5
МР Архангельский,МР Нуримановский; МР Кармаскалинский; МР Мишкинский,МР Нуримановский,False,3
МР Аскинский,МР Балтачевский; МР Караидельский; МР Татышлинский,МР Татышлинский,False,3
МР Аургазинский,МР Чекмагушевский; МР Миякинский; МР Стерлибашевский,МР Чекмагушевский,False,1
МР Баймакский,МР Абзелиловский; МР Бурзянский; МР Кугарчинский,МР Дуванский,False,6
МР Бакалинский,МР Мишкинский; МР Кигинский; МР Архангельский,МР Кигинский,True,5
МР Балтачевский,МР Аскинский; МР Караидельский; МР Татышлинский,МР Аскинский,False,5
МР Белебеевский,ГО Октябрьский; ГО Кумертау; ГО Салават,ГО Октябрьский,False,6
МР Белокатайский,МР Кигинский; МР Дуванский; МР Мечетлинский,МР Дуванский,False,4
МР Белорецкий,МР Учалинский; ГО Кумертау; МР Салаватский,МР Учалинский,False,6
МР Бижбулякский,МР Ермекеевский; МР Федоровский; МР Стерлибашевский,,False,1
МР Бирский,ГО Стерлитамак; ГО Октябрьский; ГО Нефтекамск,ГО Стерлитамак,False,4
МР Благоварский,МР Буздякский; МР Миякинский; ГО Межгорье,,False,3
МР Благовещенский,МР Чишминский; МР Иглинский; МР Краснокамский,,False,6
МР Буздякский,МР Благоварский; МР Чекмагушевский; МР Альшеевский,МР Благоварский,False,3
МР Бураевский,МР Хайбуллинский; ГО Межгорье; МР Татышлинский,МР Хайбуллинский,False,1
МР Бурзянский,МР Зилаирский; МР Баймакский; МР Зианчуринский,МР Зилаирский,False,3
МР Гафурийский,МР Кугарчинский; МР Зианчуринский; МР Бурзянский,,False,5
МР Давлекановский,МР Кармаскалинский; МР Иглинский; МР Белебеевский,МР Иглинский,False,0
МР Дуванский,МР Белокатайский; ГО Нефтекамск; МР Баймакский,ГО Нефтекамск,False,6
МР Дюртюлинский,МР Туймазинский; МР Ишимбайский; ГО Нефтекамск,МР Туймазинский,False,6
МР Ермекеевский,МР Бижбулякский; МР Миякинский; МР Благоварский,МР Благоварский,False,1
МР Зианчуринский,МР Кугарчинский; МР Мелеузовский; МР Бурзянский,МР Кугарчинский,False,3
МР Зилаирский,МР Хайбуллинский; МР Бурзянский; МР Кугарчинский,МР Хайбуллинский,False,3
МР Иглинский,МР Уфимский; МР Чишминский; МР Кармаскалинский,МР Уфимский,False,6
МР Илишевский,ГО Уфа; МР Чишминский; МР Аургазинский,ГО Уфа,False,0
МР Ишимбайский,ГО Салават; ГО Нефтекамск; ГО Стерлитамак,ГО Салават,False,0
МР Калтасинский,ГО Агидель; МР Кушнаренковский; МР Шаранский,,False,5
МР Караидельский,МР Аскинский; МР Балтачевский; МР Мишкинский,МР Аскинский,False,3
МР Кармаскалинский,МР Давлекановский; МР Иглинский; МР Архангельский,МР Давлекановский,False,0
МР Кигинский,МР Мечетлинский; МР Белокатайский; МР Салаватский,МР Мечетлинский,False,4
МР Краснокамский,МР Янаульский; МР Благовещенский; МР Дюртюлинский,МР Благовещенский,False,5
МР Кугарчинский,МР Зианчуринский; МР Баймакский; МР Гафурийский,,False,5
МР Кушнаренковский,МР Калтасинский; МР Федоровский; МР Нуримановский,МР Калтасинский,False,3
МР Куюргазинский,МР Кармаскалинский; МР Ермекеевский; МР Архангельский,МР Калтасинский,False,3
МР Мелеузовский,ГО Уфа; ГО Стерлитамак; МР Учалинский,ГО Уфа,False,2
МР Мечетлинский,МР Кигинский; МР Белокатайский; МР Баймакский,МР Белокатайский,False,5
МР Мишкинский,МР Караидельский; МР Архангельский; МР Бакалинский,МР Караидельский,False,5
МР Миякинский,МР Благоварский; МР Ермекеевский; МР Стерлибашевский,МР Благоварский,False,3
МР Нуримановский,МР Архангельский; МР Караидельский; МР Федоровский,,False,3
МР Салаватский,МР Кигинский; МР Белорецкий; МР Аскинский,МР Белорецкий,False,4
МР Стерлибашевский,МР Миякинский; МР Бижбулякский; МР Аургазинский,МР Миякинский,False,1
МР Стерлитамакский,ГО Уфа; МР Чишминский; МР Уфимский,ГО Уфа,False,4
МР Татышлинский,МР Аскинский; МР Балтачевский; МР Хайбуллинский,МР Хайбуллинский,False,5
МР Туймазинский,ГО Октябрьский; ГО Уфа; ГО Нефтекамск,ГО Октябрьский,False,0
МР Уфимский,ГО Уфа; МР Иглинский; ГО Октябрьский,ГО Уфа,False,4
МР Учалинский,ГО Уфа; ГО Кумертау; МР Туймазинский,ГО Уфа,False,0
МР Федоровский,МР Кушнаренковский; МР Бижбулякский; МР Нуримановский,МР Кушнаренковский,False,3
МР Хайбуллинский,МР Зилаирский; ГО Сибай; МР Зианчуринский,,False,3
МР Чекмагушевский,МР Аургазинский; МР Буздякский; МР Дюртюлинский,МР Дюртюлинский,False,0
МР Чишминский,МР Иглинский; ГО Нефтекамск; ГО Уфа,ГО Нефтекамск,False,0
МР Шаранский,МР Калтасинский; МР Ермекеевский; МР Гафурийский,МР Калтасинский,False,5
МР Янаульский,МР Учалинский; МР Краснокамский; ГО Салават,МР Учалинский,False,4
