,2023Q1,2023Q2,2023Q3,2023Q4,2024Q1,2024Q2,2024Q3,2024Q4
ГО Агидель,0,6,2,6,6,5,4,4
ГО Кумертау,6,6,6,6,6,6,6,6
ГО Межгорье,3,2,2,4,2,2,2,2
ГО Нефтекамск,6,6,6,6,6,6,6,6
ГО Октябрьский,6,6,6,6,6,6,6,6
ГО Салават,6,6,6,6,6,6,6,6
ГО Сибай,6,6,6,6,6,6,6,6
ГО Стерлитамак,6,6,6,6,6,6,6,6
ГО Уфа,6,6,6,6,6,6,6,6
МР Абзелиловский,2,3,1,3,2,2,2,3
МР Альшеевский,0,0,0,0,0,0,0,0
МР Архангельский,2,3,3,1,3,3,3,3
МР Аскинский,1,1,1,2,1,1,1,1
МР Аургазинский,4,5,5,5,5,5,5,5
МР Баймакский,1,1,1,3,2,2,2,3
МР Бакалинский,3,2,2,1,3,3,3,3
МР Балтачевский,0,4,1,1,1,1,1,1
МР Белебеевский,0,0,6,6,6,0,0,0
МР Белокатайский,3,3,3,1,3,3,3,3
МР Белорецкий,0,0,0,2,0,0,2,2
МР Бижбулякский,3,5,5,5,5,5,5,5
МР Бирский,3,6,6,6,6,6,6,6
МР Благоварский,4,5,4,5,4,5,4,5
МР Благовещенский,0,0,0,0,0,0,0,0
МР Буздякский,5,5,5,5,5,5,5,5
МР Бураевский,3,2,2,2,0,1,1,2
МР Бурзянский,2,1,1,3,2,2,2,2
МР Гафурийский,1,1,1,3,2,2,2,3
МР Давлекановский,4,4,4,4,4,4,4,4
МР Дуванский,3,2,4,3,3,2,3,3
МР Дюртюлинский,0,6,0,0,0,6,6,6
МР Ермекеевский,5,5,5,5,5,5,5,5
МР Зианчуринский,2,3,3,3,2,2,2,3
МР Зилаирский,2,2,3,3,2,2,2,2
МР Иглинский,4,4,4,4,4,4,4,4
МР Илишевский,4,5,5,5,5,5,5,1
МР Ишимбайский,6,6,6,6,6,6,6,6
МР Калтасинский,5,1,2,2,0,3,1,1
МР Караидельский,2,3,3,1,1,1,1,1
МР Кармаскалинский,4,4,4,4,4,4,4,4
МР Кигинский,2,3,3,0,3,3,3,3
МР Краснокамский,0,0,0,0,0,0,0,0
МР Кугарчинский,2,3,3,3,2,2,2,3
МР Кушнаренковский,5,5,5,1,3,3,5,5
МР Куюргазинский,5,5,4,4,4,4,4,4
МР Мелеузовский,6,6,6,6,6,6,6,6
МР Мечетлинский,2,3,3,1,3,3,3,3
МР Мишкинский,1,1,1,1,1,3,3,1
МР Миякинский,5,5,5,5,5,5,5,5
МР Нуримановский,2,2,3,1,3,3,3,1
МР Салаватский,2,3,1,3,1,1,3,3
МР Стерлибашевский,1,5,5,5,5,5,5,5
МР Стерлитамакский,4,4,4,4,4,4,4,4
МР Татышлинский,1,1,2,2,0,0,1,2
МР Туймазинский,6,6,6,6,6,6,6,6
МР Уфимский,6,4,4,4,4,4,4,6
МР Учалинский,0,0,0,6,0,0,6,0
МР Федоровский,5,5,3,1,3,3,5,5
МР Хайбуллинский,2,2,2,2,0,0,1,2
МР Чекмагушевский,4,5,5,5,5,5,5,5
МР Чишминский,4,4,4,4,4,4,4,4
МР Шаранский,1,1,2,2,1,5,5,1
МР Янаульский,0,0,0,0,0,0,0,0
