mo,cluster,cluster_name,macro,macro_name,bootstrap_stability,quarter_switches,imputed_sber,proc_pc,proc_local_sh,proc_ufa_sh,proc_out_sh,proc_single_sh,supply_out_pc,okpd_construction_sh,okpd_health_sh,okpd_food_sh,okpd_utilities_sh,okpd_fuel_transport_sh,okpd_it_office_sh,spend_total,sh_Продовольствие,sh_Здоровье,sh_Общественное питание,sh_Маркетплейсы,sh_Транспорт,sh_прочее,urban_share,market_access,log_pop,birth_rate,death_rate,migr_rate,grants_pc,log_density,wage,emp_per_1000,emp_sh_industry,emp_sh_budget,emp_sh_agri
ГО Агидель,0,Западные промышленные районы,1,Западный и центральный аграрный пояс,0.428,5,False,3299.1686584899476,0.2806295418192287,0.23387034644824015,0.18934219661852325,0.04993087691905902,12592.422342748398,0.7055921660937683,0.010548959423969178,0.012344229026060614,0.047920872612016094,0.03504619111902361,0.014567768867797284,20240.625,0.4401684141593215,0.04627891188685882,0.03269510426965393,0.11914747041612303,0.04099131919361764,0.3207187800744251,1.0,319.2,9.527192821727743,6.3,13.4,-12.747668997668997,5226.838163971445,5.322500202336777,57591.649999999994,104.82226107226107,0.2428769979152189,0.4770674079221682,0.0
ГО Кумертау,6,Города и промышленные центры,2,Урбанизированное и промышленное ядро,0.845,0,False,5623.672214501251,0.2057438120401151,0.39087639282398917,0.17914590922381396,0.13097034989977466,640.625773003451,0.3253650838823552,0.09460166637727942,0.038133897820288525,0.06959385589472482,0.038917642931700094,0.02168337228686145,26095.75,0.3965908080111412,0.05495985559302348,0.04251563286889661,0.11273804097397902,0.060573276958687056,0.33262238559427254,0.9369674369919696,306.7,11.02097066195449,7.0,12.5,-3.5654122303452565,2275.201083116628,5.8851722249042275,54382.45,167.30451564365504,0.44093064177134755,0.3872134512928296,0.0
ГО Межгорье,2,"Горный юго-восток, связанный с соседними регионами",0,Восточная и северная периферия,0.788,3,True,3929.5237865081417,0.24148216167766662,0.26566708426070784,0.40124082288981533,0.21022710588628163,212.3454934253037,0.32822780399318946,0.06265929617138481,0.03959950379284373,0.09749736506567669,0.08962741916986067,0.07062998036716646,,,,,,,,1.0,,9.647045715820404,,,,4620.315058477643,,,,,,
ГО Нефтекамск,6,Города и промышленные центры,2,Урбанизированное и промышленное ядро,0.837,0,False,5008.0067463848045,0.2022806434203652,0.40722649546964573,0.23476041495250166,0.0757516763936912,1690.5280545201178,0.46422245364218384,0.07345987320500548,0.017607581836653313,0.04705948014912363,0.0241857723884351,0.017894553679262397,29313.583333333336,0.378716881359976,0.054575409173414226,0.06077289236885865,0.1002994880666933,0.06903843537066819,0.3365968936603897,0.9264305177111717,323.7,11.881712757352505,9.9,9.9,4.1217720853677084,906.720304741421,6.891280170573768,59168.399999999994,190.84288856000774,0.4678117809063072,0.27152977840589954,0.0
ГО Октябрьский,6,Города и промышленные центры,2,Урбанизированное и промышленное ядро,0.842,0,False,4161.059070930712,0.29611423235392076,0.2898160817192286,0.27973080917176785,0.1453209505890728,411.0749195203862,0.3481332015484354,0.10252924166894921,0.02025365098687935,0.11977125543575957,0.026461267066809607,0.036546317215100564,29515.833333333336,0.39495822922250945,0.050087343445257795,0.05625388288196002,0.1068296723684803,0.07055010944951948,0.321320762632273,1.0,338.4,11.665019746144086,9.2,10.4,2.4307076537229335,445.3247845431042,7.069899896009497,62525.95,188.26818521476977,0.553456967540318,0.25705422112730675,0.0
ГО Салават,6,Города и промышленные центры,2,Урбанизированное и промышленное ядро,0.824,0,False,4174.399572691686,0.2229047676272197,0.45161447198600124,0.16231235910324143,0.236125975478527,403.36765682008826,0.38556973192992977,0.07085245270907796,0.057772556747903304,0.11239838384516801,0.011049427951812829,0.03884135340281401,28996.5,0.3721713859019793,0.04876950055193625,0.06540239424133082,0.11209815378754219,0.06868427981862354,0.3328742856985879,1.0,313.8,11.895688145422199,6.6,11.9,0.7842709349191519,1061.1949202430558,7.232249051310132,68106.8,217.68974241814598,0.48177503485221096,0.25081060760326435,0.0
ГО Сибай,6,Города и промышленные центры,2,Урбанизированное и промышленное ядро,0.696,0,False,6744.35787139189,0.21071061932420096,0.3846261034856507,0.3170727547741193,0.18182787556792498,718.9478819948646,0.40879101644212673,0.11720236398826045,0.03421108207383815,0.07364687641870497,0.041265560917694816,0.06912776296824137,27213.541666666668,0.38922782090703606,0.05211645842246171,0.05887990660197828,0.09593878073622525,0.06574402729797259,0.3380930060343261,0.9895696830175315,288.3,10.941464802666882,9.2,11.7,-5.702142730653445,2625.0838808216754,5.9045122002532535,52067.350000000006,143.08482380024793,0.20922029702970296,0.5395420792079207,0.0
ГО Стерлитамак,6,Города и промышленные центры,2,Урбанизированное и промышленное ядро,0.856,0,False,5810.8644270348705,0.23808855930683454,0.433925433236715,0.2543429952182752,0.08310482951573647,703.4532243259287,0.44202895706036444,0.16272892967384933,0.014193157695245227,0.03939019526233238,0.07198599776057793,0.023006424510925657,29410.791666666668,0.375774412361174,0.05325548958546036,0.060538082768340044,0.09950885692909858,0.07331017679695064,0.3376129815589764,1.0,343.8,12.544318308700529,8.3,10.2,6.61326146090689,1171.1378539520922,7.843837942908112,59793.5,178.38336951910358,0.39745383324006717,0.3158126149172596,0.00048964745383324
ГО Уфа,6,Города и промышленные центры,2,Урбанизированное и промышленное ядро,0.845,0,False,4893.684553134071,0.6552653283705722,0.0,0.2585976274934296,0.11706224588585988,4755.216429593457,0.42888558225921614,0.06833641147181198,0.006763037894687959,0.07102375868879561,0.07372838612828536,0.041948259487001066,33670.833333333336,0.35018935841741317,0.05808961044597358,0.07441056603263241,0.10134522886786004,0.07441456295945953,0.3415506732766613,0.980272432723948,374.3,13.986699543667724,8.6,9.6,5.7840340772637076,0.0,7.424255449974004,80731.6,254.40269989003255,0.30558771263002915,0.30543534606256634,0.0017952756427136486
МР Абзелиловский,3,Бюджетная сельская периферия с молодым населением,0,Восточная и северная периферия,0.708,5,False,2797.8770600857147,0.2257165684197927,0.48369842644826533,0.14589366621818387,0.2697589296349388,590.8859364413523,0.5341237275877415,0.07186899194815587,0.0046730047666376385,0.1706919811659912,0.03975836760001951,0.03862720389917649,17777.416666666668,0.44136780842793144,0.04093220881622067,0.03839441054581909,0.0842751000740064,0.08079290874045314,0.3142375633955693,0.0,294.7,10.691558474606374,11.3,11.0,-8.32139690334902,3480.4139117386258,2.327749590089494,48459.95,130.5731759998181,0.07086888385861048,0.6090893261361657,0.03935225491903187
МР Альшеевский,0,Западные промышленные районы,1,Западный и центральный аграрный пояс,0.692,0,False,3624.2821371988966,0.22504175732886278,0.40402592974055784,0.12132732372092445,0.18223189231605985,233.9655623170869,0.3618645942605966,0.09356875647550368,0.0805974195681433,0.14131281802591372,0.03949854207245518,0.08031423367164572,19884.916666666664,0.4582259108183347,0.05264288043005726,0.031081477464724477,0.11305199769884962,0.06805906093379577,0.27693867265423816,0.0,324.0,10.478301546134208,8.4,16.3,-6.641152633948672,4086.253341681675,2.6905046679530376,55290.95,145.80988293561458,0.18411656856122743,0.4655022676831033,0.022869825340152465
МР Архангельский,4,Пригородный пояс Уфы,1,Западный и центральный аграрный пояс,0.577,3,False,4094.6642271003857,0.08527774346631256,0.592886715744149,0.1601633808103345,0.17933788395969003,229.52111488926334,0.5625199062580739,0.03135064085669503,0.013848494600720141,0.1539384784135545,0.019850985651340664,0.05010364820689212,20499.958333333332,0.46857324713311876,0.049448598021766196,0.017507021162180347,0.12357208527060184,0.05570988280555715,0.2851891656067757,0.0,316.6,9.718121365555948,11.7,18.4,-7.1617717862301395,5116.6673471352915,1.9257724414429107,43307.75,104.4475204622051,0.04062229904926534,0.6819360414866033,0.04868913857677903
МР Аскинский,1,Северная аграрная периферия,1,Западный и центральный аграрный пояс,0.834,2,False,5947.38988273625,0.23597535545244536,0.5523920520544634,0.11839215330605422,0.12098382161581836,603.9273563267884,0.6248045971831513,0.07847138212419967,0.0008458639224526082,0.07573394756176481,0.05160843935193334,0.03766110040017892,18947.083333333332,0.46619993055669906,0.051868036410410184,0.020550416260811583,0.10984919333787796,0.07037899308923318,0.28115343034496804,0.0,317.4,9.765259433252686,9.8,15.5,-14.640027557698932,6052.960575554025,1.9245529815032856,43477.55,127.85624067057067,0.03165693758419398,0.7168837000449034,0.013022002694207453
МР Аургазинский,5,Стареющие аграрные районы центра и юго-запада,1,Западный и центральный аграрный пояс,0.739,1,False,6107.730339793999,0.17885993736652678,0.5144390036149296,0.09471108645267226,0.1502431600089622,212.75962076150148,0.4644704714561751,0.03678388318880697,0.01708731323789366,0.09950710930673483,0.051469727502429174,0.011754468109005295,17130.833333333332,0.44534173905720864,0.06852822555240487,0.027381581945403008,0.09652954059344288,0.05943583455265396,0.3027830782988866,0.0,322.3,10.300819677414104,8.4,16.5,-14.31595927008771,3879.595652451524,2.692941604135596,43323.35,119.46768827502773,0.10042194092827005,0.49142053445850914,0.22531645569620254
МР Баймакский,3,Бюджетная сельская периферия с молодым населением,0,Восточная и северная периферия,0.726,3,False,4494.706749494372,0.10663951307596295,0.5243750482893674,0.1437552601766889,0.1170594192760106,172.2292692981142,0.5959298351595917,0.05345095011429592,0.07316067158516862,0.06997436518536826,0.03630546056751442,0.025687863014436246,20451.166666666668,0.40796774063164765,0.04863800881156414,0.05941823628913593,0.09136923063320498,0.08017670616817774,0.31243007746626955,0.32921964830802075,288.3,10.885547298181182,12.1,12.2,-13.427217738159891,2688.986517444147,2.249504972926563,44621.100000000006,106.79975280435963,0.08609503769945642,0.6451867438190426,0.007890583903208837
МР Бакалинский,3,Бюджетная сельская периферия с молодым населением,1,Западный и центральный аграрный пояс,0.294,3,False,2763.8820347700803,0.1566791033921438,0.4359571941625058,0.170054145233536,0.16172990304427115,247.49250352637733,0.4780447529238957,0.06475413720114546,0.07053996897613721,0.13325034821864976,0.05154486698369276,0.04678169214848195,19441.291666666668,0.48035076745832633,0.0511413465984701,0.020701596985997495,0.12237624584052946,0.06893972354321173,0.2564903195734648,0.0,333.9,10.119122988360017,8.3,15.8,-0.3627130939426913,4796.69358420989,2.543025647736905,39965.600000000006,110.28493128601941,0.03179243559291065,0.7593641512881418,0.0
МР Балтачевский,1,Северная аграрная периферия,1,Западный и центральный аграрный пояс,0.768,2,False,3327.1420087458655,0.25990397033848966,0.4368955168045025,0.09260402424042441,0.12474972649923774,309.65732627403713,0.6114541714828843,0.07890641015475622,0.0073542483138441805,0.10310838375731361,0.020708939782610992,0.03344719680910822,18362.0,0.4645615635192983,0.05286185874240205,0.023455633391291367,0.10099105934141467,0.07218897274500956,0.2859409122605841,0.0,320.2,9.789030230558303,8.4,15.8,-10.371699276784213,5717.430340584179,2.4125221042320835,42029.0,106.57621797387452,0.0,0.7188321935823251,0.04024197790636507
МР Белебеевский,0,Западные промышленные районы,2,Урбанизированное и промышленное ядро,0.773,2,False,2122.0184849386173,0.27302372787150886,0.4435265554144121,0.12510645072579135,0.18142475407266895,588.107429009876,0.431217730034726,0.0579662587552386,0.10644731464312776,0.11474733064513463,0.022887071671897193,0.0240268193455384,27456.083333333332,0.4037080896837364,0.05561243889844093,0.0427241482248161,0.11515529203393468,0.0613680370354556,0.3214319941236163,0.821011181536777,327.7,11.461400564816765,6.4,11.7,-3.811408957863926,1391.6682535429259,3.9060186205764915,53560.45,162.45341026342945,0.457597459412165,0.3342298843125182,0.011730775462587899
МР Белокатайский,3,Бюджетная сельская периферия с молодым населением,0,Восточная и северная периферия,0.717,2,False,3271.6945083194196,0.24342605921614363,0.4391958607735648,0.20644437616398098,0.16814079709990937,536.1794793885658,0.5772143478166061,0.04392876486717973,0.029372654291960072,0.12237305898484228,0.021548345571652416,0.0678526518775466,21513.208333333332,0.38965038812136155,0.05308413384516912,0.018269876188361747,0.12020968148810679,0.06774048178839226,0.3510454385686086,0.0,307.7,9.762442287054013,9.6,14.6,-7.196729805976164,7210.342055961771,1.743816822008264,47596.5,115.26282457251425,0.02972027972027972,0.6598401598401599,0.01848151848151848
МР Белорецкий,2,"Горный юго-восток, связанный с соседними регионами",0,Восточная и северная периферия,0.644,3,False,4088.389573053707,0.18648439098809227,0.46011857216151425,0.20390424350020084,0.1702474241928687,119.7788258912449,0.3556767064423632,0.16939159974789106,0.030514710310273318,0.11668772542553703,0.04370027294488534,0.03356511788078745,26245.458333333332,0.432277250595669,0.05082176575409536,0.0388645232728401,0.10269317499254049,0.07309830883749373,0.30224497654736127,0.6577206830727957,302.2,11.481589584660375,9.6,14.7,-4.7464272816385495,2331.21151498736,2.144969046773863,52441.45,217.21095805602846,0.4343499121181892,0.3540686903235001,0.00845565531328678
МР Бижбулякский,5,Стареющие аграрные районы центра и юго-запада,1,Западный и центральный аграрный пояс,0.448,1,False,2917.479141031454,0.15068450891611015,0.5226615840887295,0.17145226003341182,0.1466080378395601,345.84848980955564,0.599429052125672,0.06404502063278983,0.019026520552689677,0.08907829084733372,0.027885081735713815,0.042861389247457304,19798.375,0.4680831200214005,0.05878792531876627,0.030573684014982668,0.10677783618210268,0.06723666460285634,0.26854076985989156,0.0,323.0,9.949941656908011,7.2,15.4,-11.359839625793517,3505.104177127584,2.2841882250463135,46924.149999999994,118.01345997804401,0.17815975733063702,0.5737108190091001,0.02082912032355915
МР Бирский,6,Города и промышленные центры,2,Урбанизированное и промышленное ядро,0.8,1,False,4436.260957557988,0.14295413964438541,0.4930459989439254,0.2335806069430979,0.12555383661443426,1719.60651147565,0.47375920638863883,0.08305723439608104,0.037354683639295436,0.06983389576106784,0.009174565473147508,0.029203520280646753,25908.791666666668,0.4122832492358083,0.048500817560008444,0.05236632021716166,0.10932074642303824,0.07209280976609836,0.30543605679788494,0.7292527408178535,327.0,11.026434666219032,8.6,12.9,-1.935651777871759,2348.5817197208758,3.5381411510596035,47335.95,110.57614105859007,0.15526625478081788,0.5862753751103266,0.029788172992056487
МР Благоварский,5,Стареющие аграрные районы центра и юго-запада,1,Западный и центральный аграрный пояс,0.656,7,False,2480.7955399371067,0.055936659097677845,0.421847995480713,0.1859975689013894,0.2057330152718327,294.8754181341719,0.46851015221108744,0.06647022531534266,0.026192544323269687,0.12263332183642105,0.05891070491613117,0.07342107962091018,20011.375,0.47966288874132146,0.05339839179661261,0.025417796617521787,0.10732641685868949,0.057531293568391456,0.2766632124174632,0.0,329.2,10.079539496316487,8.8,11.8,-9.056603773584905,3949.9878165618447,2.648239821160585,52528.85,127.90356394129978,0.0932633994427143,0.46369447631535815,0.21471889854122275
МР Благовещенский,0,Западные промышленные районы,2,Урбанизированное и промышленное ядро,0.75,0,False,3521.388428763496,0.05642364439557102,0.6580121089585248,0.14697630027011874,0.17382730092687274,333.6168153711154,0.52865813212455,0.051250655218586905,0.040689347110171026,0.14808626813451445,0.03164849381753153,0.034807853561910115,27866.666666666668,0.42129146709413096,0.053618234576541926,0.045853128087674506,0.11583785545029171,0.05708862076916506,0.3063106940221958,0.7233055544152058,328.0,10.793803850638048,9.3,12.6,-5.501046841003325,1580.70972648713,3.0427587326662455,69499.45,190.82269387084855,0.5159468617221535,0.25482708546227073,0.037756144785672026
МР Буздякский,5,Стареющие аграрные районы центра и юго-запада,1,Западный и центральный аграрный пояс,0.632,0,False,2013.8724815684964,0.15178233679236142,0.4993018193810237,0.06616006552177717,0.1426266553161332,192.98963220548916,0.5281880189469553,0.08935636432948085,0.08202333850892217,0.10434898585400011,0.05111207696035419,0.016081085809501808,20296.791666666668,0.47008465665798477,0.052388170265185996,0.028183560178093515,0.10402366076855232,0.07180461609615434,0.27351533603402906,0.0,331.8,10.14376350259064,6.7,14.5,-3.7354513998112613,3984.4801446995907,2.7455894096201736,48398.4,116.91962881409249,0.03278964183621994,0.5221119892382714,0.1705061375483437
МР Бураевский,2,"Горный юго-восток, связанный с соседними регионами",0,Восточная и северная периферия,0.779,4,False,9894.330950395874,0.08693142893894948,0.3684186971647143,0.40978469859546957,0.1053885307647837,91.24934446976967,0.6279627176336209,0.06321090714631201,0.0028535039646739088,0.07202355254644899,0.08984808232535818,0.026186287532579205,19308.708333333332,0.46854987848106644,0.04674150723193869,0.021289372175258732,0.11086999552080654,0.07554710253709551,0.2770021440538341,0.0,325.1,9.944629495867304,7.3,19.5,-5.758157389635317,5246.525205374281,2.4535419023324274,61006.2,162.42802303262957,0.617725258493353,0.3784342688330872,0.021122599704579026
МР Бурзянский,2,"Горный юго-восток, связанный с соседними регионами",0,Восточная и северная периферия,0.763,3,False,2292.8003449387493,0.2511688525725038,0.3211030328384654,0.24473342810532428,0.18837660962487102,107.9007561836938,0.5295928005353457,0.04812145461355349,0.016176419659895254,0.08803508407904567,0.10533651913764322,0.0422346784025032,18663.5,0.44883607329318964,0.0494864141161951,0.02986991278508099,0.10487598968801637,0.08676844330743556,0.28016316681008235,0.0,295.4,9.74455043597491,13.8,9.8,-17.935642693863198,6775.747256315573,1.3452402852153889,35888.850000000006,133.49158900416154,0.038419319429198684,0.6864983534577388,0.0
МР Гафурийский,3,Бюджетная сельская периферия с молодым населением,0,Восточная и северная периферия,0.394,3,False,3707.332694580864,0.21535940377057383,0.42719490100685575,0.16147213154532641,0.18071079533168002,1834.3559900508044,0.4760139572562544,0.03621838809554058,0.023480733172986393,0.115134973774569,0.07472769676377218,0.04384299933788866,19924.0,0.4578850660442476,0.05379146631768598,0.019925350712611884,0.09610804358073148,0.07597993608513008,0.296310137259593,0.0,312.2,10.292992641065563,10.3,16.2,-10.872142252328535,5264.395442675698,2.274037957909845,44408.1,113.3276883996613,0.0639569635385535,0.7567244471010162,0.015092647937836223
МР Давлекановский,4,Пригородный пояс Уфы,1,Западный и центральный аграрный пояс,0.719,0,False,3915.2639138549134,0.25569609421779993,0.49741480670878807,0.15965068205473368,0.2910099505933198,1796.4453304161393,0.45045794241149184,0.06203752077234115,0.020957665122845477,0.1308639103709996,0.03872870164620949,0.05281460177567827,22658.416666666668,0.43592852468158777,0.04743900227986063,0.03645249986051401,0.12532360217660773,0.05692511941679125,0.2979312515846386,0.5955293125263602,325.1,10.479117287167616,8.7,15.7,-10.656544355405597,2424.676480669197,2.9258306815671964,45218.05,125.55883593420496,0.2942559623782331,0.47016011644832606,0.013212406225506661
МР Дуванский,3,Бюджетная сельская периферия с молодым населением,0,Восточная и северная периферия,0.716,5,False,5326.326453902439,0.27266051466602864,0.42084675825357587,0.17979993886062876,0.12864646407235475,802.7147292276424,0.4273903443940504,0.0834783146657843,0.02758624114862874,0.10176966653001894,0.048212275847161555,0.02812172757620353,22656.5,0.38459208052471117,0.04805001081461936,0.02879070703652625,0.11166072595243395,0.07322063830106118,0.353685837370648,0.0,306.3,10.333645273234664,9.6,11.4,-0.7479674796747967,2770.0859406504064,2.249391166927346,46873.65,139.65853658536588,0.1780183956223076,0.5526836651531029,0.07404820118756548
МР Дюртюлинский,0,Западные промышленные районы,2,Урбанизированное и промышленное ядро,0.785,3,False,4660.805063979621,0.13081122054390912,0.6328987978965807,0.12294575255974129,0.17515907426777616,183.24168340965545,0.4745757720250996,0.06929693665052565,0.04510984113567749,0.12744366508959154,0.02194688162479898,0.025342796213635974,24769.916666666668,0.4086328056456777,0.05309287552672176,0.04292961145474572,0.1011324173726948,0.06755381130654042,0.3266584786936195,0.5249666266750029,331.3,10.988322028210893,8.6,11.6,-5.458017202048024,2879.1868615556195,3.553474152998894,52136.95,141.20718498115886,0.19966493149045653,0.44181176329803146,0.06827020881948184
МР Ермекеевский,5,Стареющие аграрные районы центра и юго-запада,1,Западный и центральный аграрный пояс,0.756,0,False,2871.9063330781546,0.1830392630799841,0.4624338886591898,0.1338290708680609,0.20974159365961337,608.0857798907371,0.5377757902457981,0.05056063164830872,0.017571219303389417,0.13628712378506705,0.048184660788457026,0.058477435664157196,18501.291666666668,0.4692996568215448,0.06246633550771819,0.025760796189729953,0.11246157635590222,0.05693805607256593,0.27307357905253893,0.0,330.3,9.572828387229206,6.1,14.5,-13.710070290208087,5766.4222291043225,2.302515501150182,52353.15,,,,
МР Зианчуринский,2,"Горный юго-восток, связанный с соседними регионами",0,Восточная и северная периферия,0.59,3,False,3543.093066645995,0.20409852632783057,0.442823547393032,0.17992812298674127,0.2083758774783852,378.9967173666652,0.5255376682504004,0.04960481553869857,0.005363911199641139,0.17318562175821434,0.09306246551156622,0.0579970428854143,20444.625,0.4174245837125388,0.0489364882813671,0.0306313905920226,0.10755074594361089,0.07970579250518543,0.31575099896527514,0.0,296.6,10.059679005711038,10.5,14.8,-17.49283606347034,6137.92446559172,1.9453542965556994,40725.45,113.66066464223087,0.02916274694261524,0.6541862652869238,0.09576669802445908
МР Зилаирский,2,"Горный юго-восток, связанный с соседними регионами",0,Восточная и северная периферия,0.823,2,False,2374.533286048064,0.1972892653082649,0.3053955305089488,0.2686650551683023,0.1310082428915073,196.77634029583305,0.5507140464222076,0.013687440470333661,0.03661581630688292,0.09244284111529269,0.0987081435152567,0.05334299681895372,20289.833333333332,0.43107237755850647,0.05132874799848455,0.029577401945834997,0.12967250039335085,0.07936754162175684,0.27898143048206625,0.0,290.4,9.56317796268366,7.8,14.3,-16.513245731150306,7143.981126765511,0.9020576024607796,42496.2,121.9872110181997,0.0,0.6846198156682027,0.048099078341013825
МР Иглинский,4,Пригородный пояс Уфы,2,Урбанизированное и промышленное ядро,0.678,0,False,3690.837251209581,0.06612771599093531,0.5228249006088087,0.10643004218125715,0.1938900913100559,1979.3938118152153,0.4935423917006174,0.030851450024287214,0.012822829481926635,0.11687782180600857,0.0375038913290532,0.0545097601444702,26401.375,0.43370330415426006,0.042661449524232176,0.036747207849654434,0.12140633548989245,0.06940800273424604,0.29607370024771484,0.0,328.2,11.171828550994814,10.3,11.8,13.024093165867312,2935.76737324013,3.3655392617277813,60881.899999999994,74.80414633117202,0.04409137914825609,0.5561718529660619,0.008084986368336938
МР Илишевский,5,Стареющие аграрные районы центра и юго-запада,1,Западный и центральный аграрный пояс,0.448,2,False,3721.986208600559,0.3790765442360168,0.4189184485806998,0.08754182734680048,0.18790792570536144,1775.949121279395,0.5855916297645672,0.058505863296575214,0.039522459304601514,0.07324745984673235,0.05459531751831965,0.01196468644286949,18882.916666666668,0.4516688453698309,0.05442261245785046,0.02626100321865277,0.11063080132890746,0.0663843357747464,0.29063240185001205,0.0,332.5,10.32236234755421,8.3,13.2,-4.900509784574906,4956.635835388916,2.734545127560783,55789.100000000006,145.8806117414899,0.19659564874309549,0.5008454514710856,0.07597790553488896
МР Ишимбайский,6,Города и промышленные центры,2,Урбанизированное и промышленное ядро,0.818,0,False,4954.6061808753675,0.1676567010998469,0.47696929105262753,0.1858985728589976,0.12115195137650757,882.782588865916,0.5782443349335907,0.044058258840136255,0.049894603213110435,0.09836687074529163,0.04269093530028112,0.03562029567856219,29190.833333333336,0.3807777760450576,0.052657090208599815,0.049297230974993035,0.10565037308585364,0.06199083503905052,0.34962669464644547,0.7555576987992477,315.0,11.325969184417731,7.9,14.4,-4.267734002025366,2929.8113061797753,3.0057645868388523,57089.7,154.8439986497565,0.39364683899096853,0.3846932419806914,0.00354251012145749
МР Калтасинский,1,Северная аграрная периферия,1,Западный и центральный аграрный пояс,0.447,5,False,7253.857373169518,0.29690285805497635,0.3591134888604701,0.11158428699293069,0.13098428799921508,185.63302438273067,0.4720707404779891,0.05093855492449089,0.004042264278381204,0.08803526465253084,0.03485108472773582,0.018112831107214577,19276.791666666664,0.48709347599742053,0.04909699999226942,0.021749772052002344,0.10783446543223563,0.05047271613634778,0.2837525703897243,0.0,320.4,9.957075711706057,8.1,17.2,-12.132126439505235,5374.199793137766,2.631268209110284,61364.8,147.17311975735748,0.2188053453550153,0.44308484946063437,0.03735308323941394
МР Караидельский,1,Северная аграрная периферия,1,Западный и центральный аграрный пояс,0.752,2,False,5768.94939807401,0.16021901388723866,0.6059087225140267,0.07952251253331637,0.14652623639824847,363.36165959748973,0.6000680952992752,0.07923713092796478,0.002003157603206616,0.10750240081303777,0.05111681244507035,0.034324840929398207,19867.625,0.4202212651309254,0.04951628224575964,0.02901319874304104,0.13072863706816304,0.07059521509461093,0.2999254017175,0.0,315.0,10.047804323304367,8.3,15.5,-13.590132006059296,5227.3802683401855,1.8087389915350987,41378.05,98.98290413330447,0.04197638828159161,0.7146917358985571,0.010275470048097944
МР Кармаскалинский,4,Пригородный пояс Уфы,1,Западный и центральный аграрный пояс,0.718,0,False,2765.373045176927,0.2235510458504399,0.4649932004078273,0.1964007035204414,0.20593403033598898,592.1296681289384,0.5346027542606044,0.04432146443657779,0.0007190248530277878,0.1661795659996801,0.027293127304297903,0.055717150948706544,20688.166666666668,0.44311037849403834,0.04780263907618314,0.028455188072270488,0.11750287600073435,0.06685771643815643,0.2962712019186172,0.0,324.2,10.850792337939453,9.1,12.1,-4.983034415899176,4272.620238584585,3.3828500056536006,51600.45,95.0363548230732,0.08007752728756504,0.5046414362950117,0.10772212587983271
МР Кигинский,3,Бюджетная сельская периферия с молодым населением,0,Восточная и северная периферия,0.753,3,False,3368.0450847665097,0.15976211886903602,0.5660571777486018,0.15111279139368886,0.20873937960649241,202.0391467501071,0.4820287708865519,0.01549914934624005,0.06657094295164133,0.15631128538657077,0.04288209905832871,0.049546818889348684,20486.833333333332,0.4530600699915463,0.051799861495178366,0.025793975704213247,0.1034234766652047,0.06657704294126958,0.2993455732025878,0.0,310.7,9.701310167030824,10.5,14.4,-4.529040944978273,5911.992587061632,2.270010491874921,40981.7,103.9231287104474,0.059481743227326266,0.7423439340400471,0.0
МР Краснокамский,0,Западные промышленные районы,2,Урбанизированное и промышленное ядро,0.834,0,False,3071.908061986815,0.06871296996306578,0.3619713292024363,0.11007401370975106,0.20394011509705,220.17935496605085,0.42476976831397306,0.04495317172374313,0.07462088209364623,0.15106583040776264,0.012445930130760579,0.041058253819799544,20456.583333333332,0.4358064629333925,0.053064890562624645,0.032200321846667365,0.09294028436050761,0.0658423422905382,0.3201456980062697,0.0,325.6,10.13982369763632,6.5,16.5,-3.8291489025738197,4610.835796818254,2.765194682417376,58493.25,210.91899573661772,0.3855511884708965,0.34231705034624743,0.03836795807598727
МР Кугарчинский,3,Бюджетная сельская периферия с молодым населением,0,Восточная и северная периферия,0.565,3,False,4745.958031981487,0.24052930937518646,0.4707964402430997,0.1736725280668362,0.18862656075557782,314.60076140976514,0.4423947372422436,0.024033511871527878,0.09927345019325318,0.14759546304696355,0.07784746589963869,0.04252006153037215,20014.166666666668,0.41766282024504786,0.05529741721566236,0.014394709558098568,0.1077521832385992,0.07841151755635033,0.32648135218624175,0.0,301.3,10.179565051629774,10.5,15.3,-13.5816988504875,5257.8508628931295,2.0560072165681236,43914.8,118.89677150119505,0.05982769623484365,0.6372048500319081,0.07354818123803446
МР Кушнаренковский,5,Стареющие аграрные районы центра и юго-запада,1,Западный и центральный аграрный пояс,0.498,3,False,2793.1013838168374,0.19100644094760993,0.33179825115629674,0.21916166429467054,0.20865499494161266,130.4070172544558,0.43626513588332166,0.024243882809860926,0.021864476355496293,0.13908439456361474,0.03725643663102302,0.03386000816018955,19509.291666666664,0.47026099417408296,0.05424991805220452,0.026438964288899008,0.1038503285514874,0.054980016619976806,0.29021977831334933,0.0,332.0,10.179982279347332,9.6,13.9,-8.38073568448995,3660.889181266591,2.731066176803132,46328.100000000006,96.58703071672355,0.13957597173144876,0.5959952885747939,0.0
МР Куюргазинский,4,Пригородный пояс Уфы,1,Западный и центральный аграрный пояс,0.589,1,False,3245.0615014707305,0.1332389078812861,0.3989187203987885,0.07129118815031496,0.2097009878826825,1347.2921174293567,0.5247111696204874,0.01188369575378092,0.021542760541331717,0.1911827120404566,0.02190726409600348,0.02278247234808782,19793.694444444445,0.4506634793639217,0.047048588186658157,0.04202503819708709,0.11401276167518899,0.05040301243913939,0.2958471201380047,0.0,307.0,9.939723045118223,7.6,14.2,-7.329539974925258,5092.817603433311,2.2277265380705544,56046.399999999994,132.60680875687146,0.031636363636363636,0.39890909090909094,0.1298181818181818
МР Мелеузовский,6,Города и промышленные центры,2,Урбанизированное и промышленное ядро,0.719,0,False,5339.553961031416,0.3663112094008638,0.3459318150168279,0.14570441000076476,0.33008304018190615,231.81579373877327,0.3171209263692387,0.028582019138459976,0.007374341565027308,0.08742344152614397,0.11278258393591392,0.04370743737855663,27762.916666666668,0.37985664766231325,0.05203877315091389,0.05085869002261406,0.1071825410907898,0.07210481996084937,0.3379585281125196,0.6930623421974902,309.6,11.284882430767706,8.4,12.4,-8.014169252220228,1778.3418078357977,3.2040260111267194,50232.25,134.4383172756849,0.32226115393599625,0.412940901658491,0.05947208596122401
МР Мечетлинский,3,Бюджетная сельская периферия с молодым населением,0,Восточная и северная периферия,0.739,3,False,3071.394195038465,0.18498630480512743,0.4416605545251125,0.23193592828727902,0.1801469437875939,120.50993600604451,0.5636694895869132,0.046660633568467995,0.029185735753201148,0.17360796713621568,0.02366501396827709,0.011796925166378347,21568.583333333332,0.4088338907241275,0.05272473218166756,0.021387924469032708,0.10366436856169552,0.0659317118786173,0.34745737218485945,0.0,308.9,9.99140685057401,9.2,13.9,-9.93680739994505,5251.729970464328,2.6408906787400133,41771.850000000006,111.59446835790823,0.0344686089454247,0.718096019696348,0.0
МР Мишкинский,1,Северная аграрная периферия,1,Западный и центральный аграрный пояс,0.66,2,False,4583.2748907245605,0.016928984420345055,0.569784920402627,0.13792512723135986,0.21309795091365144,53.879294084282684,0.4820140384495797,0.05699232326986941,0.00728882461686974,0.11681486036028918,0.045648983306166346,0.08675364069825534,18051.791666666668,0.49411440917959903,0.05099467477673275,0.024481648848304356,0.1032023101426304,0.0702193680068158,0.2569875890459177,0.0,322.6,9.938661627543782,9.5,15.8,-16.41243483297934,5201.913408717899,2.506769710735982,41494.75,86.47905000965437,0.0,0.7778397990510745,0.0
МР Миякинский,5,Стареющие аграрные районы центра и юго-запада,1,Западный и центральный аграрный пояс,0.713,0,False,2887.187382612839,0.14984221456646654,0.4576493486195619,0.1468780982319411,0.2409026026403794,647.6919339643074,0.474621161975897,0.06428461935237892,0.02089368772049405,0.18506772417272,0.05067062945637608,0.06394132124639168,18810.791666666668,0.41436998428354577,0.06589590700719751,0.024710874882181988,0.09644439408895761,0.0683146970945808,0.3302641426435363,0.0,319.7,10.046981652174857,8.9,17.7,-12.908256085939529,5039.583892402322,2.4208988941024767,43687.5,108.11747379364117,0.08233173076923077,0.5637019230769231,0.14102564102564102
МР Нуримановский,4,Пригородный пояс Уфы,1,Западный и центральный аграрный пояс,0.522,4,False,3820.4497452369014,0.10665362187176483,0.5811742354487722,0.2060592359249368,0.18396089913507974,27.239832351466532,0.5024826470583768,0.03060145466046324,0.00618848045196078,0.1425224743117296,0.03740906162935195,0.05087483153195619,20638.833333333332,0.4661213957637086,0.04496468375424391,0.024438320907839747,0.14200224756675284,0.049857110802086185,0.27261624120536876,0.0,316.4,9.900733764339506,9.3,14.6,-8.824266733517172,5340.5359503635,2.0718992367514177,41980.5,115.66808723990975,0.05201560468140442,0.6074989163415692,0.0
МР Салаватский,3,Бюджетная сельская периферия с молодым населением,0,Восточная и северная периферия,0.658,5,False,4205.552261038878,0.1430532244331043,0.6383751358085723,0.13566184620512242,0.21473501122813876,391.9730513538449,0.522370026381229,0.09780483955967625,0.022112087916473695,0.14110414739568422,0.03551638636149281,0.04214571153204398,20870.875,0.43538413016459876,0.05045653606868908,0.036063035521208306,0.1129366740601655,0.07173246344792815,0.2934271607374102,0.0,311.5,10.05638029863927,10.0,14.6,-12.358393408856848,4679.4905838053555,2.3683831322462545,47905.05,152.52746309646412,0.054860036573357716,0.686172457448305,0.0
МР Стерлибашевский,5,Стареющие аграрные районы центра и юго-запада,1,Западный и центральный аграрный пояс,0.627,1,False,5226.746999770782,0.1219197316702378,0.5578637487641368,0.1521588182524805,0.16272337069164025,680.8860408771394,0.5880308419816214,0.040130314900215604,0.03095748383416266,0.1086481124530431,0.047275711172895946,0.06036287970023131,16684.25,0.42790532313667873,0.0672738720727474,0.019264561549249798,0.1090786221636583,0.07071353622939751,0.3057640848482682,0.0,316.9,9.702594610156739,7.8,17.6,-13.508557457212715,5545.028943765281,2.319226463164355,40293.55,111.73594132029339,0.049781181619256015,0.723741794310722,0.0
МР Стерлитамакский,6,Города и промышленные центры,2,Урбанизированное и промышленное ядро,0.416,0,False,2780.1556055258675,0.12494006450604422,0.32871454837321123,0.20513720452812356,0.2003696754258197,557.9633399255223,0.44890492170411206,0.007976714965054843,0.0010099366725429637,0.137593537307426,0.04807278051179201,0.04731633657541854,29464.166666666668,0.3633101638819264,0.05177179485345995,0.05728243408363856,0.10087087420902793,0.07824773506437721,0.34851699790756996,0.0,485.7,10.769137408730304,9.0,10.1,-1.2623340556689318,4259.198984241863,3.063874933863979,54926.3,104.19515684500642,0.18818778394750127,0.2849066128218072,0.20696617869762746
МР Татышлинский,1,Северная аграрная периферия,0,Восточная и северная периферия,0.754,4,False,7778.536691631607,0.2113291392758444,0.5285904469509802,0.12627403712769628,0.1286981349944236,108.41033554572272,0.6368377776309525,0.09140881229791728,0.002221963212212819,0.10151831410600327,0.036116845305010775,0.01962962904560176,19300.916666666668,0.453040326600107,0.05551890961350502,0.02096348060167292,0.10522248531558559,0.07867358182634862,0.2865812160427808,0.0,317.6,9.936873971553762,8.1,14.6,-13.637023066879443,5033.604480632526,2.709937953060473,64056.45,197.51922239953575,0.5588199289998775,0.37238340066103565,0.049088015668992534
МР Туймазинский,6,Города и промышленные центры,2,Урбанизированное и промышленное ядро,0.819,0,False,2926.97140628227,0.3289900703209032,0.4606728993767786,0.1308625445834339,0.15478012606435693,581.2986838728553,0.5379233339764863,0.07076783033545045,0.034923965552869946,0.14294395959395434,0.030487954818079324,0.016249930948752666,27056.0,0.41590774593071717,0.05153557580091685,0.04870479773525898,0.09787981750304942,0.06797477536988582,0.31799728766017177,0.5186678191428331,336.0,11.780912354353491,7.9,11.2,-2.937284388792424,2319.933344679614,3.996023058698394,56696.3,150.40196430893502,0.33350286077558805,0.37312142403051496,0.02115702479338843
МР Уфимский,6,Города и промышленные центры,2,Урбанизированное и промышленное ядро,0.499,2,False,1870.2351867556029,0.17553513163874868,0.44469862720377584,0.3259509945624639,0.27353228082058667,1571.8504725720384,0.25116972077821614,0.014652301167223375,0.000483380373865443,0.10622306572028564,0.07006640090412562,0.09976741461611366,30969.375,0.3760599177343984,0.05154248648111386,0.060726038943578295,0.11718072292115007,0.0782229368124334,0.316267897107326,0.0,889.7,11.670997019540723,10.2,8.2,20.840981856990393,2604.176537118463,4.293863306706769,82760.35,165.34898612593383,0.2955877417189477,0.19655074484289883,0.0649833475331113
МР Учалинский,6,Города и промышленные центры,2,Урбанизированное и промышленное ядро,0.713,4,False,4487.44185819053,0.42471420046833125,0.2966489135658422,0.19677789431071901,0.16633486669940925,44.1065406641247,0.38582737566838954,0.0806400086809678,0.04378525835644822,0.1509435984622828,0.045891008222005966,0.025026895843313742,27800.416666666668,0.39241707187339786,0.056928330538150974,0.04664318914711771,0.10382761173949934,0.07000931696070595,0.3301744797411282,0.5276913412514062,299.6,11.13387343981368,8.9,14.2,-5.507589370498605,2386.7326607354166,2.7103318044788978,74217.2,216.62941374121633,0.48497825134032435,0.2993896887749941,0.01739892774049971
МР Федоровский,5,Стареющие аграрные районы центра и юго-запада,1,Западный и центральный аграрный пояс,0.542,4,False,2537.2466792815185,0.07575889713783822,0.40577923356444234,0.16245294195897939,0.18197941535567208,69.2738936317862,0.5597044057029825,0.03442047565488045,0.006668797820252156,0.147416411822326,0.0670042236796258,0.049522248931564754,17934.25,0.4504228151447488,0.057190249716181536,0.016975400824002188,0.11406257953565813,0.060059182678145404,0.30128977210126395,0.0,313.8,9.648014489106362,5.2,16.6,-7.359111742301982,5868.816069330578,2.213757106973228,41767.899999999994,92.79581692595701,0.04382608695652174,0.672,0.009739130434782608
МР Хайбуллинский,2,"Горный юго-восток, связанный с соседними регионами",0,Восточная и северная периферия,0.836,3,False,3071.3091210810626,0.08791029581069681,0.36920827391268024,0.4073202828805238,0.19347167188939413,261.2592283496872,0.548491348316255,0.07476411920028342,0.014771979564895833,0.1062607436454938,0.08264158356117407,0.04436225507816436,22762.166666666668,0.42661674367558466,0.04855426079534301,0.031677283449783745,0.11480302681502655,0.06980591828587841,0.30854276697838356,0.0,283.6,10.28360066404139,9.0,12.0,-19.07757530171972,3071.5690997982833,2.0117966328866825,72911.85,214.1611679031762,0.5610632183908046,0.3028416347381865,0.0
МР Чекмагушевский,5,Стареющие аграрные районы центра и юго-запада,1,Западный и центральный аграрный пояс,0.694,1,False,3025.0192921741173,0.142366122757287,0.5294994397741893,0.1158321539416242,0.17068227300022001,111.14699608796212,0.5926557198820965,0.08376778649240874,0.046635220131949776,0.10330353413081216,0.03358932593420725,0.03221731894119931,19278.375,0.44568481093458256,0.05967375915735987,0.021727401805660924,0.08822565784704309,0.06602540744781496,0.3186629628075386,0.0,332.7,10.228140212351999,8.6,14.8,-4.517364750099382,3079.151752556829,2.798026073790198,50333.55,133.9850384879477,0.04140256237356709,0.45515846257585973,0.24558327714093053
МР Чишминский,4,Пригородный пояс Уфы,2,Урбанизированное и промышленное ядро,0.657,0,False,3920.9932185224397,0.1995873962081357,0.4627236054511675,0.09298954137136443,0.15053930536219234,2502.238350853847,0.5744937185039592,0.05343971343041584,0.030510986491362982,0.09401185284191148,0.03884804480762982,0.0410586890781663,25168.583333333332,0.4350588831583272,0.04997683467304123,0.04355033404233846,0.10946261346870993,0.06778242539318896,0.2941689092643942,0.4430702865284154,331.1,10.830441232578536,9.2,12.9,-2.6119993667880324,2110.4593882578756,3.3216540619442596,56722.850000000006,116.99580497071395,0.20710359408033827,0.38807610993657504,0.09657505285412263
МР Шаранский,1,Северная аграрная периферия,1,Западный и центральный аграрный пояс,0.757,4,False,4793.868281375759,0.15569420443272183,0.4640276395659869,0.10432257444830431,0.2343747190448638,775.1847226619091,0.6190920026187108,0.04105488768309111,0.02169954657211228,0.11716279167172682,0.045470776139269045,0.03690589063156377,17436.583333333336,0.49188843845491736,0.05067859708499571,0.02659340858449153,0.09723925510570817,0.06461914872892595,0.26898115204096135,0.0,332.9,9.832904131080666,8.3,15.8,-11.858131673552611,5647.977269410313,2.60017099490305,50606.2,129.12485915115093,0.030126740078952836,0.5634739247870351,0.0
МР Янаульский,0,Западные промышленные районы,2,Урбанизированное и промышленное ядро,0.825,0,False,4613.076529628931,0.29444870015965396,0.4469657383923249,0.09894285736583212,0.23580180155756575,149.38783892807436,0.5334319439403064,0.03187411745937443,0.026895319370261052,0.21101813824637738,0.03146757980472966,0.0310465843628674,22059.916666666668,0.4234604413446603,0.05432599535331853,0.03987359409965123,0.09947771457537508,0.06734475679349905,0.3155174978334958,0.6003396947465264,321.6,10.654691354537883,7.5,13.6,-5.4256799792408765,3898.7951651293906,3.0078599631074003,55956.95,156.7785614871081,0.2673788745109841,0.35028588624736684,0.0595094793860969
