x,y,rho,p,n,q_fdr
proc_single_sh,m_competition,-1.0,0.0,63,0.0
proc_local_sh,m_localization,1.0,0.0,63,0.0
sh_Общественное питание,m_online_leakage,-0.9688247588829292,4.622312781075816e-38,62,1.5253632177550193e-35
grants_pc,m_budget_dep,0.9285714285714287,6.044633180388767e-28,63,1.4960467121462199e-25
emp_sh_budget,m_budget_dep,0.9176097303014276,2.573096933483518e-25,61,5.094731928297365e-23
sh_Продовольствие,sh_прочее,-0.8981138727304777,4.4583997526301836e-23,62,7.356359591839802e-21
emp_sh_budget,m_activity,-0.8999471179270226,6.143968691970087e-23,61,8.689327150071981e-21
wage,m_activity,0.8913651129409987,2.7640535687375625e-22,62,3.4205162913127337e-20
log_pop,grants_pc,-0.8874327956989249,3.4646702505163493e-22,63,3.811137275567984e-20
wage,emp_sh_budget,-0.8883130618720252,1.3319194870392957e-21,61,1.3186002921689028e-19
m_budget_dep,m_activity,-0.8703130115081464,4.1066209668886067e-20,62,3.695958870199746e-18
log_pop,m_budget_dep,-0.8476382488479264,1.932665123632511e-18,63,1.5944487269968219e-16
emp_per_1000,m_activity,0.8393971443680591,2.9202362466858343e-17,61,2.2238722186299817e-15
m_hub,m_supply_reach,0.8315753853722577,3.206973068343323e-17,63,2.2677880983284926e-15
emp_sh_industry,emp_sh_budget,-0.8353694019826114,5.710417894184504e-17,61,3.768875810161772e-15
death_rate,m_demo_resilience,-0.8224417229506178,2.4688577624493376e-16,62,1.5276057405155277e-14
emp_sh_industry,m_activity,0.8224126089029875,4.395165667360015e-16,61,2.456268680144314e-14
emp_sh_industry,m_budget_dep,-0.822306839163562,4.465943054807843e-16,61,2.456268680144314e-14
supply_out_pc,m_hub,0.8034274193548387,2.303022732276056e-15,63,1.1999960552385767e-13
log_pop,m_online_leakage,-0.7916446324695928,1.8626946779286718e-14,62,9.220338655746924e-13
grants_pc,m_online_leakage,0.7889753468812168,2.6179757616586184e-14,62,1.2341885733533486e-12
sh_Общественное питание,grants_pc,-0.7842411422527763,4.731384597551731e-14,62,2.1291230688982787e-12
sh_Общественное питание,log_pop,0.781974767696608,6.248356244182647e-14,62,2.6895098616264438e-12
spend_total,m_activity,0.7795069376243358,8.426718093188139e-14,62,3.4760212134401076e-12
sh_Общественное питание,m_budget_dep,-0.7745712774797915,1.5153717057634397e-13,62,6.000871954823222e-12
wage,m_budget_dep,-0.7695348895771953,2.716783504261498e-13,62,1.0344675650841858e-11
wage,emp_sh_industry,0.7705325517147791,3.8324252318465045e-13,61,1.405222585010385e-11
m_budget_dep,m_online_leakage,0.7661101458034298,4.0071627932326634e-13,62,1.4168182733215488e-11
spend_total,sh_Продовольствие,-0.760419027473496,7.534968302279421e-13,62,2.572282282502285e-11
spend_total,log_pop,0.753821359321095,1.533503508294823e-12,62,5.060561577372916e-11
spend_total,sh_Общественное питание,0.7504973433053814,2.1753433558263547e-12,62,6.765430506219482e-11
spend_total,m_budget_dep,-0.7504469794263554,2.1868058201921557e-12,62,6.765430506219482e-11
log_density,m_budget_dep,-0.7450580443705774,3.810234282148947e-12,62,1.1430702846446841e-10
emp_per_1000,emp_sh_budget,-0.7473294553146482,4.582655439368584e-12,61,1.3343614367573228e-10
grants_pc,log_density,-0.7386114678552542,7.2719986614007765e-12,62,2.056936764224791e-10
sh_Общественное питание,urban_share,0.7360958039409828,9.310654744025951e-12,62,2.5604300546071367e-10
log_pop,m_sync,0.7196466932005017,3.0205959523548244e-11,63,8.082135115760207e-10
grants_pc,m_activity,-0.7229483014781798,3.2415655419943915e-11,62,8.445131280459072e-10
emp_per_1000,emp_sh_industry,0.7264794552440575,3.4257562645290706e-11,61,8.696150517650717e-10
sh_Общественное питание,death_rate,-0.7205008575656838,4.0570611635530244e-11,62,9.8332713412376e-10
supply_out_pc,m_supply_reach,0.7163894134242773,4.0723648988963804e-11,63,9.8332713412376e-10
spend_total,grants_pc,-0.7179622774546096,5.107620363464648e-11,62,1.20393908567381e-09
log_pop,m_activity,0.7131273450681171,7.865384843237513e-11,62,1.8108676732104972e-09
spend_total,m_sync,0.7115157009392864,9.065096549543869e-11,62,2.0396467236473706e-09
grants_pc,emp_sh_budget,0.7142781597038603,1.0231579212462023e-10,61,2.250947426741645e-09
log_pop,log_density,0.7091989625040921,1.1098636162059365e-10,62,2.338503496290556e-09
urban_share,grants_pc,-0.7049788125049258,1.1234298721739858e-10,63,2.338503496290556e-09
grants_pc,emp_sh_industry,-0.7130995832067317,1.1338198769893605e-10,61,2.338503496290556e-09
log_pop,m_supply_reach,0.7044139198898107,1.1798384719668488e-10,63,2.3837552800962864e-09
urban_share,m_online_leakage,-0.7080463777620776,1.2265419519708776e-10,62,2.428553064902338e-09
death_rate,m_sync,-0.7006499895624055,2.303500192054531e-10,62,4.471500372811737e-09
sh_Общественное питание,m_activity,0.6990758228198737,2.627690026898154e-10,62,5.002717551209946e-09
wage,emp_per_1000,0.7029085140137492,2.698755847106436e-10,61,5.041072242708249e-09
death_rate,m_online_leakage,0.6882054098750714,6.377916300943971e-10,62,1.1529379018588934e-08
urban_share,log_density,0.6881518965744835,6.405210565882742e-10,62,1.1529379018588934e-08
spend_total,m_demo_resilience,0.68722455953595,6.896191723861434e-10,62,1.2191481797540749e-08
spend_total,urban_share,0.6869869044328676,7.027658557949361e-10,62,1.2205933284859416e-08
sh_Продовольствие,sh_Общественное питание,-0.6834126564427992,9.316014173059481e-10,62,1.5901472467808425e-08
emp_per_1000,m_budget_dep,-0.6871496562665255,9.626098972781347e-10,61,1.6152267767887344e-08
log_pop,migr_rate,0.6811966457656569,1.1073080860558103e-09,62,1.827058341992087e-08
spend_total,m_online_leakage,-0.6790309989675405,1.3091062413047482e-09,62,2.122343635196824e-08
sh_Общественное питание,m_supply_reach,0.6788335814719336,1.3291444988101321e-09,62,2.122343635196824e-08
migr_rate,log_density,0.6768653521694241,1.5455040147540654e-09,62,2.428649166042103e-08
log_pop,m_hub,0.6704109062980032,1.8507867335060506e-09,63,2.862935728392172e-08
sh_Продовольствие,m_sync,-0.670368411775075,2.522126665835986e-09,62,3.8413929218117326e-08
migr_rate,m_demo_resilience,0.6696718636512874,2.656175725609389e-09,62,3.984263588414083e-08
grants_pc,m_sync,-0.6644664995018074,2.8875078815589746e-09,63,4.2666161234975894e-08
urban_share,m_budget_dep,-0.6638512873515894,3.0218081320567723e-09,63,4.399397133435595e-08
log_pop,m_demo_resilience,0.6675564741902951,3.105933335698752e-09,62,4.4563391338286446e-08
log_pop,emp_sh_budget,-0.6707562136435747,3.3303857065610262e-09,61,4.710116927850594e-08
spend_total,migr_rate,0.6634181964694921,4.202642830123706e-09,62,5.8600231011584075e-08
m_demo_resilience,m_sync,0.6609836569364974,5.009903130360429e-09,62,6.88861680424559e-08
sh_Продовольствие,log_pop,-0.6589861751152073,5.779865764156037e-09,62,7.838448091115721e-08
sh_Общественное питание,emp_sh_budget,-0.6620306716023268,6.249199409645836e-09,61,8.360415426418078e-08
m_online_leakage,m_activity,-0.6542519704867669,8.076708014416257e-09,62,1.066125457902946e-07
sh_Продовольствие,m_online_leakage,0.6537483316965073,8.36649344942055e-09,62,1.0898458572271506e-07
log_density,m_online_leakage,-0.6530432373901439,8.788772773007865e-09,62,1.1299850708152969e-07
migr_rate,m_budget_dep,-0.652741054115988,8.975859580510219e-09,62,1.1392437159878354e-07
m_online_leakage,m_supply_reach,-0.6517185775674144,9.637250208597198e-09,62,1.2077060387988894e-07
log_density,emp_sh_budget,-0.6538339502908512,1.1079846836568743e-08,61,1.371131046025382e-07
migr_rate,grants_pc,-0.6492155825841707,1.1456433194647122e-08,62,1.4002307237902038e-07
sh_Общественное питание,log_density,0.6481579411246254,1.2318959646234969e-08,62,1.4872890304600755e-07
spend_total,death_rate,-0.6467402718885283,1.357182743307308e-08,62,1.6188083323785963e-07
grants_pc,m_hub,-0.6375768049155146,1.9171062033611945e-08,63,2.2594465968185505e-07
sh_Общественное питание,m_sync,0.640552995391705,2.0591876634291706e-08,62,2.3983479844645633e-07
urban_share,m_activity,0.6386546663524962,2.3358009482899435e-08,62,2.6888871381477254e-07
spend_total,emp_sh_budget,-0.6373876255949232,3.3222631219974996e-08,61,3.762716211131299e-07
urban_share,emp_sh_industry,0.6372840163741895,3.34463663211671e-08,61,3.762716211131299e-07
log_density,m_activity,0.6323436831104732,3.529804558516145e-08,62,3.926411812282004e-07
log_pop,emp_sh_industry,0.6358347885564027,3.6728860213308055e-08,61,4.0401746234638856e-07
m_budget_dep,m_sync,-0.6273836812049466,3.7483223858160876e-08,63,4.0778452329207984e-07
log_density,m_hub,0.6296240336430713,4.2051713374926544e-08,62,4.5251300262149217e-07
emp_sh_budget,m_online_leakage,0.6330512956107878,4.3904427002894935e-08,61,4.673697068050106e-07
log_density,wage,0.6278612978771626,4.706224024292677e-08,62,4.931414710786427e-07
proc_ufa_sh,m_external_dep,0.6237519201228879,4.7321656315627334e-08,63,4.931414710786427e-07
m_online_leakage,m_sync,-0.6256452872000202,5.4162753773933485e-08,62,5.585533982936891e-07
spend_total,m_supply_reach,0.6237207595822828,6.11385071243232e-08,62,6.239909490008243e-07
spend_total,sh_прочее,0.6169827000075546,9.284175863800936e-08,62,9.378912352207067e-07
log_pop,death_rate,-0.6150998020761966,1.0415548472908966e-07,62,1.0415548472908966e-06
proc_single_sh,okpd_utilities_sh,0.6106950844854071,1.067812534252092e-07,63,1.0466677315936348e-06
okpd_utilities_sh,m_competition,-0.6106950844854071,1.067812534252092e-07,63,1.0466677315936348e-06
log_density,m_supply_reach,0.6139845814361019,1.1145673656806544e-07,62,1.0817859725723998e-06
sh_Продовольствие,urban_share,-0.610485753800092,1.3762081433116566e-07,62,1.322763166872369e-06
m_online_leakage,m_demo_resilience,-0.6014757367421536,2.3414518189230538e-07,62,2.2288820199363687e-06
sh_Продовольствие,death_rate,0.5982719088957528,2.817429261503121e-07,62,2.6564333037029428e-06
grants_pc,m_supply_reach,-0.5933640621746179,2.976202316028386e-07,63,2.779660653649153e-06
log_density,emp_sh_industry,0.6001375015002959,3.1883495396623655e-07,61,2.9499682656689177e-06
log_density,m_sync,0.5946715015990531,3.4604291848373887e-07,62,3.170015624143768e-06
grants_pc,wage,-0.5945204099619753,3.490219222542128e-07,62,3.170015624143768e-06
grants_pc,m_demo_resilience,-0.5938452247578598,3.6263132582874487e-07,62,3.2636819324587042e-06
sh_Общественное питание,m_demo_resilience,0.5920824002070328,4.0055339548501493e-07,62,3.5725032570285115e-06
urban_share,m_sync,0.5863986647714811,4.418962415953376e-07,63,3.906047135530216e-06
sh_Продовольствие,m_budget_dep,0.5893329304223012,4.672193665837507e-07,62,4.09333781343286e-06
sh_Общественное питание,m_hub,0.5890811110271713,4.738202104606875e-07,62,4.114378133221582e-06
death_rate,grants_pc,0.5889258784018235,4.779328134550323e-07,62,4.114378133221582e-06
migr_rate,m_activity,0.5846994535519126,6.036800412885652e-07,62,5.152096904100686e-06
urban_share,log_pop,0.5802986608055111,6.199984389049937e-07,63,5.235384598365287e-06
spend_total,log_density,0.584095087003601,6.240155379869736e-07,62,5.235384598365287e-06
sh_Продовольствие,m_supply_reach,-0.5805133161511743,7.583604701506299e-07,62,6.3090492894884335e-06
spend_total,emp_sh_industry,0.5817864517099715,8.770845926771102e-07,61,7.23594788958616e-06
m_budget_dep,m_hub,-0.56946044546851,1.1128882143344427e-06,63,9.105449026372713e-06
market_access,log_density,0.5719358339118678,1.1984328878853095e-06,62,9.724988188577511e-06
sh_Продовольствие,m_activity,-0.5689355594167863,1.4021996494642666e-06,62,1.1285997178614829e-05
sh_Продовольствие,grants_pc,0.566618820981592,1.5812870496534507e-06,62,1.2624791767394485e-05
sh_Общественное питание,wage,0.5649064490947093,1.7271884448568826e-06,62,1.367933248326651e-05
m_online_leakage,m_hub,-0.56389917151419,1.8188043262035485e-06,62,1.4290605420170738e-05
sh_прочее,m_sync,0.5635466243610083,1.8519305906852158e-06,62,1.4436309328963494e-05
log_pop,wage,0.5620357079902294,2.000401223121566e-06,62,1.5471853210080862e-05
urban_share,m_supply_reach,0.5570404299194824,2.12160866956952e-06,63,1.6282113045533527e-05
m_activity,m_sync,0.560021152829191,2.2157329478027844e-06,62,1.6873658602498126e-05
sh_Общественное питание,emp_sh_industry,0.5634354019196469,2.272149307532673e-06,61,1.7171204690514093e-05
urban_share,emp_sh_budget,-0.5610424170213844,2.5617089985396953e-06,61,1.9212817489047716e-05
death_rate,m_budget_dep,0.5555220066095052,2.7773591895319942e-06,62,2.0673575922080256e-05
spend_total,m_hub,0.5540782151041274,2.984108913094869e-06,62,2.2046774805700896e-05
m_budget_dep,m_supply_reach,-0.5496462966210837,3.0773909775050965e-06,63,2.2567533835037376e-05
migr_rate,m_hub,0.5494447382337388,3.748938458480464e-06,62,2.7290066719821025e-05
death_rate,m_hub,-0.548846270542413,3.860108878342822e-06,62,2.789421744203937e-05
death_rate,m_activity,-0.5486951218012712,3.888668975728492e-06,62,2.7896973086747877e-05
spend_total,wage,0.5459192667019214,4.449577306182497e-06,62,3.1691234051227853e-05
sh_прочее,log_pop,0.5442068948150387,4.832338651043416e-06,62,3.4171537603807014e-05
okpd_construction_sh,log_pop,-0.5363383256528419,5.87965342919535e-06,63,4.128267301349926e-05
emp_sh_industry,m_online_leakage,-0.5436035757773654,5.97287872319075e-06,61,4.158487275864295e-05
sh_прочее,urban_share,0.5396004627217723,6.019966846971765e-06,62,4.158487275864295e-05
sh_Продовольствие,m_demo_resilience,-0.539499862176652,6.04870876489352e-06,62,4.158487275864295e-05
birth_rate,m_demo_resilience,0.5350424733742434,7.458508885812299e-06,62,5.092361239278742e-05
migr_rate,m_sync,0.5319684722117297,8.603045856921747e-06,62,5.8008065657979404e-05
grants_pc,emp_per_1000,-0.5357482813326281,8.613318840124215e-06,61,5.8008065657979404e-05
okpd_it_office_sh,m_competition,-0.5276497695852536,8.842335599039528e-06,63,5.838884301757373e-05
proc_single_sh,okpd_it_office_sh,0.5276497695852536,8.842335599039528e-06,63,5.838884301757373e-05
migr_rate,emp_sh_budget,-0.5351665785298783,8.84679439660208e-06,61,5.838884301757373e-05
wage,m_online_leakage,-0.5299539170506913,9.439660808510603e-06,62,6.188916689023507e-05
m_activity,m_supply_reach,0.5291083134000949,9.812895683548099e-06,62,6.391293899153038e-05
okpd_construction_sh,grants_pc,0.5214573732718895,1.1746724954382697e-05,63,7.60082202930645e-05
okpd_construction_sh,spend_total,-0.5207876910679661,1.42929666676619e-05,62,9.188335714925506e-05
m_demo_resilience,m_hub,0.519882143246735,1.4881247686906243e-05,62,9.504796909701408e-05
death_rate,log_density,-0.518893628339497,1.5549060723067494e-05,62,9.867673151177448e-05
sh_Общественное питание,migr_rate,0.5174636750522525,1.656447689687869e-05,62,0.00010445116005038155
sh_прочее,m_online_leakage,-0.5124272871496562,2.0651999183848707e-05,62,0.00012940176703803936
death_rate,m_supply_reach,-0.5122509186468909,2.0810807924059518e-05,62,0.0001295767285837668
m_budget_dep,m_demo_resilience,-0.5098088600991525,2.312941491467835e-05,62,0.0001431132547845723
sh_прочее,m_budget_dep,-0.5076930825212158,2.5329566437630752e-05,62,0.00015575323461648722
migr_rate,m_online_leakage,-0.5070887159729043,2.5992755588473165e-05,62,0.0001588446174851138
log_pop,emp_per_1000,0.5100475938656794,2.682072287024221e-05,61,0.00016289886896650178
okpd_construction_sh,m_budget_dep,0.49903993855606765,3.139477931420505e-05,63,0.00018951726537233538
market_access,migr_rate,0.49857714938959785,3.721342513213971e-05,62,0.00022328055079283825
migr_rate,wage,0.49333937699881636,4.619195520694405e-05,62,0.0002754821424992446
m_localization,m_external_dep,-0.4879512288786483,4.9799642579823114e-05,63,0.00029346217948824336
proc_local_sh,m_external_dep,-0.4879512288786483,4.9799642579823114e-05,63,0.00029346217948824336
urban_share,death_rate,-0.49013904929084845,5.262246589681567e-05,62,0.0003082617824724705
wage,m_supply_reach,0.4896339123670039,5.370989656580994e-05,62,0.00031278116235383436
sh_Общественное питание,sh_прочее,0.4862380700561557,6.157604757555747e-05,62,0.00035649290701638537
migr_rate,m_supply_reach,0.48519461870449654,6.419859201829556e-05,62,0.0003695151517332128
sh_прочее,m_supply_reach,0.4848414930722516,6.510918980393361e-05,62,0.000371394694122207
m_activity,m_hub,0.48477751756440285,6.527543108814547e-05,62,0.000371394694122207
sh_Продовольствие,m_hub,-0.4833169650726499,6.917882912742802e-05,62,0.0003913545190637357
emp_sh_budget,m_sync,-0.48640930724484394,7.052986806942491e-05,61,0.0003967305078905151
m_demo_resilience,m_supply_reach,0.4822803991023949,7.207843737930065e-05,62,0.0004031505819520206
death_rate,migr_rate,-0.4807285712012147,7.662929606490671e-05,62,0.00042619664665313284
sh_Продовольствие,emp_sh_budget,0.48355367530407184,7.889366878226506e-05,61,0.00043633928544381236
urban_share,m_hub,0.47039959496367406,0.00010013975754812896,63,0.0005482573640333931
sh_Общественное питание,emp_per_1000,0.4773664727657323,0.00010023695241418602,61,0.0005482573640333931
emp_per_1000,m_online_leakage,-0.4763617133791644,0.00010416636585071626,61,0.000565286266362722
death_rate,emp_sh_budget,0.4762799413942994,0.00010449230984280621,61,0.000565286266362722
urban_share,emp_per_1000,0.4753787483861802,0.00010814709776833795,61,0.0005818784064709488
sh_прочее,m_activity,0.4711792702273929,0.00011097772080993173,62,0.0005938807762261211
urban_share,wage,0.4686255568633284,0.00012230679780176953,62,0.0006509877947513539
m_supply_reach,m_sync,0.4644527266837013,0.00012581113882809876,63,0.0006660589702664052
sh_прочее,grants_pc,-0.4658910629296669,0.0001356084245303442,62,0.000714108193005536
okpd_construction_sh,sh_Общественное питание,-0.464279418800836,0.00014405736788223187,62,0.0007545862127164526
sh_прочее,death_rate,-0.46412740113248335,0.00014487874034729294,62,0.0007548944891780001
wage,m_hub,0.4633728689783687,0.00014901954798423047,62,0.0007712743165725985
okpd_construction_sh,m_online_leakage,0.46327214122031685,0.00014958047351711,62,0.0007712743165725985
proc_ufa_sh,proc_out_sh,-0.4587173579109063,0.00015617072754145042,63,0.0008010830065597715
m_activity,m_demo_resilience,0.4595431771927156,0.00017176099102111778,62,0.0008765122737675598
urban_share,migr_rate,0.458977032203279,0.00017538052258414408,62,0.0008903934223502701
sh_прочее,m_demo_resilience,0.45533758147859993,0.0002003676930635796,62,0.0010120613068007338
emp_sh_budget,m_supply_reach,-0.4561976098178448,0.000219866800153105,61,0.0011049143764039287
okpd_health_sh,emp_per_1000,0.45568482284505546,0.00022394974031687666,61,0.0011181958014752165
log_density,m_demo_resilience,0.4521644972871114,0.00022476865100360413,62,0.0011181958014752165
emp_sh_industry,m_supply_reach,0.45227554816100796,0.0002529061557166776,61,0.0012518854707975543
okpd_construction_sh,migr_rate,-0.44745788320616464,0.00026599476264910953,62,0.0013101234578239722
proc_local_sh,proc_ufa_sh,-0.4438364055299539,0.00026889789767216423,63,0.0013113739837213921
proc_ufa_sh,m_localization,-0.4438364055299539,0.00026889789767216423,63,0.0013113739837213921
emp_sh_industry,m_sync,0.44994447151608374,0.00027463143187670964,61,0.0013327701841075615
sh_Продовольствие,emp_sh_industry,-0.4462425306361911,0.0003126549479845616,61,0.0015098946268522731
okpd_construction_sh,m_activity,-0.44171640099720477,0.0003255901054431485,62,0.0015647291475180437
spend_total,emp_per_1000,0.44426229508196713,0.00033490963051353823,61,0.0016017417111517046
emp_sh_budget,m_hub,-0.44320465362242195,0.0003473784681673709,61,0.0016533879013735442
okpd_construction_sh,m_demo_resilience,-0.43733158785229603,0.0003790428032289962,62,0.0017898230173771974
sh_Продовольствие,log_density,-0.4372843796429201,0.0003796594279284964,62,0.0017898230173771974
death_rate,wage,-0.4366435217015488,0.0003881210703873345,62,0.0018210419890211428
sh_Продовольствие,migr_rate,-0.43305381380473923,0.0004387759379395765,62,0.0020490008422650034
okpd_fuel_transport_sh,sh_Транспорт,0.42756415099090933,0.000527945117919748,62,0.0024538294213171385
sh_прочее,m_hub,0.4255999597088968,0.0005636493551676373,62,0.002607536736523182
m_hub,m_sync,0.42051195893915855,0.0006003635187872317,63,0.002752127409353683
okpd_health_sh,grants_pc,-0.4205069124423963,0.0006004641620408035,63,0.002752127409353683
proc_out_sh,spend_total,0.4223766714512352,0.0006270142991906206,62,0.0028605721483811724
sh_прочее,emp_sh_budget,-0.4230037017451083,0.0006828757778774381,61,0.003101133119718641
sh_прочее,log_density,0.4195059303467553,0.0006888130357576657,62,0.0031138123534250645
proc_pc,okpd_utilities_sh,-0.4116743471582181,0.0008020170724635104,63,0.0036090768260857967
okpd_construction_sh,log_density,-0.41094407091234164,0.0009072768478054685,62,0.004064271852160243
emp_sh_industry,m_hub,0.4135067962839984,0.0009250817579192586,61,0.004116546036494528
okpd_construction_sh,emp_sh_budget,0.4134320465362242,0.0009272623900386665,61,0.004116546036494528
okpd_construction_sh,sh_Продовольствие,0.4090302435093551,0.0009639501708058724,62,0.00426031548704381
urban_share,m_demo_resilience,0.40848474120073053,0.0009806788412188082,62,0.004314986901362756
sh_прочее,emp_sh_industry,0.41059812844979715,0.001013435693396121,61,0.004439386444522831
migr_rate,emp_sh_industry,0.4049394473905328,0.0012074263079534264,61,0.005265868039092036
okpd_construction_sh,urban_share,-0.3918116079422783,0.0014950583987575412,63,0.006491700941973534
sh_прочее,migr_rate,0.392964166100073,0.0015810653784894904,62,0.006835173470325745
okpd_construction_sh,emp_sh_industry,-0.3908191871772284,0.0018449763157901418,61,0.007941419794053219
proc_out_sh,sh_Продовольствие,-0.38369721235929594,0.0020803757641223706,62,0.008915896131953018
urban_share,m_localization,0.3803026708623323,0.002108353351409296,63,0.008958239561781987
proc_local_sh,urban_share,0.3803026708623323,0.002108353351409296,63,0.008958239561781987
proc_local_sh,m_supply_reach,0.37992133002215955,0.0021320590686794666,63,0.008981865863798604
m_localization,m_supply_reach,0.37992133002215955,0.0021320590686794666,63,0.008981865863798604
okpd_construction_sh,m_sync,-0.37519651496215334,0.0024461780770401917,63,0.010261509729956738
proc_ufa_sh,okpd_construction_sh,0.37394393241167434,0.0025360946046561377,63,0.010593812905525638
sh_Продовольствие,emp_per_1000,-0.3786356425171866,0.0026214786744636464,61,0.010904470116466428
sh_Маркетплейсы,m_online_leakage,0.3734733449170255,0.0027908236172663066,62,0.011560315402065455
supply_out_pc,log_density,0.37115660648183124,0.0029791048924816227,62,0.012288807681486692
okpd_utilities_sh,urban_share,-0.36608574858710496,0.003170550172886158,63,0.013024251747540648
emp_per_1000,m_sync,0.3711263881544156,0.003234048797337218,61,0.013230199625470439
death_rate,emp_sh_industry,-0.3706006260236774,0.00328135106195891,61,0.013319248134974697
okpd_construction_sh,sh_прочее,-0.3676814988290398,0.0032827237827614407,62,0.013319248134974697
proc_pc,m_competition,0.36371927803379417,0.003387455177107475,63,0.013632441566408133
proc_pc,proc_single_sh,-0.36371927803379417,0.003387455177107475,63,0.013632441566408133
proc_out_sh,m_sync,0.3635076266057966,0.003407481844553044,63,0.013657518324321917
proc_out_sh,emp_sh_agri,-0.3662144433981646,0.003700512452620222,61,0.014772206968121048
okpd_construction_sh,emp_per_1000,-0.36419883659439445,0.0039085514249974414,61,0.015540023737941635
proc_out_sh,m_demo_resilience,0.3596413915765657,0.004092762940962723,62,0.016207341246212384
birth_rate,m_external_dep,0.3594663131916027,0.0041122134491822565,62,0.01621948730952364
log_density,emp_per_1000,0.362083553675304,0.004137943014270018,61,0.016256204698917927
proc_out_sh,death_rate,-0.3588271114704241,0.004183922082979072,62,0.01637186902035289
sh_Здоровье,sh_Маркетплейсы,-0.3502052328070308,0.005264992762157425,62,0.020521034781637207
proc_local_sh,m_sync,0.3468983643006654,0.005347090232505736,63,0.020678200508518273
m_localization,m_sync,0.3468983643006654,0.005347090232505736,63,0.020678200508518273
supply_out_pc,sh_Общественное питание,0.34803958600891444,0.0055724618007097024,62,0.021465903434640488
market_access,emp_sh_budget,-0.3500185101938411,0.005688142939643563,61,0.02182659500095786
sh_Транспорт,birth_rate,0.3462339604763039,0.005840775542931254,62,0.02232574435328935
okpd_health_sh,log_pop,0.3430299539170507,0.005918917070985115,63,0.022537415001058707
wage,m_sync,0.34406083956586336,0.006178697672369391,62,0.02343643944691838
proc_single_sh,okpd_health_sh,-0.3358294930875576,0.007127666841453846,63,0.02683038088608102
okpd_health_sh,m_competition,0.3358294930875576,0.007127666841453846,63,0.02683038088608102
sh_Продовольствие,wage,-0.3379668102037219,0.007219501307963346,62,0.027073129904862547
okpd_health_sh,m_budget_dep,-0.33448540706605223,0.007375796558823814,63,0.027554862615983305
emp_sh_budget,m_demo_resilience,-0.3393622089467218,0.007460073270772201,61,0.027764934353625863
market_access,wage,0.3349366646571195,0.0077918815060497365,62,0.02889124603366756
okpd_construction_sh,death_rate,0.33361046315661513,0.0080546105825278,62,0.029753971927994487
market_access,m_hub,0.3300007559148041,0.008809243198131625,62,0.032420634818402634
proc_ufa_sh,wage,-0.3262320263906726,0.00966209316619408,62,0.03542767494271163
proc_pc,urban_share,0.3225323200296623,0.00993586826742945,63,0.03629708333857991
market_access,m_budget_dep,-0.32367977073969606,0.010279607149809368,62,0.03741474661143851
supply_out_pc,sh_Продовольствие,-0.3234116491652187,0.010346423544971749,62,0.037519997470776674
supply_out_pc,m_online_leakage,-0.3212460023671023,0.010900053870220947,62,0.03938340631941145
death_rate,emp_per_1000,-0.3232598669210115,0.011049323700926462,61,0.03977756532333526
proc_ufa_sh,emp_sh_budget,0.321311475409836,0.011571511223935392,61,0.041506507651072604
okpd_it_office_sh,emp_per_1000,-0.3207826546800634,0.011716868903763064,61,0.041876174060380626
proc_local_sh,emp_per_1000,0.31887890005288205,0.012253298616795995,61,0.043479446704759984
emp_per_1000,m_localization,0.31887890005288205,0.012253298616795995,61,0.043479446704759984
okpd_it_office_sh,emp_sh_industry,-0.316410175491388,0.012980390787911127,61,0.045894953142971484
supply_out_pc,log_pop,0.3111559139784946,0.013056562596909396,63,0.04599998922042812
supply_out_pc,migr_rate,0.31228123190048096,0.013473542308104281,62,0.04730073363483418
okpd_it_office_sh,m_budget_dep,0.3080837173579109,0.014032046840071321,63,0.04908737233805868
wage,m_demo_resilience,0.30992973924324585,0.014229508610247138,62,0.04960286452163615
proc_out_sh,sh_прочее,0.3084535770945078,0.01472247350423597,62,0.05108685575140878
sh_прочее,emp_per_1000,0.3108408249603384,0.014758424994851426,61,0.05108685575140878
sh_прочее,m_localization,0.306841932965677,0.015277365446854763,62,0.052515943723563246
proc_local_sh,sh_прочее,0.306841932965677,0.015277365446854763,62,0.052515943723563246
proc_ufa_sh,m_activity,-0.3063886580544433,0.015436625513649558,62,0.052879789821844506
sh_Продовольствие,sh_Транспорт,-0.30578429150613184,0.015651186080610665,62,0.05342991110277434
supply_out_pc,death_rate,-0.30438837320255085,0.016156556330932294,62,0.05496560401245007
okpd_health_sh,m_activity,0.302762458764574,0.016762755881611874,62,0.05683263124245122
proc_out_sh,m_external_dep,0.2985311059907834,0.017475997635136853,63,0.05904859269210063
okpd_construction_sh,m_hub,-0.29718701996927804,0.018014256017471652,63,0.060660249854751484
okpd_fuel_transport_sh,log_density,-0.29938807886983454,0.018083177009369827,62,0.060685916065342814
migr_rate,emp_per_1000,0.3005817028027498,0.018584312686518754,61,0.061973273100696745
okpd_it_office_sh,birth_rate,0.2981438100367037,0.018591981930209025,62,0.061973273100696745
proc_out_sh,okpd_construction_sh,-0.294786866359447,0.0190106793299042,63,0.06310920156727838
urban_share,emp_sh_agri,-0.2994351089539904,0.019060253806683067,61,0.06310920156727838
okpd_health_sh,urban_share,0.29443697362861776,0.019159789887154874,63,0.06313284818866122
okpd_fuel_transport_sh,okpd_it_office_sh,0.2943548387096775,0.019194936671502048,63,0.06313284818866122
okpd_it_office_sh,emp_sh_budget,0.297778952934955,0.01976601340333417,61,0.06479587175265175
okpd_construction_sh,m_supply_reach,-0.2923174686846871,0.020084512198825517,63,0.06562266361992496
sh_прочее,wage,0.2943516909672383,0.020218606398702002,62,0.06584348794314139
birth_rate,emp_sh_budget,0.296126849328504,0.020492073155413456,61,0.06651525384871909
okpd_health_sh,emp_sh_industry,0.29583796117312794,0.020621332126066306,61,0.06671607452550864
market_access,grants_pc,-0.29038756993693576,0.022046843352585607,62,0.07109568377543893
proc_single_sh,okpd_construction_sh,-0.2865303379416283,0.022804950859453697,63,0.07306440566621088
okpd_construction_sh,m_competition,0.2865303379416283,0.022804950859453697,63,0.07306440566621088
okpd_health_sh,okpd_utilities_sh,-0.28509024577572967,0.023528460921545872,63,0.0751392784268723
proc_pc,okpd_it_office_sh,-0.28413018433179726,0.024021515072608156,63,0.07646720232116422
proc_local_sh,sh_Продовольствие,-0.28473219007327943,0.024896381077316936,62,0.07868516976557412
sh_Продовольствие,m_localization,-0.28473219007327943,0.024896381077316936,62,0.07868516976557412
proc_pc,okpd_health_sh,0.28235407066052226,0.024956710410495225,63,0.07868516976557412
okpd_utilities_sh,okpd_it_office_sh,0.2818740399385561,0.025214679423037803,63,0.07924613532954737
proc_out_sh,urban_share,0.28157404395103114,0.025377037504287273,63,0.07950400990267216
proc_pc,emp_sh_industry,0.2855254115791415,0.02571111442731141,61,0.08029654032504194
okpd_fuel_transport_sh,migr_rate,-0.28256654327516306,0.026066970120780856,62,0.08115188811186494
proc_pc,emp_per_1000,0.2820200951877313,0.027666205705122803,61,0.0858606383952087
proc_ufa_sh,emp_sh_industry,-0.2792321120833242,0.029309038933220934,61,0.09067483919965227
birth_rate,log_density,-0.2758882529936392,0.029972641833357985,62,0.09238426508902553
okpd_it_office_sh,log_density,-0.27571705572763217,0.030078878791498072,62,0.09238426508902553
okpd_it_office_sh,wage,-0.27561632796958024,0.030141532953288124,62,0.09238426508902553
sh_Здоровье,birth_rate,-0.27545977681047723,0.030239127049728882,62,0.09239733265194937
proc_local_sh,death_rate,-0.2750151345073448,0.030517761637877318,62,0.09267663810275627
death_rate,m_localization,-0.2750151345073448,0.030517761637877318,62,0.09267663810275627
supply_out_pc,sh_прочее,0.2744579587519831,0.030869946245414028,62,0.093459470284281
okpd_food_sh,urban_share,0.2709113522446106,0.03174796765097045,63,0.09578205634886708
proc_ufa_sh,okpd_fuel_transport_sh,-0.2707853302611367,0.03183060256442148,63,0.09578205634886708
supply_out_pc,m_demo_resilience,0.2724319427263699,0.03217936281594499,62,0.0963229707951062
supply_out_pc,spend_total,0.27239303971191864,0.032204952861798135,62,0.0963229707951062
okpd_it_office_sh,grants_pc,0.2700172811059908,0.03233812290358601,63,0.0964299448028619
okpd_food_sh,sh_Здоровье,0.27113394273626956,0.03304239893394171,62,0.09823415899279966
okpd_utilities_sh,m_supply_reach,-0.26851076467038637,0.03335326220131291,63,0.09886146580628678
supply_out_pc,grants_pc,-0.26804915514592936,0.03366957962493831,63,0.09918558816509185
proc_ufa_sh,emp_per_1000,-0.2721840296139608,0.03383013101596001,61,0.09918558816509185
m_localization,m_activity,0.2699252096396464,0.03386336242404146,62,0.09918558816509185
proc_local_sh,m_activity,0.2699252096396464,0.03386336242404146,62,0.09918558816509185
proc_out_sh,emp_sh_industry,0.2716695757144008,0.03418171778588472,61,0.09982271565789343
okpd_utilities_sh,m_hub,-0.26588901689708144,0.035183245139126386,63,0.10244533143451508
emp_sh_industry,m_demo_resilience,0.26903955997461393,0.036026985442231936,61,0.10445174934501099
proc_out_sh,okpd_it_office_sh,0.26464093701996927,0.03608333159191288,63,0.10445174934501099
okpd_it_office_sh,sh_Маркетплейсы,0.2658960993175694,0.0367236248811601,62,0.10599530213512681
market_access,birth_rate,-0.26546696799253455,0.03703974709744983,62,0.10659694658859108
death_rate,m_bridge,-0.2645869304347283,0.037695099397185516,62,0.10816854609627148
proc_local_sh,okpd_it_office_sh,-0.26142473118279574,0.038491347801314774,63,0.10981681361182025
okpd_it_office_sh,m_localization,-0.26142473118279574,0.038491347801314774,63,0.10981681361182025
sh_Маркетплейсы,sh_прочее,-0.26292463045503767,0.03895923040453087,62,0.11052894279525348
supply_out_pc,urban_share,0.26081282412054035,0.03896424347024593,63,0.11052894279525348
market_access,log_pop,0.2603943693650087,0.0409506408192683,62,0.1158318126030732
okpd_it_office_sh,urban_share,-0.25782275713408376,0.04134476347928022,63,0.1166134354543801
proc_ufa_sh,death_rate,0.2587918362914678,0.04225483775289877,62,0.11884173118002779
okpd_it_office_sh,m_activity,-0.25834151746367506,0.04262742550010468,62,0.11955000352720577
supply_out_pc,wage,0.2576867870363376,0.043173967433357795,62,0.12074075638142434
birth_rate,m_bridge,0.2550802201526748,0.04540735201012432,62,0.12634533756768784
proc_out_sh,okpd_fuel_transport_sh,0.2529761904761905,0.04545763378884992,63,0.12634533756768784
m_bridge,m_typicality,0.2527099310050314,0.045692993105784036,63,0.12634533756768784
okpd_utilities_sh,log_density,-0.2547153181738057,0.04572745149687515,62,0.12634533756768784
okpd_food_sh,migr_rate,0.25461459041575385,0.04581613756242417,62,0.12634533756768784
proc_out_sh,birth_rate,0.2540359676523744,0.04632832752995641,62,0.1274029007073801
okpd_utilities_sh,emp_sh_industry,-0.2554868055822991,0.04689474585519665,61,0.12860331965829552
proc_ufa_sh,sh_прочее,-0.25219712422250756,0.04798732792309471,62,0.13123606255210984
okpd_construction_sh,wage,-0.2512402105210143,0.04886971554455322,62,0.13328104239423605
birth_rate,wage,-0.2505829537057155,0.04948344055958677,62,0.13458408284063433
okpd_health_sh,m_online_leakage,-0.250333660698547,0.04971786442608827,62,0.13485119392281475
okpd_it_office_sh,log_pop,-0.24539170506912444,0.052564059063480946,63,0.14218147123728453
proc_out_sh,m_activity,0.24716073631991137,0.052781623286117685,62,0.14238094564920029
birth_rate,emp_sh_industry,-0.24879252815274572,0.05318043383898663,61,0.14306692799075207
okpd_utilities_sh,grants_pc,0.24107142857142858,0.0570010140805931,63,0.15252249930400924
spend_total,m_bridge,0.2430257409990792,0.05700335832574083,62,0.15252249930400924
log_pop,m_localization,0.24063940092165903,0.05746093669398056,63,0.15292023475010955
proc_local_sh,log_pop,0.24063940092165903,0.05746093669398056,63,0.15292023475010955
okpd_it_office_sh,m_external_dep,0.2401593701996928,0.057975485905750766,63,0.15387595454877548
m_bridge,m_sync,0.23949631105039612,0.05869235907193892,63,0.15536212695513243
okpd_it_office_sh,m_sync,-0.23896216114145333,0.05927506621741222,63,0.15648617481396826
okpd_utilities_sh,sh_Общественное питание,-0.23995870161919872,0.06030833689155494,62,0.15879056787936008
okpd_health_sh,okpd_it_office_sh,-0.2372311827956989,0.06119563831125932,63,0.16001451517781978
proc_local_sh,log_density,0.23910251567575735,0.06125808207312495,62,0.16001451517781978
log_density,m_localization,0.23910251567575735,0.06125808207312495,62,0.16001451517781978
emp_sh_industry,m_localization,0.2406261571930161,0.06175924088316333,61,0.16047676764916455
proc_local_sh,emp_sh_industry,0.2406261571930161,0.06175924088316333,61,0.16047676764916455
proc_ufa_sh,urban_share,-0.23621529193006757,0.062346000439872436,63,0.16157733098291546
supply_out_pc,okpd_utilities_sh,-0.23564708141321045,0.06299699124018769,63,0.1624141180411089
okpd_food_sh,grants_pc,-0.23564708141321045,0.06299699124018769,63,0.1624141180411089
sh_Маркетплейсы,sh_Транспорт,-0.236936868877641,0.06371433951353159,62,0.16383687303479552
urban_share,m_competition,0.23424071939184157,0.064631821201363,63,0.16500376812417672
proc_single_sh,urban_share,-0.23424071939184157,0.064631821201363,63,0.16500376812417672
okpd_utilities_sh,m_sync,-0.23420979996166144,0.06466814346684906,63,0.16500376812417672
emp_sh_budget,m_leadership,0.23777508771838396,0.06500480358040567,61,0.16543638957481135
sh_Маркетплейсы,log_pop,-0.23487194983757648,0.06612960468674577,62,0.16786745805097
proc_single_sh,m_sync,-0.23060952634060702,0.06901113683119244,63,0.17428833026245028
m_competition,m_sync,0.23060952634060702,0.06901113683119244,63,0.17428833026245028
supply_out_pc,market_access,0.22886499311307532,0.07357599901256753,62,0.18526257813360866
okpd_fuel_transport_sh,grants_pc,0.22686251920122888,0.07377612655204381,63,0.18526257813360866
emp_per_1000,m_hub,0.23046007403490212,0.07396154648906658,61,0.18526257813360866
emp_per_1000,m_leadership,-0.230348790180387,0.07410503125344346,61,0.18526257813360866
okpd_health_sh,sh_Транспорт,0.22797209841101965,0.07473778061717308,62,0.1863738106070563
okpd_fuel_transport_sh,m_budget_dep,0.22566244239631333,0.07535650805924525,63,0.1866651916431293
proc_local_sh,m_hub,0.22561443932411673,0.07542027945176942,63,0.1866651916431293
m_localization,m_hub,0.22561443932411673,0.07542027945176942,63,0.1866651916431293
sh_Транспорт,m_sync,0.22580645161290325,0.07761630157395874,62,0.1916212931626413
sh_Транспорт,m_demo_resilience,0.22556599288224205,0.07794126862879784,62,0.19194491527987528
m_demo_resilience,m_bridge,0.22507715236098075,0.07860523892407265,62,0.19309971844871443
okpd_health_sh,m_sync,0.22259291707772577,0.07952154187599934,63,0.194867144696137
supply_out_pc,m_localization,0.22206221198156684,0.08025981358338463,63,0.19555284472420031
proc_local_sh,supply_out_pc,0.22206221198156684,0.08025981358338463,63,0.19555284472420031
proc_ufa_sh,okpd_utilities_sh,0.22196620583717358,0.08039394727550457,63,0.19555284472420031
proc_local_sh,okpd_construction_sh,-0.2208621351766513,0.08194928047645818,63,0.19832325234718157
okpd_construction_sh,m_localization,-0.2208621351766513,0.08194928047645818,63,0.19832325234718157
proc_out_sh,sh_Транспорт,0.22253279947621568,0.08213387218418632,62,0.19832325234718157
okpd_utilities_sh,okpd_fuel_transport_sh,-0.22052611367127495,0.08242733696933648,63,0.19854759999913166
wage,m_leadership,-0.22172999412075795,0.08327285717730733,62,0.2000595037319687
okpd_construction_sh,okpd_food_sh,-0.2198060675883257,0.08345916670838695,63,0.2000595037319687
okpd_utilities_sh,sh_Транспорт,-0.22041751655712524,0.08516176363523073,62,0.2036476956494648
emp_per_1000,m_supply_reach,0.21890917466354956,0.09007714002707888,61,0.2148828159682123
okpd_utilities_sh,emp_per_1000,-0.2181385510312004,0.0912432446834751,61,0.21714137556884697
market_access,m_supply_reach,0.2156318937067822,0.09233664507691677,62,0.218861569284278
emp_sh_agri,m_external_dep,-0.2173763396871441,0.09240821814225071,61,0.218861569284278
proc_ufa_sh,sh_Общественное питание,-0.2148271259852434,0.09358836205349717,62,0.22081311929503672
proc_ufa_sh,birth_rate,0.21449013639465286,0.09411643225497646,62,0.22081311929503672
birth_rate,emp_per_1000,-0.21625279165816486,0.09414664511829525,61,0.22081311929503672
okpd_utilities_sh,m_localization,-0.21260560675883258,0.09434742369878842,63,0.22081311929503672
proc_local_sh,okpd_utilities_sh,-0.21260560675883258,0.09434742369878842,63,0.22081311929503672
supply_out_pc,m_activity,0.21331620961446454,0.09597420412111167,62,0.22409071245259565
sh_Транспорт,death_rate,-0.21281742752753038,0.09677214804918907,62,0.22542218016164042
okpd_utilities_sh,m_online_leakage,0.21205711263881546,0.09799842715754192,62,0.22739878547587944
proc_ufa_sh,sh_Продовольствие,0.21200674875978948,0.09808008222040457,62,0.22739878547587944
okpd_health_sh,sh_Общественное питание,0.2116038377275818,0.09873523120999397,62,0.22792876455639444
okpd_utilities_sh,death_rate,0.21158304614153975,0.09876913130777093,62,0.22792876455639444
emp_sh_industry,m_leadership,-0.21152709961773428,0.10173970468192238,61,0.23423792473279803
okpd_utilities_sh,m_activity,-0.2079776384377125,0.10478584479528959,62,0.24069138363651205
okpd_construction_sh,m_bridge,-0.20478963627901559,0.10739082758464778,63,0.2461039798814845
proc_pc,m_activity,0.2063156304298557,0.10765317727729228,62,0.24613543996424792
okpd_health_sh,log_density,0.20561053612349223,0.10888776157847226,62,0.24784422379784604
okpd_food_sh,okpd_fuel_transport_sh,-0.20386904761904764,0.10901454777639168,63,0.24784422379784604
supply_out_pc,m_budget_dep,-0.20367703533026116,0.10935559005996398,63,0.24784422379784604
sh_Здоровье,m_demo_resilience,-0.20531869375560116,0.10940194525218053,62,0.24784422379784604
proc_out_sh,m_leadership,-0.20125893671655432,0.11372122218824829,63,0.2563619133212106
m_localization,m_bridge,0.20114039539807652,0.11393862814276028,63,0.2563619133212106
proc_local_sh,m_bridge,0.20114039539807652,0.11393862814276028,63,0.2563619133212106
okpd_health_sh,sh_Маркетплейсы,-0.2022865201077787,0.1148554982138778,62,0.25783887354135837
okpd_it_office_sh,m_online_leakage,0.2001712371886883,0.11878173793156183,62,0.2660495940096068
sh_Здоровье,market_access,0.19980357123229975,0.11947451209239021,62,0.2669972166398788
okpd_health_sh,wage,0.1994661428823248,0.12011302249382161,62,0.2678195771821698
proc_pc,sh_прочее,0.199214323487195,0.12059123103180233,62,0.2679417079216258
okpd_health_sh,m_hub,0.1975326420890937,0.12070909265964153,63,0.2679417079216258
sh_Маркетплейсы,log_density,-0.1986603208179094,0.1216484011087611,62,0.2694226333281286
birth_rate,death_rate,-0.19828295282514108,0.12237254435214096,62,0.27042147077816864
market_access,m_activity,0.19731043365327303,0.12425387389717275,62,0.2739673388824076
proc_out_sh,sh_Общественное питание,0.19659540177784493,0.1256510673014015,62,0.27643234806308326
okpd_food_sh,emp_per_1000,0.19725013220518242,0.12757989764884523,61,0.2797256977767091
okpd_fuel_transport_sh,urban_share,-0.19395943961203063,0.1277131468637096,63,0.2797256977767091
m_activity,m_bridge,0.195241761866072,0.12832875169032187,62,0.2798716286916409
proc_out_sh,okpd_utilities_sh,-0.19364439324116745,0.12834517113737876,63,0.2798716286916409
sh_Общественное питание,m_localization,0.19493339376998817,0.12894474823547508,62,0.279945834984913
proc_local_sh,sh_Общественное питание,0.19493339376998817,0.12894474823547508,62,0.279945834984913
sh_Продовольствие,m_bridge,-0.19430976016447934,0.13019735926202547,62,0.28204679577550373
okpd_it_office_sh,sh_прочее,-0.19342247739920929,0.13199536275841095,62,0.28531748718521144
sh_Маркетплейсы,m_sync,-0.19206265266550832,0.13478723708299217,62,0.2903526191525677
okpd_utilities_sh,wage,-0.19186119714940447,0.13520460346397345,62,0.2903526191525677
proc_ufa_sh,log_density,-0.19186119714940447,0.13520460346397345,62,0.2903526191525677
proc_pc,sh_Продовольствие,-0.19150864999622272,0.13593733549451684,62,0.2912942903453932
emp_per_1000,m_demo_resilience,0.19289756227725852,0.13637200159499893,61,0.29159456064589406
m_activity,m_leadership,-0.19019596582511167,0.13869190620189184,62,0.295915920560071
okpd_health_sh,emp_sh_budget,-0.19032258064516128,0.1417836183707062,61,0.300831018084886
spend_total,m_localization,0.1886882727707688,0.14190715701579976,62,0.300831018084886
proc_local_sh,spend_total,0.1886882727707688,0.14190715701579976,62,0.300831018084886
okpd_fuel_transport_sh,spend_total,-0.188386089496613,0.1425582413864176,62,0.30156551062511416
proc_ufa_sh,m_online_leakage,0.18813427010148323,0.14310251703150603,62,0.3018026112102605
okpd_fuel_transport_sh,m_sync,-0.18642216809819886,0.14349253592441139,63,0.3018026112102605
sh_прочее,m_bridge,0.18791169442922168,0.1435848786666997,62,0.3018026112102605
sh_Транспорт,market_access,-0.18733788333716636,0.14483403590320076,62,0.30369493789432267
proc_pc,m_external_dep,0.1856278801843318,0.14523674511027562,63,0.30369493789432267
okpd_health_sh,migr_rate,0.187076628641938,0.14540545511303934,62,0.30369493789432267
wage,m_external_dep,-0.1867744453677822,0.1460684906193498,62,0.304437485711908
m_localization,m_online_leakage,-0.18606935106141875,0.14762434054039186,62,0.30639014074420956
proc_local_sh,m_online_leakage,-0.18606935106141875,0.14762434054039186,62,0.30639014074420956
okpd_utilities_sh,emp_sh_agri,0.1866891731892541,0.14969087484135415,61,0.3100292177676582
okpd_fuel_transport_sh,wage,-0.184407343053562,0.15134049931046362,62,0.31279142863749265
proc_local_sh,wage,0.1831986099569389,0.154086475315744,62,0.3171426415022589
wage,m_localization,0.1831986099569389,0.154086475315744,62,0.3171426415022589
proc_ufa_sh,m_budget_dep,0.18149961597542244,0.1545579556766917,63,0.3174530624894705
okpd_utilities_sh,m_budget_dep,0.1809715821812596,0.15578145515349442,63,0.319303603730765
sh_Транспорт,log_pop,0.18163732970713403,0.1576877639818109,62,0.3221051386947568
okpd_food_sh,log_pop,0.18010752688172044,0.1577989820878354,63,0.3221051386947568
log_density,m_external_dep,-0.18073077988466674,0.15980715374347632,62,0.32499024048180086
proc_single_sh,birth_rate,0.180564904480763,0.16019720944961496,62,0.32499024048180086
birth_rate,m_competition,-0.18056490448076298,0.16019720944961496,62,0.32499024048180086
m_external_dep,m_supply_reach,-0.17879075186497606,0.16091061093498552,63,0.3257699485186823
urban_share,birth_rate,-0.17952454177101138,0.1626596307142999,62,0.3286388457288916
okpd_it_office_sh,sh_Общественное питание,-0.17927022739291382,0.16326577475941256,62,0.3291916843417891
proc_ufa_sh,spend_total,-0.17876658860265418,0.1644710653617647,62,0.3309478754230631
emp_sh_budget,m_external_dep,0.1794817556848228,0.16633837621479217,61,0.33402635385931895
market_access,emp_sh_agri,0.17902684912602074,0.16743285338042999,61,0.33554357256401957
proc_pc,emp_sh_agri,-0.1782421831079534,0.16933308268284972,61,0.33866616536569943
sh_Здоровье,sh_прочее,0.17660094180453778,0.16972829639409942,62,0.33877220449628714
sh_Здоровье,emp_per_1000,0.17731359069275515,0.17160216068291895,61,0.3411820818704028
okpd_food_sh,m_typicality,-0.1743951612903226,0.17162492603177837,63,0.3411820818704028
okpd_fuel_transport_sh,m_activity,-0.17549293646596661,0.172465050686416,62,0.34216513062034437
market_access,emp_sh_industry,0.176195261265073,0.17436420847512968,61,0.344913478941279
m_localization,m_demo_resilience,0.17451963053186756,0.17489552164497177,62,0.344913478941279
proc_local_sh,m_demo_resilience,0.17451963053186756,0.17489552164497177,62,0.344913478941279
emp_sh_budget,m_localization,-0.17551560021152826,0.1760585564152004,61,0.3458293072441437
proc_local_sh,emp_sh_budget,-0.17551560021152826,0.1760585564152004,61,0.3458293072441437
grants_pc,m_bridge,-0.17240262346068122,0.17664967033651374,63,0.3463033141250467
sh_Транспорт,m_online_leakage,-0.17277328699856465,0.1793186618785277,62,0.35065182050299254
okpd_it_office_sh,migr_rate,-0.1726725592405127,0.17957623534850226,62,0.35065182050299254
proc_pc,log_pop,0.17060291858678955,0.18127926820234336,63,0.3526680344086315
proc_ufa_sh,m_leadership,0.17058675495621273,0.1813212419333267,63,0.3526680344086315
sh_Общественное питание,sh_Маркетплейсы,-0.1710609151116819,0.18373392976214725,62,0.35665998130299176
okpd_food_sh,m_budget_dep,-0.1688748079877112,0.18580674273278164,63,0.35909913466168103
okpd_fuel_transport_sh,m_online_leakage,0.1700032736521367,0.1864999156580472,62,0.35909913466168103
okpd_food_sh,m_leadership,0.16850317862810105,0.18679093188998208,63,0.35909913466168103
proc_pc,m_localization,0.16834677419354838,0.18720625985212377,63,0.35909913466168103
proc_pc,proc_local_sh,0.16834677419354838,0.18720625985212377,63,0.35909913466168103
proc_pc,m_budget_dep,-0.16829877112135178,0.18733386404039143,63,0.35909913466168103
log_pop,m_bridge,0.1682252029785536,0.1875295481011001,63,0.35909913466168103
proc_ufa_sh,m_supply_reach,-0.1671759659670899,0.1903364460558209,63,0.3637704277900824
proc_local_sh,okpd_health_sh,0.1665226574500768,0.1920993334322242,63,0.36572757711134996
okpd_health_sh,m_localization,0.1665226574500768,0.1920993334322242,63,0.36572757711134996
okpd_utilities_sh,birth_rate,0.1677106189859013,0.19259845202415357,62,0.36597402591921696
okpd_construction_sh,m_external_dep,0.1655625960061444,0.19471115841506956,63,0.36927978320099397
proc_single_sh,emp_sh_industry,-0.16790946133798376,0.19584160135042958,61,0.370006078887262
emp_sh_industry,m_competition,0.16790946133798376,0.19584160135042958,61,0.370006078887262
sh_Маркетплейсы,grants_pc,0.1660748910881116,0.1970359973517451,62,0.37155359500614793
okpd_construction_sh,okpd_it_office_sh,-0.16340245775729645,0.20068042313476825,63,0.37743956125883804
okpd_food_sh,sh_прочее,0.16466470247538464,0.20091984725596732,62,0.37743956125883804
proc_pc,grants_pc,-0.16234639016897082,0.20364565547333538,63,0.3818356040125038
proc_out_sh,emp_per_1000,0.16414595452141723,0.20619662424347623,61,0.3831444944743173
okpd_utilities_sh,sh_Продовольствие,0.16265014731434616,0.20656218280123306,62,0.3831444944743173
birth_rate,m_activity,-0.16254370030659415,0.20686340543096965,62,0.3831444944743173
sh_Транспорт,log_density,-0.16249905567726827,0.20698983279670793,62,0.3831444944743173
emp_sh_budget,emp_sh_agri,-0.1638609151847262,0.2069963761492215,61,0.3831444944743173
proc_local_sh,grants_pc,-0.1611463133640553,0.2070528328724846,63,0.3831444944743173
grants_pc,m_localization,-0.1611463133640553,0.2070528328724846,63,0.3831444944743173
sh_Здоровье,m_external_dep,-0.16189468912895671,0.2087066953978235,62,0.38548438142508445
okpd_fuel_transport_sh,sh_Общественное питание,-0.16134068645967115,0.2102893006991923,62,0.3873848181883324
sh_Маркетплейсы,m_external_dep,0.1612399587016192,0.21057795415031916,62,0.3873848181883324
proc_pc,market_access,-0.16102143111410694,0.21120514451896125,62,0.3873848181883324
okpd_food_sh,spend_total,0.1609881393064894,0.2113008099209086,62,0.3873848181883324
sh_Здоровье,sh_Общественное питание,-0.16078668379038555,0.21188035230758098,62,0.38772929535028683
okpd_food_sh,m_activity,0.160182317242074,0.21362569473326828,62,0.3898877053000948
proc_out_sh,m_hub,0.1587941628264209,0.21384749896762778,63,0.3898877053000948
m_budget_dep,m_leadership,0.15731001277243134,0.2182146375483516,63,0.39711854995012513
okpd_health_sh,m_external_dep,0.1568740399385561,0.21950928804277456,63,0.3987416424997189
market_access,m_bridge,-0.15749103039293247,0.22152054613717384,62,0.4016581331058647
okpd_health_sh,okpd_food_sh,0.15591397849462366,0.22237918649074118,63,0.40247786951706355
proc_out_sh,emp_sh_budget,-0.15742993125330512,0.22562610770160796,61,0.40760920916896326
proc_pc,sh_Маркетплейсы,-0.15595175140389314,0.22612650732421558,62,0.40766851781005237
proc_out_sh,market_access,-0.15583369029310193,0.22648250989447355,62,0.40766851781005237
market_access,m_demo_resilience,0.1546074999370388,0.23020303033962589,62,0.41361343019279423
proc_ufa_sh,migr_rate,-0.15393719624285465,0.23225468303695718,62,0.41592965459959347
okpd_utilities_sh,log_pop,-0.15264976958525348,0.23233242322583353,63,0.41592965459959347
sh_Маркетплейсы,m_typicality,-0.15373574072675078,0.2328737587681161,62,0.41614624761811364
m_hub,m_bridge,0.15206770881492201,0.2341391288073156,63,0.4176535811157522
sh_прочее,market_access,-0.15114961362947604,0.24092239769657017,62,0.4289805282726699
birth_rate,m_budget_dep,0.15049595821533165,0.24298659858699137,62,0.43086880098941727
proc_out_sh,m_online_leakage,-0.1504620885900632,0.24309388584366323,62,0.43086880098941727
okpd_fuel_transport_sh,emp_sh_budget,0.1516657852987837,0.2432885452051356,61,0.43086880098941727
proc_out_sh,m_budget_dep,-0.1479934715821813,0.2470573123000539,63,0.4367620342447382
okpd_food_sh,birth_rate,-0.14875684900132094,0.2485374856623481,62,0.436871864274557
proc_local_sh,sh_Транспорт,0.1487497167031805,0.24856042706409828,62,0.436871864274557
sh_Транспорт,m_localization,0.1487497167031805,0.24856042706409828,62,0.436871864274557
proc_pc,wage,0.14864898894512854,0.24888457722308097,62,0.436871864274557
sh_Маркетплейсы,m_budget_dep,0.14849789730805069,0.24937134246491488,62,0.43695155582347917
market_access,m_online_leakage,-0.14754841490421527,0.2524450894298692,62,0.4409141530970077
okpd_construction_sh,okpd_health_sh,-0.14631336405529952,0.25252356041010443,63,0.4409141530970077
proc_pc,death_rate,0.14684100201917313,0.25475185217829943,62,0.4440217141840078
sh_Здоровье,death_rate,0.14666466182117446,0.25532908786140085,62,0.44424568889769217
okpd_it_office_sh,death_rate,0.14646313016631884,0.25598987020010905,62,0.4446139850843999
okpd_food_sh,sh_Транспорт,-0.14547606456649292,0.2592429809492265,62,0.4476425311696853
okpd_fuel_transport_sh,log_pop,-0.14424923195084485,0.2593509911009365,63,0.4476425311696853
emp_per_1000,m_bridge,0.1465485372598785,0.2597427995992596,61,0.4476425311696853
m_budget_dep,m_bridge,-0.14392894132388023,0.26042146829205925,63,0.4476425311696853
okpd_fuel_transport_sh,m_supply_reach,-0.1439223469955456,0.26044353916952145,63,0.4476425311696853
okpd_health_sh,m_demo_resilience,0.14492936128584383,0.2610567314792047,62,0.4476425311696853
okpd_it_office_sh,m_supply_reach,-0.14351354500742125,0.2618142430567744,63,0.4476425311696853
sh_Транспорт,m_competition,0.1445695147440256,0.2622552202812298,62,0.4476425311696853
okpd_food_sh,m_online_leakage,-0.1445695147440256,0.2622552202812298,62,0.4476425311696853
proc_single_sh,sh_Транспорт,-0.1445695147440256,0.2622552202812298,62,0.4476425311696853
sh_Маркетплейсы,emp_per_1000,-0.1454785827604442,0.2632758701654297,61,0.4486112073386839
okpd_health_sh,m_bridge,0.1425364678298377,0.2651100269391861,63,0.4509603551027393
supply_out_pc,emp_sh_budget,-0.14457958751983074,0.2662692888077648,61,0.4521553960886572
sh_Общественное питание,sh_Транспорт,0.14320969001032458,0.2668176075738791,62,0.452310670373528
okpd_food_sh,okpd_it_office_sh,-0.1415130568356375,0.2685918647367433,63,0.4543760249227172
m_localization,m_budget_dep,-0.1412730414746544,0.2694128551814495,63,0.4543760249227172
proc_local_sh,m_budget_dep,-0.1412730414746544,0.2694128551814495,63,0.4543760249227172
proc_single_sh,m_supply_reach,-0.14077216696941086,0.2711315376448903,63,0.45572193933521454
m_competition,m_supply_reach,0.14077216696941086,0.2711315376448903,63,0.45572193933521454
wage,m_bridge,0.1416390694069053,0.27215310226677947,62,0.4565523572338149
proc_ufa_sh,m_hub,-0.14036098310291859,0.2725479223486713,63,0.4565523572338149
okpd_fuel_transport_sh,m_leadership,0.13824286660703733,0.27992222036315534,63,0.46811317256676316
sh_Здоровье,emp_sh_agri,0.14007034185448045,0.2816273790528256,61,0.4700328003824493
sh_Маркетплейсы,m_demo_resilience,-0.1386587425264737,0.28247194842444406,62,0.4700328003824493
market_access,m_external_dep,-0.13840691044778414,0.28335556056986594,62,0.4700328003824493
sh_Общественное питание,market_access,0.13840691044778414,0.28335556056986594,62,0.4700328003824493
okpd_fuel_transport_sh,m_demo_resilience,-0.1383817272399152,0.28344402204881036,62,0.4700328003824493
okpd_health_sh,spend_total,0.1382236659867543,0.2839996628017252,62,0.470166665842321
okpd_food_sh,sh_Маркетплейсы,-0.13696456901110526,0.2884514860706791,62,0.47672233250824975
proc_out_sh,grants_pc,-0.13551267281105991,0.28962081078383234,63,0.47672233250824975
migr_rate,m_competition,0.13656165797889752,0.2898857011817842,62,0.47672233250824975
proc_single_sh,migr_rate,-0.13656165797889752,0.2898857011817842,62,0.47672233250824975
proc_out_sh,okpd_food_sh,-0.13364055299539168,0.29639724782328336,63,0.48662234717255476
okpd_construction_sh,birth_rate,-0.13272679885478753,0.3037703162428594,62,0.49708846427618714
okpd_utilities_sh,emp_sh_budget,0.1338445267054468,0.30377628372433657,61,0.49708846427618714
okpd_it_office_sh,m_leadership,0.13095034945864645,0.30631455371202304,63,0.5004148649750871
okpd_food_sh,sh_Продовольствие,-0.13182745335045706,0.3070878274042713,62,0.5005345766440089
m_hub,m_leadership,0.13065961787797972,0.3073990127268257,63,0.5005345766440089
sh_Здоровье,m_typicality,0.13132381456019743,0.3089558297539348,62,0.501769903450992
proc_ufa_sh,m_sync,-0.13018589413732853,0.3091713546516213,63,0.501769903450992
birth_rate,m_typicality,0.13103809860350177,0.3100188016650882,62,0.502321789931976
sh_Здоровье,log_density,0.13087053964896378,0.31064327838364675,62,0.502511185620605
market_access,death_rate,-0.1285458828449282,0.31939047291375167,62,0.5153170412772656
proc_out_sh,migr_rate,0.12840270957669161,0.31993428946896324,62,0.5153170412772656
emp_sh_budget,m_bridge,-0.1294366614960919,0.32012119230860436,61,0.5153170412772656
spend_total,market_access,0.127502581440526,0.3233667664641175,62,0.5196309694178837
supply_out_pc,m_external_dep,-0.1261520737327189,0.32452925234837954,63,0.5196309694178837
okpd_health_sh,sh_Продовольствие,-0.1271939764800685,0.3245489413260368,62,0.5196309694178837
proc_pc,proc_ufa_sh,0.12605606758832566,0.32490057582794946,63,0.5196309694178837
proc_pc,log_density,0.12694215708493867,0.32551561665846884,62,0.5197749362772325
okpd_fuel_transport_sh,market_access,-0.12621823783920927,0.3283047261015077,62,0.5233843459589252
supply_out_pc,m_typicality,0.12490399385560676,0.32937747473046397,63,0.5239290451455196
spend_total,emp_sh_agri,-0.12691869906967046,0.32970484356127144,61,0.5239290451455196
okpd_food_sh,log_density,0.1255823323512377,0.33076716273691575,62,0.524328859725185
spend_total,birth_rate,0.12551831718512,0.3310156942709501,62,0.524328859725185
proc_out_sh,m_bridge,0.1240741899519288,0.332626075965341,63,0.5260380434595648
birth_rate,m_leadership,0.12428911080703971,0.3358107690219907,62,0.5302275300347221
supply_out_pc,sh_Маркетплейсы,0.12291304676286167,0.34123015476835916,62,0.5355153918195354
proc_single_sh,m_localization,-0.12159178187403993,0.34246442876002425,63,0.5355153918195354
proc_local_sh,m_competition,0.12159178187403993,0.34246442876002425,63,0.5355153918195354
m_localization,m_competition,0.12159178187403993,0.34246442876002425,63,0.5355153918195354
proc_local_sh,proc_single_sh,-0.12159178187403993,0.34246442876002425,63,0.5355153918195354
urban_share,m_leadership,-0.12146966388819404,0.34295304566755963,63,0.5355153918195354
proc_single_sh,emp_per_1000,-0.12332099418297195,0.34370875134083245,61,0.5355153918195354
emp_per_1000,m_competition,0.12332099418297195,0.34370875134083245,61,0.5355153918195354
okpd_fuel_transport_sh,sh_прочее,-0.1222079524564982,0.3440280698961864,62,0.5355153918195354
m_competition,m_activity,0.12064667220669334,0.3502740794837578,62,0.5435287440265207
proc_single_sh,m_activity,-0.12064667220669334,0.3502740794837578,62,0.5435287440265207
proc_ufa_sh,m_typicality,0.11909562211981567,0.3525382236389332,63,0.545787987370708
okpd_health_sh,death_rate,-0.12001210046651926,0.3528326383002557,62,0.545787987370708
urban_share,m_bridge,0.11870457863106543,0.35413276539624017,63,0.5469445206587796
sh_Продовольствие,m_competition,-0.11928684747299238,0.3557708912519983,62,0.5477654468732166
proc_single_sh,sh_Продовольствие,0.11928684747299238,0.3557708912519983,62,0.5477654468732166
sh_Транспорт,sh_прочее,0.1188335725617587,0.35761488134139563,62,0.5489001528791478
sh_Здоровье,emp_sh_industry,0.11983711476909328,0.3576167662697478,61,0.5489001528791478
sh_Продовольствие,market_access,0.11866327547852235,0.3583091880577876,62,0.5491116039894888
proc_out_sh,log_pop,0.11703149001536098,0.36100510138614483,63,0.5523880222137301
okpd_food_sh,sh_Общественное питание,0.11762483946513562,0.3625607888835436,62,0.5536904091174617
sh_Здоровье,m_hub,-0.11752411170708368,0.36297482375478046,62,0.5536904091174617
m_supply_reach,m_bridge,0.11574696243163339,0.36633635160318323,63,0.5579584432110022
proc_out_sh,m_competition,0.11501536098310293,0.3693940490107305,63,0.5584414332815186
proc_out_sh,proc_single_sh,-0.11501536098310293,0.3693940490107305,63,0.5584414332815186
sh_Здоровье,sh_Транспорт,-0.11581173982020096,0.37005749059304766,62,0.5584414332815186
proc_single_sh,m_leadership,0.1147905190999199,0.3703368654594134,63,0.5584414332815186
m_competition,m_leadership,-0.1147905190999199,0.3703368654594134,63,0.5584414332815186
grants_pc,m_competition,-0.1147273425499232,0.370602042086826,63,0.5584414332815186
proc_single_sh,grants_pc,0.1147273425499232,0.370602042086826,63,0.5584414332815186
okpd_food_sh,m_bridge,-0.11459096529422526,0.3711748624627523,63,0.5584545803011014
okpd_health_sh,emp_sh_agri,-0.11606592067407522,0.373054770081285,61,0.5604312934453296
proc_single_sh,wage,-0.11440155120747401,0.37595265171067765,62,0.5625119579043721
wage,m_competition,0.11440155120747401,0.37595265171067765,62,0.5625119579043721
sh_Маркетплейсы,urban_share,-0.11410948669160596,0.3771806257867669,62,0.5625119579043721
emp_sh_agri,m_competition,-0.11505014338581754,0.37728074752374047,61,0.5625119579043721
proc_single_sh,emp_sh_agri,0.11505014338581754,0.37728074752374047,61,0.5625119579043721
sh_Маркетплейсы,birth_rate,-0.11329414372432015,0.38062143968956064,62,0.5661092391519532
spend_total,sh_Здоровье,-0.11324318198987686,0.38083712452040486,62,0.5661092391519532
proc_out_sh,sh_Здоровье,-0.11299136259474706,0.38190397071285187,62,0.5668439745213244
sh_Общественное питание,m_bridge,0.11236917812986032,0.38454753879498343,62,0.5699132685734036
market_access,m_sync,0.1110075802863596,0.3903706939468673,62,0.5776786053922252
migr_rate,m_external_dep,-0.1098184382161114,0.39549878180932774,62,0.5843937223749768
proc_out_sh,sh_Маркетплейсы,0.10815643020825463,0.4027321659907163,62,0.5941949990026962
emp_sh_agri,m_sync,-0.10767239255531436,0.4088290824055523,61,0.601341560046876
m_external_dep,m_online_leakage,0.10674624159552769,0.4089297553528578,62,0.601341560046876
okpd_fuel_transport_sh,birth_rate,0.10664016064462704,0.4093981934056509,62,0.601341560046876
sh_Общественное питание,m_leadership,-0.10571528679435609,0.4134954652158916,62,0.606392238194609
sh_Общественное питание,m_typicality,-0.10558787237793055,0.41406177072682393,62,0.606392238194609
m_competition,m_hub,0.10435867895545314,0.41566776284263857,63,0.6069485032657996
proc_single_sh,m_hub,-0.10435867895545314,0.41566776284263857,63,0.6069485032657996
supply_out_pc,emp_sh_industry,0.10582262429521434,0.416972213629952,61,0.6079565412277651
sh_Продовольствие,sh_Маркетплейсы,0.10463095867643726,0.41832913715347286,62,0.6090380085028502
okpd_health_sh,m_typicality,0.1032546082949309,0.4206453157517007,63,0.6109090373015035
supply_out_pc,m_leadership,0.10320971113669453,0.4208484479188135,63,0.6109090373015035
migr_rate,m_localization,0.10342222557981416,0.42375540214412005,62,0.613330187313858
proc_local_sh,migr_rate,0.10342222557981416,0.42375540214412005,62,0.613330187313858
proc_out_sh,wage,0.10130694266072372,0.43334729787148085,62,0.6262975545879796
okpd_food_sh,m_demo_resilience,0.10070764826795646,0.43608692098420704,62,0.6293382678926603
proc_pc,okpd_food_sh,-0.09970238095238096,0.43688969351036394,63,0.629579034316245
m_bridge,m_leadership,0.09938495348257353,0.43835823494660237,63,0.630777111333047
sh_Здоровье,m_supply_reach,-0.09988410740641539,0.4398674949769364,62,0.6320286836053652
okpd_utilities_sh,spend_total,-0.09974566241091891,0.44050484008858787,62,0.6320286836053652
okpd_health_sh,m_supply_reach,0.0981846186771617,0.44393639370986965,63,0.6346369011567712
m_competition,m_budget_dep,-0.09811827956989248,0.4442458308097398,63,0.6346369011567712
proc_single_sh,m_budget_dep,0.09811827956989248,0.4442458308097398,63,0.6346369011567712
proc_pc,m_online_leakage,-0.09858729319332174,0.4458576890355253,62,0.6360217754253171
proc_pc,emp_sh_budget,-0.09910100475938656,0.44733560072146406,61,0.6372118628982006
sh_Общественное питание,emp_sh_agri,-0.09869078284861486,0.4492274781567166,61,0.6389873611711917
spend_total,m_external_dep,0.09768074337085442,0.4500719427043103,62,0.6390118444130074
proc_pc,m_sync,0.09677535493394333,0.4505356236366456,63,0.6390118444130074
spend_total,m_competition,0.09702601294351691,0.4531292017600029,62,0.6406985552081295
proc_single_sh,spend_total,-0.09702601294351691,0.4531292017600029,62,0.6406985552081295
birth_rate,m_sync,0.09691123083871213,0.4536663507079785,62,0.6406985552081295
sh_Здоровье,emp_sh_budget,-0.09693283976731887,0.4573847090337669,61,0.6450297178681328
supply_out_pc,sh_Здоровье,-0.09591800760494573,0.4583289594551736,62,0.6454419201431322
okpd_fuel_transport_sh,emp_sh_industry,-0.09609180826806818,0.4613157422174778,61,0.6486155125287552
okpd_fuel_transport_sh,sh_Здоровье,0.0951625494195563,0.4618928649825984,62,0.6486155125287552
sh_прочее,m_competition,0.09445745511319283,0.4652327363669635,62,0.6514574384770776
proc_single_sh,sh_прочее,-0.09445745511319283,0.4652327363669635,62,0.6514574384770776
okpd_it_office_sh,sh_Продовольствие,0.09430636347611493,0.4659501216661725,62,0.6515404243637157
supply_out_pc,m_sync,0.09303107036804671,0.46832963886318246,63,0.6531983491391871
sh_Маркетплейсы,emp_sh_agri,-0.09457421173304426,0.4684553817058817,61,0.6531983491391871
emp_sh_industry,emp_sh_agri,-0.09404456551072735,0.47096109513114076,61,0.6557686134737403
sh_Общественное питание,m_external_dep,-0.09304726650046587,0.47195155954360446,62,0.6562247808260793
proc_ufa_sh,m_demo_resilience,-0.09285048741284209,0.47289323645898806,62,0.6562770959430807
sh_Транспорт,emp_sh_budget,0.09354838709677418,0.47331499646804,61,0.6562770959430807
proc_out_sh,m_typicality,-0.09168586789554532,0.4748138664682497,63,0.6574345843406534
okpd_fuel_transport_sh,m_hub,-0.09154185867895545,0.47551086501606016,63,0.6574801066562843
sh_Транспорт,m_external_dep,0.0919392611618947,0.47726697876567054,62,0.6589878786304237
m_external_dep,m_demo_resilience,0.09169205985087009,0.47845721580417855,62,0.6597112028497726
okpd_utilities_sh,m_bridge,-0.09043875262169422,0.48086795862824466,63,0.6605187971784291
okpd_health_sh,okpd_fuel_transport_sh,-0.09029377880184332,0.481574380587184,63,0.6605187971784291
okpd_construction_sh,sh_Маркетплейсы,0.09103271133942738,0.4816395961453693,62,0.6605187971784291
sh_Транспорт,m_supply_reach,0.09095507356250855,0.4820150562481199,62,0.6605187971784291
proc_out_sh,m_supply_reach,0.09012881479353467,0.4823788791515194,63,0.6605187971784291
proc_pc,sh_Общественное питание,0.09052907254916773,0.48407797640603384,62,0.6613146564846346
log_pop,birth_rate,0.09048408809128128,0.48429608681955566,62,0.6613146564846346
log_density,m_competition,0.08997506987988216,0.48676771313361944,62,0.6628611224240485
proc_single_sh,log_density,-0.08997506987988216,0.48676771313361944,62,0.6628611224240485
market_access,m_typicality,0.08889672377741593,0.49202567817835374,62,0.6662545619328524
death_rate,m_typicality,-0.08885026833446966,0.4922528580853168,62,0.6662545619328524
okpd_food_sh,emp_sh_industry,0.08953408442368709,0.4925889141277003,61,0.6662545619328524
okpd_construction_sh,okpd_fuel_transport_sh,-0.08784562211981567,0.49358637586038046,63,0.6662545619328524
sh_Маркетплейсы,death_rate,0.08837163065418757,0.4945967177282374,62,0.6662545619328524
sh_Продовольствие,birth_rate,-0.08836691165683348,0.4946198552869543,62,0.6662545619328524
proc_pc,spend_total,0.08836342575105136,0.49463694727767016,62,0.6662545619328524
okpd_it_office_sh,m_hub,-0.08746159754224271,0.49548469759997865,63,0.6662545619328524
market_access,m_leadership,-0.08809627086562982,0.4959477683585435,62,0.6662545619328524
proc_single_sh,sh_Здоровье,-0.08791015083981768,0.4968620508384276,62,0.6662545619328524
sh_Здоровье,m_competition,0.08791015083981768,0.4968620508384276,62,0.6662545619328524
proc_pc,m_demo_resilience,-0.08781384583905082,0.49733547602866457,62,0.6662545619328524
proc_pc,m_typicality,0.08645353302611367,0.5004858219741398,63,0.6695688699383763
spend_total,m_typicality,-0.08529122913046763,0.5098193222706539,62,0.6811351269203068
okpd_fuel_transport_sh,m_competition,-0.0837173579109063,0.5141907370812743,63,0.6850805020679861
proc_single_sh,okpd_fuel_transport_sh,0.0837173579109063,0.5141907370812743,63,0.6850805020679861
okpd_construction_sh,sh_Здоровье,-0.08428395154994837,0.5148483773116986,62,0.6850805020679861
sh_Маркетплейсы,emp_sh_budget,0.08466419883659439,0.5165096365997677,61,0.6860959450194597
proc_pc,sh_Транспорт,0.08383067663871471,0.5171196198173599,62,0.6860959450194597
okpd_it_office_sh,sh_Транспорт,0.0835788572435849,0.5183836029035918,62,0.6860959450194597
sh_прочее,m_typicality,0.0835788572435849,0.5183836029035918,62,0.6860959450194597
sh_Маркетплейсы,emp_sh_industry,-0.0837167487552845,0.5212306789144238,61,0.688604234549775
urban_share,market_access,0.08276341783652362,0.5224872763937194,62,0.688604234549775
spend_total,m_leadership,-0.08267510160415002,0.5229326994721891,62,0.688604234549775
sh_Маркетплейсы,m_leadership,-0.08264967093616966,0.5230609943246776,62,0.688604234549775
sh_Продовольствие,m_leadership,0.08132727620119096,0.5297539578552446,62,0.6931372368647443
spend_total,sh_Транспорт,0.08131248268741659,0.5298290707026108,62,0.6931372368647443
sh_Маркетплейсы,m_bridge,0.08131085115516455,0.5298373549962067,62,0.6931372368647443
emp_sh_industry,m_typicality,-0.08197154805476373,0.5299831071209801,61,0.6931372368647443
sh_Транспорт,emp_per_1000,0.08196721311475409,0.5300049376834459,61,0.6931372368647443
okpd_utilities_sh,migr_rate,-0.08085920777618293,0.5321330910337098,62,0.6950023220624969
sh_Транспорт,emp_sh_agri,0.0813156450231545,0.533291258550909,61,0.6955972937620551
sh_Продовольствие,sh_Здоровье,-0.08045629674397523,0.5341852529132478,62,0.6958465794527833
birth_rate,migr_rate,-0.08012504625130451,0.5358753356815387,62,0.6971308571941173
sh_Транспорт,urban_share,-0.0799363838708737,0.5368390872380955,62,0.6974681054668169
emp_sh_agri,m_leadership,0.08034353676773245,0.5382128761360897,61,0.6983364972145857
okpd_it_office_sh,market_access,-0.07932710478721251,0.5399572820891549,62,0.6996828655343761
proc_ufa_sh,emp_sh_agri,0.07944447633425877,0.5427843421551022,61,0.7024267957301322
sh_Здоровье,m_localization,0.07839137770391076,0.5447633243634014,62,0.7031495320987841
proc_local_sh,sh_Здоровье,0.07839137770391076,0.5447633243634014,62,0.7031495320987841
spend_total,sh_Маркетплейсы,0.07808919442975498,0.5463197974390488,62,0.7037468203458906
sh_Здоровье,m_online_leakage,0.07798846667170305,0.546839098688383,62,0.7037468203458906
sh_Транспорт,wage,-0.07788773891365113,0.5473586380468038,62,0.7037468203458906
sh_Транспорт,m_bridge,0.07660046417684493,0.5540190943432934,62,0.7110060411907296
log_pop,m_competition,0.07574884792626728,0.5551592624650848,63,0.7110060411907296
proc_single_sh,log_pop,-0.07574884792626728,0.5551592624650848,63,0.7110060411907296
m_external_dep,m_hub,-0.07555683563748081,0.5561653081917,63,0.7113742314079883
urban_share,m_typicality,-0.07531583824376407,0.5574292367365236,63,0.7120708959602043
m_external_dep,m_budget_dep,0.07517281105990783,0.5581799975250087,63,0.7121110793166993
proc_ufa_sh,log_pop,-0.07502880184331798,0.5589363971308616,63,0.7121583438346886
okpd_construction_sh,market_access,-0.07549925719113115,0.5597473355947628,62,0.7122748871964204
proc_ufa_sh,grants_pc,0.07445276497695852,0.561966840022639,63,0.7141812215948814
proc_pc,m_supply_reach,0.07401720702628059,0.564263372759161,63,0.7161804346558582
okpd_it_office_sh,sh_Здоровье,-0.07406008410767798,0.5672755404401001,62,0.7183403940201709
death_rate,emp_sh_agri,0.07466153005457579,0.5674163516401753,61,0.7183403940201709
proc_out_sh,log_density,0.0733549898013145,0.5709810068638133,62,0.7219300086783845
m_online_leakage,m_bridge,-0.07314953895743428,0.5720628173120194,62,0.7223752412485959
proc_local_sh,sh_Маркетплейсы,-0.07285135101105487,0.5736346258120412,62,0.7224676349793189
sh_Маркетплейсы,m_localization,-0.07285135101105487,0.5736346258120412,62,0.7224676349793189
sh_Здоровье,m_sync,0.07259953161592506,0.5749635682374387,62,0.7224676349793189
okpd_food_sh,m_sync,0.07198147059694843,0.5750550468320235,63,0.7224676349793189
m_online_leakage,m_typicality,0.07239807609982123,0.5760277428511352,62,0.7227724530071279
proc_ufa_sh,proc_single_sh,0.07104454685099847,0.5800535531764108,63,0.7259835874142184
proc_ufa_sh,m_competition,-0.07104454685099847,0.5800535531764108,63,0.7259835874142184
m_external_dep,m_activity,-0.07113897912417215,0.5826992751464992,62,0.7283740939331239
okpd_health_sh,sh_прочее,0.07068570421293849,0.5851095999089851,62,0.7304646959771692
m_online_leakage,m_leadership,0.07023950496175403,0.5874867003029759,62,0.7325086061712168
okpd_health_sh,sh_Здоровье,0.06982951826949713,0.5896747124861884,62,0.7343119061148762
emp_sh_agri,m_budget_dep,-0.0698747850396206,0.5925778605685753,61,0.7370001029684543
okpd_food_sh,m_external_dep,-0.06835637480798772,0.5945040838248332,63,0.7384680589543098
m_external_dep,m_typicality,0.068068356374808,0.5960618218521261,63,0.7387251530305947
okpd_food_sh,okpd_utilities_sh,0.06802035330261139,0.5963216211035978,63,0.7387251530305947
supply_out_pc,okpd_food_sh,-0.06782834101382489,0.5973613207163186,63,0.7387251530305947
emp_sh_agri,m_online_leakage,0.06891246971390279,0.5976958056338448,61,0.7387251530305947
emp_sh_agri,m_demo_resilience,-0.06736563532888941,0.6059631628280054,61,0.7480093905233484
wage,emp_sh_agri,0.06698783906246718,0.6079899186572025,61,0.7492152704121374
sh_прочее,birth_rate,0.0663381949460313,0.6084536135468268,62,0.7492152704121374
proc_ufa_sh,sh_Транспорт,-0.06454131097177104,0.618218641203933,62,0.7597085826139298
proc_pc,proc_out_sh,-0.06360407066052227,0.6204348401486467,63,0.7597085826139298
okpd_fuel_transport_sh,m_localization,0.06355606758832566,0.6206992020977561,63,0.7597085826139298
proc_local_sh,okpd_fuel_transport_sh,0.06355606758832566,0.6206992020977561,63,0.7597085826139298
okpd_utilities_sh,market_access,-0.06406608081862497,0.6208123670047164,62,0.7597085826139298
grants_pc,m_leadership,0.06255574510679467,0.6262189971201668,63,0.7653787742579816
proc_local_sh,proc_out_sh,0.06211597542242704,0.6286521543903418,63,0.7664601389734463
proc_out_sh,m_localization,0.06211597542242704,0.6286521543903418,63,0.7664601389734463
proc_pc,m_bridge,0.06088470311882573,0.6354854245303023,63,0.7738383398339475
emp_per_1000,emp_sh_agri,-0.06169510477101926,0.6366869544838837,61,0.7743489986966152
emp_per_1000,m_external_dep,-0.06129032258064516,0.6389044113021096,61,0.7752534878647043
log_pop,m_leadership,0.06025412009318293,0.6389968142399987,63,0.7752534878647043
proc_pc,supply_out_pc,0.05990783410138249,0.6409284696832712,63,0.7764196437887305
m_competition,m_bridge,0.05966028677061591,0.6423107962252226,63,0.7764196437887305
proc_single_sh,m_bridge,-0.05966028677061591,0.6423107962252226,63,0.7764196437887305
log_density,m_bridge,0.05947178425568263,0.6461206476439524,62,0.7779971480551463
birth_rate,emp_sh_agri,-0.0599069255222192,0.64650654241317,61,0.7779971480551463
market_access,m_localization,-0.05935682094713013,0.6467592453024095,62,0.7779971480551463
proc_local_sh,market_access,-0.05935682094713013,0.6467592453024095,62,0.7779971480551463
proc_ufa_sh,m_bridge,-0.0581957887855022,0.6505132901729341,63,0.7815632976592292
proc_ufa_sh,supply_out_pc,-0.057699692780337944,0.6533013199110264,63,0.7839615838932317
okpd_it_office_sh,spend_total,-0.05799400669839591,0.6543486192210288,62,0.7839925622746439
sh_Здоровье,m_budget_dep,-0.05789327894034399,0.6549109585870005,62,0.7839925622746439
emp_sh_industry,m_bridge,0.05810939613792666,0.6564383063970508,61,0.7843750863188333
proc_ufa_sh,okpd_health_sh,0.05707565284178187,0.6568150975336493,63,0.7843750863188333
m_demo_resilience,m_typicality,0.05719106507039988,0.6588365418880439,62,0.7858411764688716
sh_Маркетплейсы,market_access,-0.05686368336810346,0.6606698472168802,62,0.7870796013775107
okpd_utilities_sh,m_demo_resilience,-0.05668740091302076,0.6616578352315603,62,0.7873092029798614
proc_ufa_sh,sh_Маркетплейсы,0.05633199869053915,0.6636514588084754,62,0.7887334264350429
okpd_utilities_sh,m_leadership,0.055214772694959356,0.6673369122262355,63,0.7914879773845868
okpd_fuel_transport_sh,emp_sh_agri,0.055974674779252304,0.6683103122970633,61,0.7914879773845868
supply_out_pc,m_competition,0.05467549923195084,0.6703981522322837,63,0.7914879773845868
proc_single_sh,supply_out_pc,-0.05467549923195084,0.6703981522322837,63,0.7914879773845868
m_activity,m_typicality,-0.055072901714890085,0.6707329609399054,62,0.7914879773845868
emp_sh_agri,m_bridge,0.05553493405165586,0.6707660737633013,61,0.7914879773845868
m_external_dep,m_leadership,-0.05363997663301449,0.6762913513838668,63,0.7970576641309859
okpd_construction_sh,okpd_utilities_sh,-0.052275345622119815,0.6840870976004202,63,0.8026665645413684
emp_sh_budget,m_competition,-0.053146483342147006,0.6841638844938001,61,0.8026665645413684
proc_single_sh,emp_sh_budget,0.053146483342147006,0.6841638844938001,61,0.8026665645413684
death_rate,m_external_dep,0.052624953374172695,0.6845823192256265,62,0.8026665645413684
supply_out_pc,m_bridge,-0.05209771520814348,0.6851042899368245,63,0.8026665645413684
sh_прочее,m_external_dep,-0.052151796731384245,0.687271358772452,62,0.803485091585733
sh_Транспорт,emp_sh_industry,-0.05256756049447429,0.6874261339122382,61,0.803485091585733
m_demo_resilience,m_leadership,0.05166500411764636,0.6900419242263363,62,0.8035589272488973
okpd_fuel_transport_sh,m_bridge,0.05120941315159908,0.6901994365915043,63,0.8035589272488973
birth_rate,m_localization,-0.05154316438625912,0.6907360071604158,62,0.8035589272488973
proc_local_sh,birth_rate,-0.05154316438625912,0.6907360071604158,62,0.8035589272488973
okpd_utilities_sh,sh_прочее,-0.05099342751378712,0.6938708318205875,62,0.8062583609182883
supply_out_pc,okpd_it_office_sh,0.04901113671274962,0.702866966112575,63,0.8157541576218632
sh_Продовольствие,emp_sh_agri,0.048650385911289014,0.7096460664578097,61,0.8223601493939225
okpd_health_sh,birth_rate,-0.04814055940232514,0.710220129022024,62,0.8223601493939225
urban_share,m_external_dep,-0.04693841005154435,0.7148852403533458,63,0.826794845735762
okpd_fuel_transport_sh,sh_Продовольствие,0.04666213391755433,0.718744714797205,62,0.8299699496487007
okpd_food_sh,market_access,-0.0465637513497003,0.7193132136457067,62,0.8299699496487007
supply_out_pc,okpd_construction_sh,-0.04603494623655914,0.7201456431800343,63,0.8299699496487007
migr_rate,m_typicality,-0.045856311853138924,0.7234055594937717,62,0.8322300483213403
proc_local_sh,m_typicality,0.045218894009216595,0.7249082322987855,63,0.8322300483213403
m_localization,m_typicality,0.045218894009216595,0.7249082322987855,63,0.8322300483213403
supply_out_pc,okpd_fuel_transport_sh,-0.045122887864823345,0.7254692239407239,63,0.8322300483213403
log_density,m_leadership,-0.044783406313413786,0.7296267318051649,62,0.8360306301934181
okpd_food_sh,emp_sh_budget,-0.04473823373876255,0.7320802943213492,61,0.8373757885839292
proc_ufa_sh,okpd_it_office_sh,0.04387480798771122,0.7327750930304774,63,0.8373757885839292
log_pop,m_external_dep,-0.043682795698924734,0.7339011903474687,63,0.8373757885839292
log_density,emp_sh_agri,-0.044373428908098776,0.734184024738233,61,0.8373757885839292
m_supply_reach,m_typicality,-0.0429723031046015,0.7380728661789654,63,0.840842505773505
okpd_food_sh,emp_sh_agri,-0.04335765161984109,0.7400519439418874,61,0.8421280741407685
proc_pc,okpd_construction_sh,-0.04229070660522274,0.7420819611546265,63,0.8434685896016995
proc_ufa_sh,okpd_food_sh,0.04190668202764977,0.7443437796063205,63,0.8436470380475064
proc_pc,migr_rate,-0.042230112563269626,0.7445011110100582,62,0.8436470380475064
sh_Продовольствие,m_external_dep,-0.042179748684243665,0.744795465912647,62,0.8436470380475064
market_access,m_competition,0.04147674336017111,0.7489080010540743,62,0.845784771301969
proc_single_sh,market_access,-0.04147674336017111,0.7489080010540743,62,0.845784771301969
okpd_fuel_transport_sh,death_rate,0.04131398924540126,0.7498610999011939,62,0.845784771301969
sh_Маркетплейсы,m_hub,0.041273198861776335,0.7501000294981099,62,0.845784771301969
okpd_utilities_sh,m_typicality,-0.03965053763440861,0.7576748463729643,63,0.8525053086239532
okpd_utilities_sh,sh_Маркетплейсы,0.03996373800710131,0.7577824965546252,62,0.8525053086239532
sh_Здоровье,grants_pc,-0.039762282490997454,0.7589665081129414,62,0.8528681532710692
okpd_it_office_sh,emp_sh_agri,-0.039936086017288895,0.7599244712638358,61,0.8529764473369584
sh_Маркетплейсы,migr_rate,-0.03930900757976379,0.7616325451625846,62,0.85392550363642
proc_single_sh,m_typicality,-0.036530337941628264,0.7762270827409559,63,0.8683218213712388
m_competition,m_typicality,0.036530337941628264,0.7762270827409559,63,0.8683218213712388
okpd_construction_sh,sh_Транспорт,-0.035884263805998344,0.7818631040316215,62,0.8735064959381589
sh_прочее,m_leadership,-0.03575551918038602,0.7826265271688353,62,0.8735064959381589
market_access,emp_per_1000,0.03585594166524504,0.7838244530806512,61,0.8738583429615369
birth_rate,m_online_leakage,-0.0348577977243014,0.7879554248636115,62,0.8774756699830993
proc_ufa_sh,market_access,0.03465209402768394,0.7891778606235772,62,0.8778495303565634
okpd_fuel_transport_sh,m_external_dep,-0.032354070660522274,0.801252941257074,63,0.8899376232018484
sh_Здоровье,m_leadership,-0.032525824346880304,0.8018427877737867,62,0.8899376232018484
okpd_construction_sh,emp_sh_agri,0.03218410144900658,0.8055046511284966,61,0.8930006770629468
migr_rate,m_leadership,-0.030923692264117633,0.811419571840932,62,0.8977140789320198
sh_Транспорт,m_budget_dep,0.030797512024376122,0.8121750068020256,62,0.8977140789320198
supply_out_pc,sh_Транспорт,-0.030747148145350154,0.8124765805283735,62,0.8977140789320198
okpd_health_sh,market_access,0.029766551701106415,0.8183536425467318,62,0.8994124052137143
proc_single_sh,sh_Общественное питание,-0.029739870564830902,0.8185136927503429,62,0.8994124052137143
sh_Общественное питание,m_competition,0.029739870564830902,0.8185136927503429,62,0.8994124052137143
grants_pc,emp_sh_agri,0.029724851172172186,0.8201081623259159,61,0.8994124052137143
birth_rate,grants_pc,0.029464038712731986,0.8201687362841493,62,0.8994124052137143
proc_single_sh,okpd_food_sh,-0.029185867895545316,0.8203731332403879,63,0.8994124052137143
okpd_food_sh,m_competition,0.029185867895545316,0.8203731332403879,63,0.8994124052137143
birth_rate,m_supply_reach,0.029045336945147184,0.8226825167302546,62,0.9009465614634425
emp_per_1000,m_typicality,0.028186144896879952,0.8292766456847553,61,0.9068783583934564
m_hub,m_typicality,0.027505760368663597,0.830555792805283,63,0.9068783583934564
log_pop,m_typicality,-0.027457757296466972,0.8308471424877424,63,0.9068783583934564
m_supply_reach,m_leadership,0.02688312421617488,0.8343365681271133,63,0.9077379517073196
proc_pc,okpd_fuel_transport_sh,0.026833717357910906,0.8346367379549866,63,0.9077379517073196
okpd_it_office_sh,m_bridge,0.026649061696331456,0.835758815358765,63,0.9077379517073196
sh_Маркетплейсы,wage,-0.026869129460351037,0.8357759616317499,62,0.9077379517073196
sh_Здоровье,urban_share,0.026645461290291238,0.8371242724462699,62,0.9077379517073196
m_external_dep,m_sync,-0.02623399378541668,0.8382822012216828,63,0.9077379517073196
proc_single_sh,sh_Маркетплейсы,0.026264762912039486,0.8394202594565645,62,0.9077379517073196
sh_Маркетплейсы,m_competition,-0.026264762912039486,0.8394202594565645,62,0.9077379517073196
migr_rate,emp_sh_agri,0.026410209494699747,0.8398868320847522,61,0.9077379517073196
sh_Транспорт,m_activity,0.025861851879831785,0.8418516620605071,62,0.9088692970991298
sh_Транспорт,m_typicality,0.024350935509052908,0.8509823414197706,62,0.9177260544723016
log_pop,emp_sh_agri,0.024218269030564753,0.8530213998742473,61,0.9183311312811806
sh_Транспорт,migr_rate,-0.023645841202689432,0.855250075414869,62,0.9183311312811806
m_localization,m_leadership,-0.0233312093485063,0.8559735195751568,63,0.9183311312811806
proc_local_sh,m_leadership,-0.0233312093485063,0.8559735195751568,63,0.9183311312811806
sh_Продовольствие,m_typicality,-0.023343657928533657,0.8570803758923339,62,0.9183311312811806
supply_out_pc,emp_per_1000,0.023532522474881013,0.8571388802362022,61,0.9183311312811806
okpd_food_sh,m_hub,-0.022993471582181263,0.8580366630657495,63,0.9183311312811806
okpd_it_office_sh,m_typicality,-0.022657450076804916,0.8600902612402708,63,0.9195349445225358
okpd_it_office_sh,m_demo_resilience,-0.02266488708206072,0.8611943558368497,62,0.919722127592752
sh_Маркетплейсы,m_activity,-0.02223565258996248,0.8637978175964565,62,0.9215084476513922
emp_sh_agri,m_supply_reach,-0.022248770311229186,0.8648571194464337,61,0.9216453694854353
okpd_utilities_sh,sh_Здоровье,-0.020926191735287453,0.8717489663237449,62,0.92638704385656
emp_sh_agri,m_typicality,0.021010551278172068,0.8723135304138085,61,0.92638704385656
sh_Транспорт,m_leadership,-0.020827717075914756,0.872347433306488,62,0.92638704385656
emp_sh_budget,m_typicality,-0.020888418826017975,0.873049607998152,61,0.92638704385656
sh_Здоровье,migr_rate,-0.020523280703079752,0.8741980549464549,62,0.9266124993543793
m_budget_dep,m_typicality,0.020161290322580648,0.8753735680993169,63,0.9268661309286884
sh_Маркетплейсы,m_supply_reach,-0.020027268000175204,0.8772146724291143,62,0.9274610180427243
proc_pc,m_leadership,0.019430560641227466,0.8798564752409535,63,0.9274610180427243
migr_rate,m_bridge,-0.019244575676129406,0.8819783202839715,62,0.9274610180427243
proc_single_sh,m_demo_resilience,0.019189604396144744,0.8823130467691895,62,0.9274610180427243
m_competition,m_demo_resilience,-0.019189604396144744,0.8823130467691895,62,0.9274610180427243
wage,m_typicality,0.019062728211326836,0.8830856886582212,62,0.9274610180427243
proc_ufa_sh,sh_Здоровье,-0.01896200045327491,0.8836991709002261,62,0.9274610180427243
okpd_food_sh,m_supply_reach,-0.018684655574860307,0.8844363561523495,63,0.9274610180427243
okpd_fuel_transport_sh,emp_per_1000,-0.01887890005288207,0.8851756599240301,61,0.9274610180427243
death_rate,m_leadership,0.01869860530723765,0.8853036990407823,62,0.9274610180427243
emp_sh_agri,m_activity,-0.01844437707625792,0.8878012517883754,61,0.9290943332669045
sh_Общественное питание,birth_rate,-0.01786997728599399,0.8903544257137643,62,0.9307823457831327
proc_out_sh,supply_out_pc,-0.01737711213517665,0.8924737190342777,63,0.9320136939282014
m_leadership,m_typicality,0.01669283825661562,0.896684244178016,63,0.9354240271193213
birth_rate,m_hub,0.016483730811057928,0.8988136041315784,62,0.9366583874634343
okpd_fuel_transport_sh,sh_Маркетплейсы,0.014681070736068091,0.909830473969662,62,0.9471421337854525
sh_Здоровье,m_bridge,0.014332674816384335,0.9119616943099816,62,0.9483635266458843
proc_out_sh,okpd_health_sh,0.013440860215053764,0.9167314066504141,63,0.9523232870765058
supply_out_pc,okpd_health_sh,-0.012624807987711215,0.9217706589491103,63,0.9562786347893504
sh_Транспорт,grants_pc,-0.012616151696003627,0.9224708042664945,62,0.9562786347893504
okpd_construction_sh,m_typicality,0.012000768049155147,0.9256262829636285,63,0.9585460461652637
okpd_fuel_transport_sh,m_typicality,-0.011232718894009217,0.9303739966033607,63,0.9612129873098674
okpd_construction_sh,m_leadership,-0.011120482960503003,0.9310679919893923,63,0.9612129873098674
sh_Здоровье,log_pop,0.011205963083276675,0.9311143988183462,62,0.9612129873098674
m_external_dep,m_competition,0.008640552995391706,0.9464144180767922,63,0.9749742704433134
proc_single_sh,m_external_dep,-0.008640552995391706,0.9464144180767922,63,0.9749742704433134
emp_sh_industry,m_external_dep,-0.0077211909780616145,0.9529061383536468,61,0.9802980534813621
death_rate,m_competition,-0.006978033549375701,0.9570725711622864,62,0.9802980534813621
proc_single_sh,death_rate,0.006978033549375701,0.9570725711622864,62,0.9802980534813621
sh_прочее,emp_sh_agri,-0.006950055130184145,0.9576049727945019,61,0.9802980534813621
proc_pc,sh_Здоровье,0.006874669487043893,0.9577078604596245,62,0.9802980534813621
m_competition,m_online_leakage,0.0064717584548361915,0.9601844516821036,62,0.9802980534813621
proc_single_sh,m_online_leakage,-0.0064717584548361915,0.9601844516821036,62,0.9802980534813621
proc_pc,birth_rate,0.006427142747430844,0.9604587165028685,62,0.9802980534813621
log_density,m_typicality,0.00642139457581023,0.9604940524009306,62,0.9802980534813621
okpd_health_sh,m_leadership,-0.005475444769223701,0.9660283574149386,63,0.9835466067589699
emp_sh_agri,m_hub,0.005560044104147316,0.966078376495551,61,0.9835466067589699
supply_out_pc,birth_rate,-0.005418963492931888,0.9666574226025028,62,0.9835466067589699
emp_sh_agri,m_localization,-0.004865038591128901,0.9703165367174762,61,0.9852444834362066
proc_local_sh,emp_sh_agri,-0.004865038591128901,0.9703165367174762,61,0.9852444834362066
okpd_food_sh,death_rate,-0.004106207467683174,0.9747316829460577,62,0.9887134898735627
sh_Здоровье,m_activity,-0.003752108987434212,0.9769100732828164,62,0.9893334079671836
sh_Здоровье,wage,-0.003399561834252474,0.9790790867547646,62,0.9893334079671836
sh_Транспорт,m_hub,0.0032484701971745864,0.9800087110260559,62,0.9893334079671836
okpd_food_sh,m_localization,-0.0031682027649769587,0.9803394678947547,63,0.9893334079671836
proc_local_sh,okpd_food_sh,-0.0031682027649769587,0.9803394678947547,63,0.9893334079671836
m_external_dep,m_bridge,-0.0024728408601100357,0.9846539991538718,63,0.9926756203282414
m_sync,m_typicality,0.00220816782091339,0.9862963449785793,63,0.9933198184423129
m_sync,m_leadership,0.001962461720689762,0.9878210482270384,63,0.9938443473015934
grants_pc,m_external_dep,0.0014880952380952382,0.9907647972703544,63,0.9957940602006607
grants_pc,m_typicality,-0.0012960829493087558,0.9919563940488041,63,0.9959805579191846
proc_pc,m_hub,-0.0010080645161290324,0.9937438212121502,63,0.9962782108645694
okpd_food_sh,wage,-0.0009317317619803076,0.9942655276102974,62,0.9962782108645694
okpd_utilities_sh,m_external_dep,-0.0006720430107526882,0.9958291909876646,63,0.996836096135276
supply_out_pc,emp_sh_agri,0.00032077177523926826,0.9980424104064683,61,0.9980424104064683
