SW,CH,DB,S_Dbw,MQ,AVI,AVU,z_SW,z_CH,z_DB,z_S_Dbw,z_MQ,z_AVI,z_AVU,method,k,k_real,minsize,z_mean
0.14146482787299494,11.054574548183213,2.0227979768507773,0.8741076278046447,0.22255618662152285,0.560326978154186,0.7371955888723171,12.318198938267606,33.102447090649534,5.100261081198852,3.1538932762483407,17.57658143728023,15.130425458809945,10.677318755131878,kmeans_attr,3,3,13,13.865589433940912
0.11389283539346408,9.864266735718779,2.2353546803260467,0.8472888762044984,0.18038766426665626,0.49904739726021785,0.7140708736100726,6.5342832368934936,35.210327509818626,4.957252279567635,3.056582300145326,13.137344037345636,12.064273836420602,7.070285216774231,ward_attr,3,3,7,11.71862120242365
0.1358232776259595,8.558432202672865,1.6354115759187653,0.6146680501931916,0.2180933167449162,0.4720689293961919,0.4793285415650761,4.754859367576021,28.669720063432283,4.1853546511797814,4.005552678433663,11.174033796263837,10.163563798601691,9.506511465553205,gmm_attr,3,3,1,10.351370831577212
0.05096315809412867,7.382983603344896,3.0095868307273683,0.929057429697618,0.23145600048427575,0.5652016847212803,0.7253423748794937,11.193873972037698,27.1520280357657,4.672324565468703,5.229914457407648,16.40515448344418,16.200011974855077,12.680556035914929,spectral_struct,3,3,17,13.361980503556277
0.054659073091014525,7.876044605135049,3.0029991475520355,0.9261863529448883,0.25950884581424105,0.5905149764306957,0.7458425946480788,12.178506755874738,23.104339053308603,4.368065945735895,6.384545852601419,16.222868541354064,16.27441095207339,13.101981808610965,louvain_struct,3,3,18,13.09067412993701
0.09526697714964764,9.739878621599862,2.2773839655784864,0.8728600145186896,0.29445685329823373,0.6271080851541554,0.7798705656041957,14.753198706250659,29.63222964413062,4.403056842318083,8.419040437428432,17.34366530013736,17.15491984314315,13.69600122028671,spectral_fused,3,3,17,15.057444570527862
0.0813752399367116,8.993822745860829,2.4571121336973336,0.893609723181287,0.2895201548789671,0.6233731975153011,0.777450866934144,15.072762996717781,28.9961143887803,4.3265090400248205,8.689855732727919,19.22725619513799,19.101867498145054,15.32092608370139,louvain_fused,3,3,18,15.819327419319322
0.11037600252512386,9.553250403193505,2.141975886401218,0.8242808765990226,0.21311934186815795,0.46651141361713294,0.7534906872369702,11.347239695551277,32.96392637913451,5.590332079911569,3.9654936420159252,15.677232954719486,16.86242131543039,10.928079251915982,kmeans_attr,4,4,8,13.904960759811306
0.1286081054272515,9.404679406205414,2.0534321000821656,0.7919480430637742,0.20808944047242825,0.4506662103555198,0.7504555773899682,10.313473184847183,39.44773741928391,6.57332801650357,4.164263972329576,17.65420203501133,16.70909849432868,9.768382893733678,ward_attr,4,4,7,14.947212288005419
0.07119996548249244,7.5846943434789145,2.8475459080965537,0.902485034918795,0.17959918354340546,0.4041173027122692,0.7000021982681981,6.346992309660656,28.64481475145233,4.584767374100014,2.5507195423331934,13.733684000620709,11.863241985135835,7.366472938627804,gmm_attr,4,4,8,10.727241843132933
-0.019302742126903222,4.908211915653594,3.501918205048085,0.8938278697539543,0.20749962766392854,0.43316002219273686,0.7026127071192357,2.462420317111315,17.461727666595284,4.10608703369526,4.776361651082689,15.608446441398133,13.76751984603819,9.759705889609673,spectral_struct,4,4,10,9.706038406504362
0.026101669721301134,5.662916567859072,2.993457312233053,0.8854840997154677,0.24129547475187318,0.47144635668279167,0.7423664966677768,6.209619790736294,22.2271345369893,4.6502310291304525,5.032063068487184,16.4993776328539,15.468279514294498,10.507712125514507,louvain_struct,4,4,10,11.513488242572304
0.07371023091846951,7.931818863146644,2.186409951976693,0.792724545716419,0.2682093997363092,0.5145072104464363,0.7760106345104427,12.355474480681995,26.985906000732527,5.295034458066339,10.216182247738695,19.6339806409398,20.057582953367834,14.490002661777377,spectral_fused,4,4,12,15.576309063329223
-0.021069197890884628,6.700253356574478,2.2914947084755664,0.7755334734420438,0.29226390782090933,0.49750121648235524,0.7947414844959653,1.571912936512803,27.788622623004525,5.291187408864185,2.9088473044984307,20.47736990172421,18.880331051791632,5.328985976128628,louvain_fused,4,4,3,11.749608171789204
0.13021543554892562,8.68520699081019,1.7163796285860191,0.7534911393120491,0.20285920313559194,0.3531096275672999,0.7603492551227299,6.935982336110324,39.49690995989207,6.83431560780029,2.8239157254475895,14.77430496227503,15.05776219965391,4.925085120890347,kmeans_attr,5,5,2,12.97832513029565
0.1240443916139161,8.812888045311968,1.813190121288892,0.7177163284576185,0.20698809186016132,0.3676493100818875,0.7629238783027059,7.7224804370407485,40.96192096988421,7.700850111234406,3.528781318393373,18.894226605687592,17.005242132425792,5.17297572491936,ward_attr,5,5,2,14.426639614226497
0.0804236222827199,8.016658885185928,2.176090482301985,0.8074750424722458,0.212816148468693,0.41963181299386026,0.7588871696128149,10.949362714126934,41.00417098833361,7.167924234400828,8.757589205724077,21.112591080334862,20.26582375741099,12.235813485186165,gmm_attr,5,5,9,17.356182209359638
-0.05649645258581459,3.7689025620570082,3.541165344396874,0.8719074723201417,0.18077500679363984,0.3597470129589775,0.7079488482800832,0.5962561914393943,12.606811405380622,3.9152089913084076,3.826588426308921,15.406305013552517,13.08888407160607,7.5352551162517045,spectral_struct,5,5,6,8.139329887978233
-0.022661626598147667,4.5588200929019225,2.7165625827328257,0.8576631616537603,0.2395932617873473,0.40122397127721837,0.7595303769910033,2.84323621586893,17.723644717809368,4.956251005610307,3.8374906574957235,17.17448048538782,16.09410683281975,9.390783908637674,louvain_struct,5,5,6,10.288570546232796
0.04002228624636805,6.150179639264143,2.4378625680549626,0.797587874623633,0.25159443549443,0.44235125620084154,0.7783739277719963,8.368314384465652,18.808282428316396,5.221566877536083,10.040440128021345,18.006282792183253,17.410302643110818,11.216229602253032,spectral_fused,5,5,10,12.724488407983797
0.04420252676743658,6.843754922086592,2.158408417244787,0.7586293362591315,0.2789609980336945,0.45646687302095906,0.7991061085668483,6.199824493953736,38.09424989038875,8.121268275102492,6.120692324735872,26.389745093469298,26.042344684359414,12.179388068130178,louvain_fused,5,5,6,17.592501832877105
0.1093482084487354,8.121480913831213,1.7902780629194603,0.6791198747059337,0.20799093594043966,0.3514644213180818,0.7752066378517658,8.650197500593752,38.5434295696001,6.568372731109587,4.915130050479502,18.91157134481326,17.48864732752255,5.937561785561991,kmeans_attr,6,6,2,14.430701472811538
0.11502495457958932,8.219827936082288,1.8562484253477594,0.6933309658549587,0.18876619563235839,0.34008287919739727,0.7668828209409533,9.0920471257586,37.96689318864828,7.954808182849352,5.036464129499823,16.256573174946332,16.171309603442857,5.820435357857469,ward_attr,6,6,2,14.042647251857533
0.07002646494279781,6.798852679201806,2.005154949403889,0.6775137274275426,0.18180661836083717,0.32557217026292556,0.6256232993274419,5.017976519326924,28.080685368348508,5.785008930376727,5.923375253167522,15.8431987155682,18.162882162794272,10.195927023433969,gmm_attr,6,6,1,12.715579139002303
-0.04048159014861101,3.749942795031682,2.9090425496063688,0.8265345295465121,0.19321958110586518,0.3443149264761845,0.7497850357575085,2.558827914080217,13.563266494835542,4.62158915735039,4.674029823826204,14.484153685967513,13.276587117695978,7.398474215070099,spectral_struct,6,6,5,8.653846915546563
-0.04533269331711674,3.851819580012639,2.6014560977911945,0.7840357877176002,0.22445403051126386,0.3626669508385883,0.7780423674333505,2.393745892573331,14.10239619819207,5.075613387204679,4.741339714051167,17.540318591175733,16.87785705108085,7.724383079272909,louvain_struct,6,6,5,9.779379130507248
0.04087218322310325,5.680466511062247,2.22048747077745,0.7912620460478317,0.23674362014492917,0.3994770745119956,0.7874308084551304,11.834080427682089,23.942538611083968,6.216777165991885,8.75372589038289,20.23120260424822,21.050435756640084,12.866355572889494,spectral_fused,6,6,8,14.985016575559802
0.03696035227443753,6.176874931903487,2.0996329220105086,0.7096149753480391,0.26889967796314734,0.41536057243378965,0.8087372109306351,7.097724183809063,31.786221503081556,7.23441722713502,8.382422493153635,24.652971423326097,23.650193019696566,10.855797377796783,louvain_fused,6,6,6,16.237106746856963
0.11935659034650821,7.821689451040916,1.6536362869745995,0.6664203228814438,0.19151781537243087,0.31287901362822784,0.7848874624150092,9.33786264587721,34.72287006978315,8.40946831792747,5.222348731070396,21.451141687972047,18.07030103188223,5.895545767790494,kmeans_attr,7,7,2,14.729934036043284
0.11466376977716376,7.785527132429573,1.628643616461576,0.5784634556801094,0.18482987463579437,0.2892795082472297,0.6576591565317083,6.790125382018656,31.293549144102066,7.97265193021994,5.1712069731255275,15.472024666595756,16.1067163896231,5.822267556271371,ward_attr,7,7,1,12.66122029170806
0.07255344926399586,6.854750439118683,1.7557651039312783,0.6204366269997912,0.19226911331866678,0.26993528596484667,0.6321807304873326,6.90382331780289,39.403801420908295,6.7696177151269445,3.774497522537131,16.60617546551921,16.195491767252776,5.4874615895163235,gmm_attr,7,7,1,13.591552685523368
-0.06066288294062387,3.1926542957817143,2.8605352187506403,0.8139724497884289,0.1514872488442886,0.29831620315264945,0.744522615645103,2.1156888587139084,11.203908004543184,4.763322578700492,5.388571576689892,12.197602286418581,12.414150804193984,6.591916784331646,spectral_struct,7,7,5,7.810737270513097
-0.04533269331711674,3.851819580012639,2.6014560977911945,0.7840357877176002,0.22445403051126386,0.3626669508385883,0.7780423674333505,2.393745892573331,14.10239619819207,5.075613387204679,4.741339714051167,17.540318591175733,16.87785705108085,7.724383079272909,louvain_struct,7,6,5,9.779379130507248
0.05103237600548048,5.851582522160648,2.074947462970473,0.7181470393221746,0.2441380860403295,0.37208878814732405,0.8017046143595293,10.493867756663668,26.393758765398154,5.950449851756244,9.443170061546123,23.829861804385487,23.48976373695493,12.782806715520238,spectral_fused,7,7,7,16.054811241746407
0.04989405349723747,5.835919816418519,2.0644799593849275,0.7087858645304785,0.25252391682322106,0.38227217372032646,0.8100094624372955,10.008240452722701,26.22935397342956,6.162505435123049,9.921457984595396,23.039740541277865,22.570085717021055,11.348380070869052,louvain_fused,7,7,6,15.611394882148385
0.11926390915381614,7.388568095401042,1.5363353741217676,0.5460548701547694,0.1870255880179348,0.27634305477895593,0.6871534521891399,9.386333706495229,33.88762532010253,6.456543582593024,6.388060446180151,17.459379463754022,17.870835703933004,6.536006080055157,kmeans_attr,8,8,1,13.99782632901616
0.11628896381216572,7.483901418276663,1.472569048289727,0.4602414638001883,0.17510936373445646,0.24670590783364924,0.5748348886290962,8.241721693321448,33.91814709465465,8.391232927722566,6.311271409665243,14.35307357864308,14.76517996528142,5.679689605569424,ward_attr,8,8,1,13.094330896408263
0.08178138595533896,6.338087908013016,1.7675970068092657,0.588263731861377,0.1442022985330532,0.23621900360845927,0.6580165814311039,8.18952471583351,31.32895429817371,6.712162948226226,5.135598149395787,11.734331888289628,12.972253379340064,5.515031382189739,gmm_attr,8,8,1,11.65540810877838
-0.09350352307088589,2.463287020052565,3.342188190351566,0.834521526443748,0.11170914528915361,0.23775076084545788,0.7149705269481539,0.8931902903948367,10.938225911369633,4.124312950738523,3.5734204089030555,12.074124588734346,13.592256168967396,6.233289325019272,spectral_struct,8,8,3,7.346974234875295
-0.05851818902887915,3.3359011838650168,3.0236320545138966,0.8848982606434044,0.1552715000722981,0.26910373943169485,0.7631823644214983,3.4588236055506836,13.983446814078363,3.478747335252274,2.8486078007623465,13.686863738656548,14.89966510133105,7.535399915526256,louvain_struct,8,8,4,8.55593633016536
0.043418115719246995,5.739578199095777,1.9397572601540536,0.6898002163167102,0.23485491694760624,0.3496847431662105,0.8148592996593151,10.006086857926224,28.792791250482484,6.61326460912338,10.901393631377823,24.324376018793522,25.255076275739697,12.742284231802914,spectral_fused,8,8,5,16.94789612503515
0.043514277469743304,5.725374946909673,2.0365774767615297,0.7289550106978656,0.2236359823523394,0.34985167324699173,0.8131841907822028,10.93890106017979,30.543363766275363,7.29682571199713,10.470991822748601,25.502676424584138,25.92245721229472,13.186867270835313,louvain_fused,8,8,5,17.694583324130722
