prefix,mo,confidence,n_customers,method
0201,МР Абзелиловский,1.0,53,data: топоним заказчиков
0202,МР Альшеевский,1.0,63,data: топоним заказчиков
0203,МР Архангельский,1.0,38,data: топоним заказчиков
0204,МР Аскинский,1.0,37,data: топоним заказчиков
0205,МР Аургазинский,1.0,60,data: топоним заказчиков
0207,МР Бакалинский,1.0,29,data: топоним заказчиков
0208,МР Балтачевский,1.0,23,data: топоним заказчиков
0209,МР Белебеевский,1.0,15,data: топоним заказчиков
0210,МР Белокатайский,1.0,31,data: топоним заказчиков
0211,МР Белорецкий,1.0,46,data: топоним заказчиков
0212,МР Бижбулякский,1.0,37,data: топоним заказчиков
0213,МР Бирский,1.0,29,data: топоним заказчиков
0214,МР Благоварский,1.0,49,data: топоним заказчиков
0216,МР Буздякский,1.0,32,data: топоним заказчиков
0217,МР Бураевский,1.0,43,data: топоним заказчиков
0218,МР Бурзянский,1.0,38,data: топоним заказчиков
0219,МР Гафурийский,0.9782608695652174,49,data: топоним заказчиков
0220,МР Дуванский,1.0,59,data: топоним заказчиков
0221,МР Ермекеевский,1.0,35,data: топоним заказчиков
0222,МР Зианчуринский,1.0,57,data: топоним заказчиков
0223,МР Зилаирский,1.0,35,data: топоним заказчиков
0224,МР Иглинский,1.0,92,data: топоним заказчиков
0225,МР Илишевский,1.0,61,data: топоним заказчиков
0226,МР Ишимбайский,0.9642857142857143,28,data: топоним заказчиков
0227,МР Калтасинский,1.0,23,data: топоним заказчиков
0228,МР Караидельский,1.0,52,data: топоним заказчиков
0229,МР Кармаскалинский,1.0,49,data: топоним заказчиков
0230,МР Кигинский,1.0,32,data: топоним заказчиков
0231,МР Краснокамский,1.0,32,data: топоним заказчиков
0232,МР Кугарчинский,1.0,53,data: топоним заказчиков
0233,МР Куюргазинский,1.0,52,data: топоним заказчиков
0234,МР Кушнаренковский,1.0,42,data: топоним заказчиков
0235,МР Мелеузовский,1.0,27,data: топоним заказчиков
0236,МР Мечетлинский,1.0,31,data: топоним заказчиков
0237,МР Мишкинский,0.9736842105263158,41,data: топоним заказчиков
0238,МР Миякинский,1.0,51,data: топоним заказчиков
0239,МР Нуримановский,0.9655172413793104,32,data: топоним заказчиков
0240,МР Салаватский,1.0,39,data: топоним заказчиков
0241,МР Стерлибашевский,1.0,52,data: топоним заказчиков
0242,МР Стерлитамакский,1.0,76,data: топоним заказчиков
0243,МР Татышлинский,1.0,42,data: топоним заказчиков
0244,МР Туймазинский,1.0,16,data: топоним заказчиков
0245,МР Уфимский,0.956989247311828,96,data: топоним заказчиков
0247,МР Федоровский,1.0,32,data: топоним заказчиков
0248,МР Хайбуллинский,1.0,52,data: топоним заказчиков
0249,МР Чекмагушевский,1.0,36,data: топоним заказчиков
0250,МР Чишминский,1.0,50,data: топоним заказчиков
0251,МР Шаранский,1.0,48,data: топоним заказчиков
0253,ГО Агидель,1.0,5,data: топоним заказчиков
0254,МР Баймакский,0.9047619047619048,67,data: топоним заказчиков
0255,МР Белебеевский,0.75,25,data: топоним заказчиков
0256,МР Белорецкий,0.5,69,data: топоним заказчиков
0257,МР Бирский,0.47619047619047616,27,data: топоним заказчиков
0258,МР Благовещенский,0.7872340425531915,51,data: топоним заказчиков
0259,МР Давлекановский,0.9807692307692307,58,data: топоним заказчиков
0260,МР Дюртюлинский,0.7230769230769231,70,data: топоним заказчиков
0261,МР Ишимбайский,0.5405405405405406,49,data: топоним заказчиков
0262,ГО Кумертау,1.0,34,data: топоним заказчиков
0263,МР Мелеузовский,0.9454545454545454,61,data: топоним заказчиков
0264,ГО Нефтекамск,0.9047619047619048,30,data: топоним заказчиков
0265,ГО Октябрьский,1.0,62,data: топоним заказчиков
0266,ГО Салават,1.0,104,data: топоним заказчиков
0267,ГО Сибай,0.98,61,data: топоним заказчиков
0268,ГО Стерлитамак,0.9047619047619048,38,data: топоним заказчиков
0269,МР Туймазинский,0.7647058823529411,24,data: топоним заказчиков
0270,МР Учалинский,0.9418604651162791,91,data: топоним заказчиков
0271,МР Янаульский,0.7272727272727273,69,data: топоним заказчиков
0272,ГО Уфа,1.0,26,rule: инспекции регионального центра
0273,ГО Уфа,1.0,59,rule: инспекции регионального центра
0274,ГО Уфа,1.0,152,rule: инспекции регионального центра
0275,ГО Уфа,1.0,49,rule: инспекции регионального центра
0276,ГО Уфа,1.0,100,rule: инспекции регионального центра
0277,ГО Уфа,1.0,95,rule: инспекции регионального центра
0278,ГО Уфа,1.0,108,rule: инспекции регионального центра
0279,ГО Межгорье,1.0,13,rule: задано в конфиге
