mo,lag,r,n
ГО Агидель,1,-0.4895900270721512,22
ГО Кумертау,3,0.5061770805225977,20
ГО Нефтекамск,0,0.6411485120486707,23
ГО Октябрьский,0,0.46560202751478447,23
ГО Салават,0,0.4189776504918833,23
ГО Сибай,0,0.4000224815080315,23
ГО Стерлитамак,0,0.6109454808480143,23
ГО Уфа,0,0.5978066426249871,23
МР Абзелиловский,1,-0.42242373045474396,22
МР Альшеевский,1,-0.5015732902619757,22
МР Архангельский,1,-0.4788385508937461,22
МР Аскинский,-2,-0.3131967740789303,21
МР Аургазинский,-2,-0.3501483312736449,21
МР Баймакский,-2,-0.4163534014579202,21
МР Бакалинский,1,-0.6330957469078169,22
МР Балтачевский,1,0.26833522398093757,22
МР Белебеевский,1,-0.6234598262933264,22
МР Белокатайский,1,-0.6485282471698993,22
МР Белорецкий,0,0.4252568826616521,23
МР Бижбулякский,-2,-0.4090277272598629,21
МР Бирский,-2,-0.6856394660224435,21
МР Благоварский,-3,-0.6007458836028909,20
МР Благовещенский,-1,0.5498707827004171,22
МР Буздякский,-1,0.546195809321638,22
МР Бураевский,-3,-0.5551609768235941,20
МР Бурзянский,2,0.48891400715665495,21
МР Гафурийский,3,0.2981659565636624,20
МР Давлекановский,-1,0.609323317795542,22
МР Дуванский,1,-0.5674425832972885,22
МР Дюртюлинский,-1,0.49993163432302423,22
МР Ермекеевский,2,0.5078886210128846,21
МР Зианчуринский,-3,-0.36130352924323644,20
МР Зилаирский,1,-0.51643719201449,22
МР Иглинский,-3,-0.5700172987940454,20
МР Илишевский,-2,-0.5151813922387998,21
МР Ишимбайский,-2,-0.5803315531842589,21
МР Калтасинский,2,0.45085644563442534,21
МР Караидельский,2,-0.5350846187331078,21
МР Кармаскалинский,0,0.607781118956808,23
МР Кигинский,0,0.47452434306459534,23
МР Краснокамский,1,-0.45159138910046637,22
МР Кугарчинский,2,0.3334952945292868,21
МР Кушнаренковский,3,0.32599206612669035,20
МР Куюргазинский,1,-0.7267317114054235,14
МР Мелеузовский,1,-0.49961762317099856,22
МР Мечетлинский,3,-0.43224080467767956,20
МР Мишкинский,1,-0.3670413512492536,22
МР Миякинский,1,-0.6174042051999779,22
МР Нуримановский,0,0.38629340796858963,23
МР Салаватский,1,-0.6208860459129099,22
МР Стерлибашевский,-3,0.14384035662601716,20
МР Стерлитамакский,3,0.5307514502779384,20
МР Татышлинский,-3,-0.3389090434115656,20
МР Туймазинский,1,-0.6655225134160427,22
МР Уфимский,-3,-0.4842060200824992,20
МР Учалинский,2,0.3883027054138716,21
МР Федоровский,0,0.183371159889962,23
МР Хайбуллинский,2,-0.5628476396070015,21
МР Чекмагушевский,1,-0.3745174786931443,22
МР Чишминский,1,-0.3813838039003711,22
МР Шаранский,0,0.47954411253571244,23
МР Янаульский,1,-0.5577933428793442,22
