SW,CH,DB,S_Dbw,MQ,AVI,AVU,scheme,ARI_vs_final,minsize,w_comovement,w_lead_lag,w_dtw,w_procurement_flow
0.05103237600548048,5.851582522160648,2.074947462970473,0.7181470393221746,0.2441380860403295,0.37208878814732405,0.8017046143595293,итоговые веса,1.0,7,0.35,0.1,0.15,0.4
0.05221335172787895,5.91431908127471,2.1590100158588728,0.7552461260004146,0.20782799530203844,0.34114851562167164,0.7735849776831853,равные веса,0.7693767921875662,7,0.25,0.25,0.25,0.25
0.04623051780736626,5.758631194021325,2.1580784659820096,0.7586286909940048,0.21066622930319565,0.35335851280244385,0.7872438000452758,без слоя comovement,0.8404947111903794,7,0.0,0.15384615384615385,0.23076923076923075,0.6153846153846154
0.054992120521303374,5.910917673940724,2.056911827423202,0.7300249356188775,0.2608257534398486,0.38973750415101016,0.813695118784356,без слоя lead_lag,0.8922398823762338,6,0.38888888888888884,0.0,0.16666666666666666,0.4444444444444445
0.05086636045667202,5.860622257856664,2.1369559452910445,0.7371123821829314,0.24037943792710986,0.3780665589416183,0.8038444894874156,без слоя dtw,0.920616122855451,7,0.4117647058823529,0.11764705882352942,0.0,0.4705882352941177
0.04397511526498254,5.993056632916074,2.021783195890006,0.7532654292548213,0.26246157962433325,0.3854956342106891,0.8087227912954225,без слоя procurement_flow,0.5103064686336244,6,0.5833333333333334,0.16666666666666669,0.25,0.0
0.05103237600548048,5.851582522160648,2.074947462970473,0.7181470393221746,0.24132309973828817,0.36837852529969023,0.7989333426291442,возмущение 1,1.0,7,0.3594778410169989,0.1361751794260499,0.13836421994281484,0.3659827596141364
0.05447696484281516,5.893878164878334,2.0636155580821494,0.7305697342156569,0.25520448914699373,0.3802434662576735,0.8086942974587731,возмущение 2,0.9264932816440212,6,0.39680748425965223,0.07558577003043519,0.15110824150108193,0.37649850420883074
0.049571099932973976,5.854984974244996,2.093432977809283,0.7174049331264738,0.2565078612401508,0.3795987724874433,0.8055176891402908,возмущение 3,0.9235860683799699,7,0.41107782856412095,0.06429545681122922,0.23242498512457221,0.29220172950007756
0.051846283190211055,5.8783341015753,2.0838404385325977,0.7163326400401555,0.2436937293886897,0.37637464317503616,0.8035982694648919,возмущение 4,0.9638605363500894,7,0.3730761139333772,0.10353278731824077,0.08777533252218857,0.4356157662261934
0.049571099932973976,5.854984974244996,2.093432977809283,0.7174049331264738,0.25700168791607,0.3801523890484568,0.8059130784023564,возмущение 5,0.9235860683799699,7,0.39550946302944995,0.05041131363073644,0.2526746753156269,0.3014045480241866
0.05161114441936187,5.857037874923027,2.0752852277894163,0.7190500006470296,0.242455579488332,0.37236690321456906,0.8028471603784776,возмущение 6,0.9578051778858514,7,0.24274340767090133,0.0868568796775567,0.20775582337255089,0.46264388927899114
0.05479521479197556,5.928244562733956,2.0567975181192706,0.7290056736023549,0.2613329794118227,0.3906981540908125,0.8136778286437105,возмущение 7,0.8622404630725873,6,0.444378192163846,0.024155103719822067,0.11763932286737647,0.4138273812489555
0.051839157716855995,5.8739949879914395,2.068581497130469,0.7185052020502504,0.24880993849823713,0.3844924531634754,0.8100021818603701,возмущение 8,0.9235860683799699,7,0.263581938779914,0.01700413584364674,0.16595572795453256,0.5534581974219067
0.048203678957545085,5.755271770132906,2.1395929511431997,0.7593707971897055,0.22698329853254143,0.36037268348732876,0.7911166854175089,возмущение 9,0.9183447577761396,7,0.37911629552886383,0.19835385700322541,0.07044391202818945,0.3520859354397214
0.05103237600548048,5.851582522160648,2.074947462970473,0.7181470393221746,0.2475743298953334,0.3756790720665398,0.8042338426983839,возмущение 10,1.0,7,0.33463591945294296,0.05578032310742757,0.18174917629527462,0.4278345811443548
0.051846283190211055,5.8783341015753,2.0838404385325977,0.7163326400401555,0.24774627956313683,0.383026045998732,0.8084858147402928,возмущение 11,0.9638605363500894,7,0.3323165463470385,0.031689383221580596,0.11348162715352302,0.5225124432778578
0.05086636045667202,5.860622257856664,2.1369559452910445,0.7371123821829315,0.25710888034032775,0.3856078832973169,0.8071813200126833,возмущение 12,0.920616122855451,7,0.5682631856134533,0.07840079352971234,0.05001551643392842,0.30332050442290587
0.05103237600548048,5.851582522160648,2.074947462970473,0.7181470393221746,0.25619486103307304,0.3801206784865598,0.8066107446984427,возмущение 13,1.0,7,0.470879568876147,0.0743742837805716,0.12913224254607694,0.32561390479720453
0.04945539393591746,5.857560587944011,2.081290246630278,0.7156624825359863,0.22802260190933168,0.3567014702004257,0.7897869929333687,возмущение 14,0.9638605363500894,7,0.2635461627562478,0.17583692972656267,0.2014143638116392,0.3592025437055503
0.05928466923112123,5.933342718876506,2.063587971675273,0.7342813902586633,0.2540452383843422,0.3701517022952559,0.8000880108388257,возмущение 15,0.8359375,5,0.33869369549646144,0.09810313418119271,0.30786914087477835,0.2553340294475676
0.05257431133717969,5.8918152952496206,2.078376800873285,0.7289246666951009,0.24559149016342124,0.36761772433467577,0.7981292590334025,возмущение 16,0.8922398823762338,6,0.32788805474552624,0.13538676595650032,0.2641310785368923,0.2725941007610811
0.05086636045667202,5.860622257856664,2.1369559452910445,0.7371123821829314,0.23106555800600953,0.36894589639005115,0.7975875838894565,возмущение 17,0.920616122855451,7,0.3204228528767334,0.1474996750241878,0.05127773112214613,0.4807997409769327
0.05541079109991098,5.89633863473597,2.059325462751518,0.741862998422557,0.27236754762039406,0.39570344341065455,0.8198784806094668,возмущение 18,0.7975034392379909,5,0.6131267025439179,0.10450146444719413,0.022206422278591327,0.2601654107302967
0.048203678957545085,5.755271770132906,2.1395929511431997,0.7593707971897055,0.2225217412447685,0.35157609453563976,0.7834781399293601,возмущение 19,0.9183447577761396,7,0.34761036619321534,0.23070373822888898,0.1612563870602729,0.2604295085176228
0.05103237600548048,5.851582522160648,2.074947462970473,0.7181470393221746,0.24774052758100665,0.37323320430100565,0.802097486431362,возмущение 20,1.0,7,0.4186776911803458,0.11803247048574807,0.12386974121895798,0.33942009711494825
0.04993819832986962,5.8339328844140255,2.1213737526453587,0.7389267814649505,0.2501408385666595,0.3734027475238339,0.79972003354738,возмущение 21,0.9572872948838796,7,0.4837775203560907,0.10510145329639882,0.1574736394438309,0.2536473869036797
0.035594125013529126,5.6508048548916685,2.1963675507237133,0.7240299179938847,0.23570498974316648,0.3783143969213995,0.8048953159300174,возмущение 22,0.8305046947454225,7,0.252461166413912,0.056543847939105316,0.05315081143439227,0.6378441742125904
0.05103237600548048,5.851582522160648,2.074947462970473,0.7181470393221746,0.2296407066587678,0.361097713043495,0.7944023793838475,возмущение 23,1.0,7,0.2985929775427731,0.18695032980587414,0.09618469609145078,0.41827199655990205
0.04929272775008708,5.934976821444447,2.0559656044227963,0.7208158631511717,0.2596549455127117,0.37862956473539155,0.806110688628558,возмущение 24,0.8125171905353092,5,0.3430804838190425,0.02163064306550867,0.31606192696477764,0.31922694615067126
0.05103237600548048,5.851582522160648,2.074947462970473,0.7181470393221746,0.22981172944797182,0.36259757788915836,0.7956995695959561,возмущение 25,1.0,7,0.23140750177831343,0.14570222995413193,0.14655779540036187,0.4763324728671929
0.05012629767453664,5.810488183234127,2.098809712155164,0.7128179657717622,0.26285330797811224,0.39162446203263146,0.8126814302869612,возмущение 26,0.9296319952832506,7,0.49052427736995163,0.012346407504829052,0.10751493504939005,0.3896143800758293
0.05103237600548048,5.851582522160648,2.074947462970473,0.7181470393221746,0.25378810619282444,0.3769583098547198,0.8043089334812855,возмущение 27,1.0,7,0.43622688662995013,0.07985616258832541,0.16596170359266632,0.3179552471890582
0.051846283190211055,5.8783341015753,2.0838404385325977,0.7163326400401555,0.2499728163439229,0.3802047929601021,0.8058115321374508,возмущение 28,0.9638605363500894,7,0.405441079747591,0.07333648495101748,0.11522402475855315,0.4059984105428384
0.04198410299594433,5.330764639935825,2.407289310558848,0.7549436680993329,0.21959738667852885,0.3423616310722634,0.7781977822963697,возмущение 29,0.5358588049231989,6,0.3420992296568969,0.3710383018841332,0.07443129697657655,0.21243117148239335
0.04906136841692556,5.792933890043977,2.1519252189136107,0.733597707914538,0.2564150928449553,0.38803755233107246,0.8089033963941891,возмущение 30,0.8859363480986086,7,0.5381679421323575,0.06384025671550436,0.03383976967899106,0.36415203147314706
0.04906136841692556,5.792933890043978,2.1519252189136107,0.733597707914538,0.25365639433549536,0.3909109463996727,0.8117517233349935,возмущение 31,0.8859363480986086,7,0.4591879896426234,0.025021456707610003,0.02279721681394899,0.49299333683581764
0.043455861713851004,5.601559169950347,2.144063060029391,0.7641912270979476,0.20451417073656478,0.3426662309136011,0.7797751386582318,возмущение 32,0.8738039096288492,7,0.146528386612392,0.3104285662663313,0.07329797595062626,0.4697450711706505
0.05103237600548048,5.851582522160648,2.074947462970473,0.7181470393221746,0.24025709585905927,0.36863239569819534,0.7993319079301964,возмущение 33,1.0,7,0.3395623519907815,0.12864632289695638,0.13766311717272306,0.3941282079395392
0.05103237600548048,5.851582522160648,2.074947462970473,0.7181470393221746,0.24320772506741806,0.37069157401283365,0.8006459013014197,возмущение 34,1.0,7,0.35741864945389945,0.11543267691375236,0.14369905443159925,0.38344961920074894
0.046799147040968894,5.839057732288909,2.0826636673317016,0.7213016467789166,0.25283535943169405,0.3703325914101215,0.8024656175744483,возмущение 35,0.8332426115077968,5,0.27009639135910846,0.08389011433194181,0.33407372332867497,0.3119397709802747
0.05103237600548048,5.851582522160648,2.074947462970473,0.7181470393221746,0.23445087102426473,0.3644612231497992,0.7966148228192814,возмущение 36,1.0,7,0.29277935864246574,0.14813384890582157,0.14035087634019414,0.41873591611151845
0.05103237600548048,5.851582522160648,2.074947462970473,0.7181470393221746,0.2344173858795299,0.3657732710191209,0.797763284666223,возмущение 37,1.0,7,0.27162432488208804,0.13162333097017312,0.14371796375644305,0.45303438039129584
0.045123177563264755,5.960772658322351,2.0053184474664594,0.7163752082733011,0.2647942641461877,0.3862186720016301,0.8095471991411868,возмущение 38,0.8932182372096991,6,0.5745677866407184,0.070543496651647,0.16264011957913754,0.192248597128497
0.05103237600548048,5.851582522160648,2.074947462970473,0.7181470393221746,0.2535676549200109,0.37598578714367276,0.8034800236733829,возмущение 39,1.0,7,0.4959520762046572,0.12400002701034195,0.10442590236858745,0.27562199441641333
0.04945539393591746,5.857560587944011,2.081290246630278,0.7156624825359863,0.23579292303320376,0.3629564174757643,0.7941044084492085,возмущение 40,0.9638605363500894,7,0.2874797644020953,0.12820174323131686,0.23063952339640395,0.353678968970184
0.05103237600548048,5.851582522160648,2.074947462970473,0.7181470393221746,0.2372536685104289,0.36337840914748776,0.79517270972693,возмущение 41,1.0,7,0.30865196112394566,0.148841394335147,0.1876795167795704,0.354827127761337
0.05103237600548048,5.851582522160648,2.074947462970473,0.7181470393221746,0.24709420893832765,0.37128517182986337,0.8004954978873703,возмущение 42,1.0,7,0.42972540248803803,0.13670576644592494,0.12496179192677305,0.308607039139264
0.04906136841692556,5.792933890043979,2.1519252189136107,0.733597707914538,0.2523613355860481,0.38746293369410434,0.8091536289632769,возмущение 43,0.8859363480986086,7,0.44912950048723144,0.03563600936291976,0.06018179392228063,0.4550526962275683
0.04481215988517058,5.5833224583970145,2.146148129795844,0.7511468646955087,0.24372325824493948,0.3675382463750409,0.7942614724192171,возмущение 44,0.8839636031555668,7,0.48882093614115774,0.12220400474359565,0.19875146693192802,0.1902235921833185
0.05103237600548048,5.851582522160648,2.074947462970473,0.7181470393221746,0.2348511423765123,0.3625853189419684,0.7948795517928466,возмущение 45,1.0,7,0.306120332185084,0.16170145904297623,0.15843477111817125,0.37374343765376866
0.051846283190211055,5.8783341015753,2.0838404385325977,0.7163326400401555,0.2433296561519406,0.375069694241311,0.8025342938695997,возмущение 46,0.9638605363500894,7,0.3547718788557057,0.09935887037486671,0.11846167399611329,0.4274075767733144
0.05103237600548048,5.851582522160648,2.074947462970473,0.7181470393221746,0.21833427813854236,0.35504686015756465,0.7907288296532508,возмущение 47,1.0,7,0.2094619432251997,0.21503005084896787,0.07502965408720413,0.5004783518386282
0.045253871483278495,5.826717871771375,2.086446811749364,0.7144825055564166,0.2632107673955214,0.3780993546557468,0.8065283748853762,возмущение 48,0.7956648031676966,6,0.41816904264526367,0.11728519135601562,0.3338876433027979,0.1306581226959228
0.048203678957545085,5.755271770132906,2.1395929511431997,0.7593707971897055,0.21918076838279155,0.353075746266844,0.7858619872922624,возмущение 49,0.9183447577761396,7,0.3403099322521824,0.24471367453431325,0.06743692314787772,0.3475394700656266
0.05447696484281516,5.893878164878334,2.0636155580821494,0.7305697342156569,0.2536244606676451,0.37859914033630926,0.8075745538891301,возмущение 50,0.9264932816440212,6,0.37920439859977584,0.08121887550971657,0.16307952550714228,0.37649720038336526
