mo,mbt_total,mbt_dot,mbt_sub,mbt_subv,mbt_other,sub_share,mbt_nodot,mbt_pc_2025,type
ГО Агидель,35091.952765515685,8142.751049679476,10561.642691215022,11189.93665464742,5197.62236997377,0.300970503459522,26949.20171583621,29881.31018429483,Западные промышленные районы
ГО Кумертау,23436.527153149163,2823.526909867032,7108.946138315095,12076.79360597288,1427.2604989941606,0.30332762579799993,20613.000243282135,24272.927399538778,Города и промышленные центры
ГО Межгорье,45854.68846924267,19518.965346665795,6846.672791418968,17760.504180020667,1728.5461511372437,0.14931238265878566,26335.723122576874,44815.33691910051,"Горный юго-восток, связанный с соседними регионами"
ГО Нефтекамск,21583.16522379285,252.8659857674379,8086.048865164107,12525.469867045182,718.7805058161244,0.37464610872969684,21330.29923802541,21007.875265148887,Города и промышленные центры
ГО Октябрьский,16948.76257101017,232.22187130133062,5112.230454404909,11090.289300548848,514.0209447550828,0.3016285367728892,16716.540699708843,17544.533493777228,Города и промышленные центры
ГО Салават,16614.64807778601,1153.4263321012304,4366.663220489241,9861.000983066551,1233.5575421289864,0.2628200850265089,15461.221745684777,18192.991654879836,Города и промышленные центры
ГО Сибай,25171.73847830707,3956.9243987072796,6769.113810341776,13632.994087125911,812.7061821321058,0.2689172150813254,21214.81407959979,30596.46437967063,Города и промышленные центры
ГО Стерлитамак,20532.81288020905,565.4087414125639,6031.416974085282,12379.987729030963,1555.9994356802385,0.2937452851332795,19967.404138796486,22303.86843228269,Города и промышленные центры
ГО Уфа,24541.24285844539,28.147567023253284,12694.716842342103,10197.167829748514,1621.210619331517,0.5172809264618586,24513.095291422134,18106.06259673975,Города и промышленные центры
МР Абзелиловский,31649.023037309864,2638.3319231293904,10267.441198190209,17236.080269649636,1507.1696463406313,0.3244157390288573,29010.691114180478,34332.22840552031,Бюджетная сельская периферия с молодым населением
МР Альшеевский,28741.430756134643,3932.3063224617313,9864.00240587011,13527.377951373264,1417.744076429537,0.3431980296862818,24809.12443367291,33668.43298851871,Западные промышленные районы
МР Архангельский,37578.77641369764,7872.380760411652,11644.776090515164,16300.323258004333,1761.29630476649,0.3098764036997913,29706.395653285985,38866.852056451615,Пригородный пояс Уфы
МР Аскинский,43808.413625846784,11118.266054081974,12179.270984900666,17407.60695085542,3103.269636008724,0.278012143715584,32690.147571764814,45997.14787346419,Северная аграрная периферия
МР Аургазинский,33704.28649511038,4840.636933662665,13879.715950028556,13381.294046778903,1602.639564640252,0.41180862713240185,28863.64956144771,36183.76084954798,Стареющие аграрные районы центра и юго-запада
МР Баймакский,31036.50315043351,3676.829457293205,10711.147839285373,15202.693417198812,1445.8324366561162,0.3451145184548847,27359.673693140303,32151.84278581994,Бюджетная сельская периферия с молодым населением
МР Бакалинский,32999.90854552053,7371.393262402779,7585.8227384838665,16346.190886229011,1696.50165840487,0.22987405337865946,25628.515283117747,35436.963364768504,Бюджетная сельская периферия с молодым населением
МР Балтачевский,40248.41661153781,8644.443099456186,13522.769552054719,16322.658095812078,1758.5458642148342,0.33598264703357833,31603.97351208162,37819.48944385266,Северная аграрная периферия
МР Белебеевский,17985.15333998402,328.28034750152705,4375.9846454968565,12263.309749468313,1017.578597517321,0.24331094446486076,17656.872992482495,21784.303688749,Западные промышленные районы
МР Белокатайский,46145.970281536065,11226.753519200875,11502.706095918014,21291.301465542056,2125.2092008751224,0.24926783478037476,34919.21676233519,45964.576509298175,Бюджетная сельская периферия с молодым населением
МР Белорецкий,25499.18716741472,2872.180215498114,7749.294378011651,13648.163552442848,1229.5490214621045,0.3039035843430506,22627.006951916603,26582.768759634706,"Горный юго-восток, связанный с соседними регионами"
МР Бижбулякский,29869.12498854472,5158.554509569953,9374.022581022391,13555.156867452635,1781.3910304997385,0.31383653135528666,24710.57047897477,29055.554810748905,Стареющие аграрные районы центра и юго-запада
МР Бирский,28288.984468427723,2881.387944223949,12459.034827255275,11525.425146637817,1423.1365503106797,0.44042001016898774,25407.59652420377,27981.983783141928,Города и промышленные центры
МР Благоварский,25211.769476519872,3734.0381830188617,6928.085880922421,13108.161337106898,1441.484075471696,0.2747957015621081,21477.731293501012,27082.741705241046,Стареющие аграрные районы центра и юго-запада
МР Благовещенский,23378.980368652243,904.1700213473458,6883.08411747198,14103.35217783981,1488.374051993103,0.29441335802228474,22474.810347304898,26715.47093928322,Западные промышленные районы
МР Буздякский,23907.74562499998,5168.601624528151,5233.15865504089,12316.540618512103,1189.4447269188418,0.21888967438103624,18739.14400047183,28513.317267615585,Стареющие аграрные районы центра и юго-запада
МР Бураевский,58085.25000191936,6964.903283109404,36152.55267490402,13548.855898992319,1418.938144913627,0.6224050455788586,51120.34671880996,69641.71399136275,"Горный юго-восток, связанный с соседними регионами"
МР Бурзянский,42763.64199958969,11157.163782603595,9484.419313932356,19758.528162768882,2363.5307402848593,0.2217869870396763,31606.47821698609,47843.12202215577,"Горный юго-восток, связанный с соседними регионами"
МР Гафурийский,31336.888342082973,6674.651354953428,6144.192536325147,16884.40274970364,1633.641701100762,0.1960690056157867,24662.236987129545,37535.111888569,Бюджетная сельская периферия с молодым населением
МР Давлекановский,22347.031722479947,2997.944456628705,6414.23685392942,11672.605522845484,1262.2448890763383,0.2870285831955495,19349.08726585124,24122.32488710809,Пригородный пояс Уфы
МР Дуванский,28938.844923414632,1641.0384660162601,8691.858385853659,17147.415324552847,1458.5327469918698,0.30035263704741066,27297.806457398372,27628.717080650404,Бюджетная сельская периферия с молодым населением
МР Дюртюлинский,24131.36072339856,3970.7218913803977,5424.2952815187955,12213.716615522428,2522.62693497694,0.22478198986347342,20160.63883201816,27991.62206356991,Западные промышленные районы
МР Ермекеевский,32627.580596770837,8052.507677639364,12539.214654464475,10183.91765328137,1851.9406113856223,0.3843133454922945,24575.07291913147,26624.169727886427,Стареющие аграрные районы центра и юго-запада
МР Зианчуринский,37322.649337496274,9705.416631025197,7612.6798624951925,18109.14039112956,1895.4124528463292,0.20396943940544698,27617.232706471077,41382.588968820855,"Горный юго-восток, связанный с соседними регионами"
МР Зилаирский,38514.48589312063,12368.762582039206,9475.45120335886,14895.42175462019,1774.8503531023814,0.24602304778658213,26145.723311081423,44831.09492375798,"Горный юго-восток, связанный с соседними регионами"
МР Иглинский,24642.518813485436,249.88276909661192,7820.037575423007,15255.741332930149,1316.8571360356693,0.3173392149808789,24392.636044388822,26510.656288555412,Пригородный пояс Уфы
МР Илишевский,35851.450150139804,6760.266995231052,13465.46737099162,14031.264338431187,1594.451445485941,0.3755905915827818,29091.18315490875,31488.38643282357,Стареющие аграрные районы центра и юго-запада
МР Ишимбайский,26271.86987829723,3528.232370039059,7391.943994128849,12582.150525871622,2769.5429882577023,0.28136345179736194,22743.637508258173,27510.75761223898,Города и промышленные центры
МР Калтасинский,32754.816276242873,5194.637422160094,10495.750854461887,15604.964274205031,1459.4637254158588,0.32043381852440656,27560.178854082777,32820.37329131325,Северная аграрная периферия
МР Караидельский,39755.22090326767,8407.869427396663,15607.286431724724,14135.242154944808,1604.8228892014706,0.39258457322373697,31347.351475871004,46840.12761956284,Северная аграрная периферия
МР Кармаскалинский,26117.11979108095,4146.761897140087,6371.510115172078,14345.32438041687,1253.5233983519147,0.2439591412123462,21970.35789394086,28706.745575763456,Пригородный пояс Уфы
МР Кигинский,39167.007872574795,8726.549092661724,11207.79935767182,17506.89733276209,1725.7620894791592,0.28615408647336715,30440.45877991307,43493.38168737374,Бюджетная сельская периферия с молодым населением
МР Краснокамский,29323.774999407888,7029.692292752256,6107.327460326865,14039.024153837057,2147.731092491712,0.2082722112159906,22294.082706655634,33939.53501065848,Западные промышленные районы
МР Кугарчинский,39467.36777229786,7567.138854660643,14678.442238704041,15551.167412838113,1670.619266095071,0.37191338230077853,31900.22891763722,34043.47067642928,Бюджетная сельская периферия с молодым населением
МР Кушнаренковский,25664.885324232095,4916.0328003413,5349.202757110355,14149.947890595382,1249.7018761850595,0.20842496233792954,20748.8525238908,29270.498560864635,Стареющие аграрные районы центра и юго-запада
МР Куюргазинский,30454.056821294213,6994.130611679036,8052.331502314582,13759.205187819447,1648.389519481144,0.264409157360086,23459.926209615176,32262.52421593207,Пригородный пояс Уфы
МР Мелеузовский,20443.152531811724,1188.6390068962048,4408.195625620217,12907.53568459596,1938.7822146993426,0.21563189037310143,19254.513524915517,21833.376107475277,Города и промышленные центры
МР Мечетлинский,36026.19590621855,7277.848164209182,10639.096627896337,16616.963314177137,1492.2877999358927,0.29531557135789355,28748.347742009366,35196.69995878746,Бюджетная сельская периферия с молодым населением
МР Мишкинский,43187.36745921027,8411.104842633715,16769.79115418034,16344.560802037073,1661.9106603591429,0.3883031576309698,34776.26261657656,38300.36917213748,Северная аграрная периферия
МР Миякинский,32740.425970718265,7354.864397686928,7674.256483149979,15955.806211556825,1755.49887832453,0.2343969650857179,25385.561573031337,36208.82400415844,Стареющие аграрные районы центра и юго-запада
МР Нуримановский,36577.43363299075,7438.765692404118,11922.961684131373,15516.8656031587,1698.840653296567,0.3259649598100164,29138.667940586634,34932.45594635249,Пригородный пояс Уфы
МР Салаватский,38533.096858479235,6775.07995151047,11799.590921086508,17860.27777999485,2098.148205887401,0.30621963670407665,31758.01690696876,38119.41298875729,Бюджетная сельская периферия с молодым населением
МР Стерлибашевский,46909.36054370404,9417.50005134472,20808.85824144249,14905.86142053786,1777.1408303789685,0.4435971413862166,37491.860492359316,41865.78121699255,Стареющие аграрные районы центра и юго-запада
МР Стерлитамакский,20693.78645484,3661.0683563358657,5609.262296080454,10386.74684689992,1036.7089555237637,0.27106021937171976,17032.718098504134,22199.095241211002,Города и промышленные центры
МР Татышлинский,48983.82190676528,8034.634153005459,21285.31030780017,15450.47741380143,4213.400032158224,0.4345375570798488,40949.18775375983,48220.94140480677,Северная аграрная периферия
МР Туймазинский,23650.54464832905,2217.0204156945847,7411.52188556065,12934.380427818536,1087.6219192552767,0.31337637233163196,21433.524232634467,23783.79081899751,Города и промышленные центры
МР Уфимский,23869.780943777987,1177.483177118462,4531.931740149407,15873.641130160067,2286.7248963500506,0.1898606338626967,22692.297766659525,26520.892259380973,Города и промышленные центры
МР Учалинский,24606.640201384937,2697.228532746052,6920.125334691969,13522.564267505222,1466.7220664416882,0.2812299963772577,21909.41166863888,25894.202702955397,Города и промышленные центры
МР Федоровский,30016.802285197875,9266.241457297792,7328.153634691116,11832.440381511851,1589.9668116971156,0.24413505359645968,20750.56082790008,31028.05659092378,Стареющие аграрные районы центра и юго-запада
МР Хайбуллинский,29693.408599268343,1048.2000866696294,10883.623774488013,16088.848137714107,1672.7366003965944,0.3665333246637164,28645.208512598714,29767.51415501384,"Горный юго-восток, связанный с соседними регионами"
МР Чекмагушевский,27438.76875103894,3006.525709045566,9889.027929059286,13214.463643887078,1328.7514690470143,0.3604034867156657,24432.243041993373,27798.882918217572,Стареющие аграрные районы центра и юго-запада
МР Чишминский,23652.824716142946,400.8040037794838,10372.989576539496,11734.292914654896,1144.7382211690674,0.43855183053295016,23252.02071236346,28144.914876127907,Пригородный пояс Уфы
МР Шаранский,42876.74676235443,8567.996256640015,15954.55159950635,16585.548255888818,1768.6506503192568,0.37210266179789475,34308.750505714415,40061.491780866,Северная аграрная периферия
МР Янаульский,29139.10283173313,5224.153625415767,9046.018820504345,11909.565517208832,2959.364868604182,0.3104425991679136,23914.94920631736,26055.391894505887,Западные промышленные районы
