mo,localization,external_dep,competition,budget_dep,online_leakage,activity,demo_resilience,hub,supply_reach,bridge,sync,leadership,typicality,localization_pct,external_dep_pct,competition_pct,budget_dep_pct,online_leakage_pct,activity_pct,demo_resilience_pct,hub_pct,supply_reach_pct,bridge_pct,sync_pct,leadership_pct,typicality_pct,anomalies,cluster,cluster_name,macro_name,bootstrap_stability
ГО Агидель,0.2806,0.4232,0.9501,59.4848,0.7847,45.2494,29.5699,0.0338,0.7581,0.0338,3.2706,2.0,-0.0774,87.3,3.2,100.0,65.1,54.8,46.8,21.0,92.1,96.0,82.5,39.7,12.7,15.9,sh_Транспорт:-3.6; supply_out_pc:+3.2; log_density:+2.3; proc_single_sh:-2.1,0,Западные промышленные районы,Западный и центральный аграрный пояс,0.428
ГО Кумертау,0.2057,0.57,0.869,23.5103,0.7262,73.0213,53.2258,0.0079,0.4516,0.0069,10.0566,5.0,-0.0003,58.7,33.3,81.0,19.0,33.9,77.4,56.5,74.6,80.2,14.3,92.1,54.0,25.4,,6,Города и промышленные центры,Урбанизированное и промышленное ядро,0.845
ГО Межгорье,0.2415,0.6669,0.7898,57.1429,,,,0.0029,0.0645,0.0132,0.0,0.0,0.0535,76.2,69.8,17.5,63.5,,,,20.6,15.1,38.1,2.4,2.4,46.0,,2,"Горный юго-восток, связанный с соседними регионами",Восточная и северная периферия,0.788
ГО Нефтекамск,0.2023,0.642,0.9242,6.4793,0.6227,87.0351,90.3226,0.0766,0.8065,0.0635,13.1722,3.0,0.1804,55.6,55.6,98.4,4.8,8.1,90.3,98.4,98.4,98.4,98.4,100.0,26.2,93.7,,6,Города и промышленные центры,Урбанизированное и промышленное ядро,0.837
ГО Октябрьский,0.2961,0.5695,0.8547,4.866,0.6551,90.2433,82.5269,0.0111,0.4516,0.0227,12.7296,3.0,0.1961,90.5,31.7,74.6,3.2,12.9,93.5,93.5,81.0,80.2,61.9,98.4,26.2,98.4,,6,Города и промышленные центры,Урбанизированное и промышленное ядро,0.842
ГО Салават,0.2229,0.6139,0.7639,4.8139,0.6315,93.0019,58.6022,0.0144,0.3226,0.0206,10.9008,5.0,0.0364,65.1,49.2,9.5,1.6,9.7,98.4,67.7,85.7,70.6,58.7,93.7,54.0,39.7,,6,Города и промышленные центры,Урбанизированное и промышленное ядро,0.824
ГО Сибай,0.2107,0.7017,0.8182,41.3609,0.6197,65.9351,67.7419,0.006,0.2097,0.0291,5.2706,7.0,0.0927,60.3,81.0,46.0,36.5,4.8,72.6,82.3,68.3,63.5,76.2,77.8,82.5,60.3,,6,Города и промышленные центры,Урбанизированное и промышленное ядро,0.696
ГО Стерлитамак,0.2381,0.6883,0.9169,12.165,0.6217,86.471,74.1935,0.0635,0.6613,0.019,12.0882,4.0,0.2202,73.0,77.8,96.8,9.5,6.5,88.7,87.1,95.2,92.1,51.6,95.2,38.9,100.0,okpd_health_sh:+2.4,6,Города и промышленные центры,Урбанизированное и промышленное ядро,0.856
ГО Уфа,0.6553,0.2586,0.8829,8.1707,0.5766,99.4624,80.3763,0.4011,1.0,0.0814,12.1584,2.0,0.1938,100.0,1.6,92.1,7.9,1.6,100.0,91.9,100.0,100.0,100.0,96.8,12.7,96.8,proc_local_sh:+3.7; proc_ufa_sh:-3.6; market_access:+2.6; log_pop:+2.4,6,Города и промышленные центры,Урбанизированное и промышленное ядро,0.845
МР Абзелиловский,0.2257,0.6296,0.7302,55.0872,0.687,34.6906,75.8065,0.0058,0.1774,0.0137,4.2221,6.0,0.119,69.8,54.0,6.3,60.3,22.6,30.6,88.7,66.7,55.6,40.5,65.1,71.4,71.4,sh_Здоровье:-2.2,3,Бюджетная сельская периферия с молодым населением,Восточная и северная периферия,0.708
МР Альшеевский,0.225,0.5254,0.8178,47.528,0.7844,55.7289,36.2903,0.0041,0.1935,0.019,3.1596,7.0,-0.1018,68.3,14.3,42.9,47.6,53.2,59.7,27.4,50.8,60.3,51.6,31.7,82.5,9.5,okpd_it_office_sh:+2.0,0,Западные промышленные районы,Западный и центральный аграрный пояс,0.692
МР Архангельский,0.0853,0.7531,0.8207,74.2909,0.8759,29.6492,50.5376,0.0027,0.0484,0.046,3.0895,3.0,0.0434,11.1,88.9,52.4,73.0,98.4,21.0,50.8,11.1,6.3,93.7,28.6,26.2,41.3,,4,Пригородный пояс Уфы,Западный и центральный аграрный пояс,0.577
МР Аскинский,0.236,0.6708,0.879,91.0877,0.8424,30.3631,38.9785,0.0042,0.0968,0.027,3.2568,9.0,0.1924,71.4,73.0,90.5,98.4,88.7,22.6,30.6,54.0,30.2,71.4,38.1,94.4,95.2,,1,Северная аграрная периферия,Западный и центральный аграрный пояс,0.834
МР Аургазинский,0.1789,0.6092,0.8498,46.8124,0.779,22.8098,21.5054,0.0031,0.0968,0.0159,3.2295,3.0,0.167,44.4,47.6,69.8,44.4,50.0,12.9,8.1,23.8,30.2,44.4,34.9,26.2,87.3,sh_Здоровье:+2.0,5,Стареющие аграрные районы центра и юго-запада,Западный и центральный аграрный пояс,0.739
МР Баймакский,0.1066,0.6681,0.8829,51.171,0.6059,32.9015,63.4409,0.0033,0.1935,0.0212,3.8137,10.0,0.1263,15.9,71.4,93.7,50.8,3.2,25.8,71.0,31.7,60.3,60.3,52.4,97.6,74.6,,3,Бюджетная сельская периферия с молодым населением,Восточная и северная периферия,0.726
МР Бакалинский,0.1567,0.606,0.8383,79.3391,0.8553,17.8653,47.5806,0.0037,0.0645,0.0079,2.6081,5.0,-0.0261,36.5,44.4,65.1,77.8,93.5,9.7,43.5,42.9,15.1,15.9,17.5,54.0,23.8,,3,Бюджетная сельская периферия с молодым населением,Западный и центральный аграрный пояс,0.294
МР Балтачевский,0.2599,0.5295,0.8753,89.5524,0.8115,15.6883,32.2581,0.0028,0.1452,0.009,3.2085,2.0,0.1277,82.5,15.9,87.3,93.7,74.2,6.5,24.2,14.3,48.4,21.4,33.3,12.7,77.8,,1,Северная аграрная периферия,Западный и центральный аграрный пояс,0.768
МР Белебеевский,0.273,0.5686,0.8186,13.7783,0.7294,74.079,54.5699,0.0096,0.3871,0.0455,8.6061,7.0,0.1542,85.7,30.2,47.6,12.7,35.5,82.3,59.7,79.4,77.0,92.1,85.7,82.5,85.7,okpd_food_sh:+2.1,0,Западные промышленные районы,Урбанизированное и промышленное ядро,0.773
МР Белокатайский,0.2434,0.6456,0.8319,88.5246,0.8681,44.2623,55.3763,0.0032,0.1774,0.0169,3.5738,3.0,0.0766,77.8,60.3,60.3,88.9,95.2,45.2,62.1,27.0,55.6,47.6,47.6,26.2,57.1,,3,Бюджетная сельская периферия с молодым населением,Восточная и северная периферия,0.717
МР Белорецкий,0.1865,0.664,0.8298,20.9992,0.7255,76.8641,59.9462,0.0039,0.2742,0.0301,4.9905,4.0,-0.1274,49.2,68.3,58.7,15.9,32.3,83.9,69.4,47.6,68.3,80.2,76.2,38.9,7.9,okpd_health_sh:+2.8; okpd_fuel_transport_sh:-2.3,2,"Горный юго-восток, связанный с соседними регионами",Восточная и северная периферия,0.644
МР Бижбулякский,0.1507,0.6941,0.8534,52.6021,0.7774,36.233,24.7312,0.0043,0.1613,0.01,3.2802,3.0,-0.0807,31.7,79.4,71.4,55.6,45.2,37.1,11.3,55.6,52.4,23.8,41.3,26.2,12.7,,5,Стареющие аграрные районы центра и юго-запада,Западный и центральный аграрный пояс,0.448
МР Бирский,0.143,0.7266,0.8744,43.1043,0.6761,45.2935,65.0538,0.0233,0.371,0.0037,7.065,5.0,-0.1464,27.0,87.3,85.7,38.1,17.7,48.4,75.8,90.5,73.8,5.6,82.5,54.0,6.3,,6,Города и промышленные центры,Урбанизированное и промышленное ядро,0.8
МР Благоварский,0.0559,0.6078,0.7943,45.121,0.8085,49.1891,56.7204,0.0064,0.0645,0.0497,3.5563,10.0,0.072,3.2,46.0,28.6,42.9,72.6,51.6,64.5,69.8,15.1,96.8,46.0,97.6,52.4,,5,Стареющие аграрные районы центра и юго-запада,Западный и центральный аграрный пояс,0.656
МР Благовещенский,0.0564,0.805,0.8262,8.0146,0.7164,89.1768,65.3226,0.0049,0.1935,0.0053,3.5823,5.0,0.0117,4.8,100.0,55.6,6.3,30.6,91.9,77.4,63.5,60.3,10.3,49.2,54.0,31.7,,0,Западные промышленные районы,Урбанизированное и промышленное ядро,0.75
МР Буздякский,0.1518,0.5655,0.8574,51.6524,0.7868,41.5918,44.3548,0.0035,0.1129,0.0249,3.4166,8.0,0.0854,33.3,23.8,76.2,54.0,58.1,41.9,35.5,36.5,38.1,67.5,42.9,89.7,58.7,okpd_food_sh:+2.1,5,Стареющие аграрные районы центра и юго-запада,Западный и центральный аграрный пояс,0.632
МР Бураевский,0.0869,0.7782,0.8946,51.236,0.8389,62.7798,24.1935,0.0031,0.0645,0.0005,3.0697,3.0,0.006,12.7,96.8,95.2,52.4,87.1,69.4,9.7,22.2,15.1,1.6,27.0,26.2,28.6,proc_pc:+2.2,2,"Горный юго-восток, связанный с соседними регионами",Восточная и северная периферия,0.779
МР Бурзянский,0.2512,0.5658,0.8116,91.0356,0.7783,23.9556,66.6667,0.0025,0.0645,0.0116,4.4005,3.0,0.0066,79.4,25.4,38.1,96.8,46.8,17.7,80.6,3.2,15.1,31.7,68.3,26.2,30.2,birth_rate:+3.0,2,"Горный юго-восток, связанный с соседними регионами",Восточная и северная периферия,0.763
МР Гафурийский,0.2154,0.5887,0.8193,88.0432,0.8283,31.8791,45.4301,0.0174,0.7419,0.0106,2.6109,6.0,0.0437,63.5,36.5,49.2,87.3,80.6,24.2,38.7,88.9,93.7,26.2,19.0,71.4,42.9,,3,Бюджетная сельская периферия с молодым населением,Восточная и северная периферия,0.394
МР Давлекановский,0.2557,0.6571,0.709,34.8556,0.7747,48.0962,36.5591,0.0165,0.6452,0.009,3.417,5.0,0.1351,81.0,63.5,3.2,31.7,43.5,50.0,29.0,87.3,90.5,21.4,44.4,54.0,79.4,,4,Пригородный пояс Уфы,Западный и центральный аграрный пояс,0.719
МР Дуванский,0.2727,0.6006,0.8714,43.7679,0.795,53.5519,83.0645,0.0129,0.129,0.0243,4.146,12.0,0.1111,84.1,41.3,84.1,39.7,59.7,56.5,95.2,84.1,43.7,65.1,60.3,100.0,65.1,,3,Бюджетная сельская периферия с молодым населением,Восточная и северная периферия,0.716
МР Дюртюлинский,0.1308,0.7558,0.8248,34.7255,0.702,62.1629,64.2473,0.0039,0.3226,0.0375,4.2184,3.0,0.0275,22.2,90.5,54.0,30.2,25.8,67.7,73.4,49.2,70.6,88.9,63.5,26.2,36.5,,0,Западные промышленные районы,Урбанизированное и промышленное ядро,0.785
МР Ермекеевский,0.183,0.5963,0.7903,88.8889,0.8136,34.6774,20.1613,0.0035,0.0968,0.0159,2.8958,8.0,0.1796,46.0,39.7,19.0,92.1,75.8,29.0,4.8,39.7,30.2,44.4,23.8,89.7,92.1,,5,Стареющие аграрные районы центра и юго-запада,Западный и центральный аграрный пояс,0.756
МР Зианчуринский,0.2041,0.6228,0.7916,85.324,0.7783,28.1244,43.2796,0.0049,0.1452,0.0481,2.9623,7.0,-0.1467,57.1,50.8,25.4,85.7,48.4,19.4,33.9,65.1,48.4,95.2,25.4,82.5,4.8,,2,"Горный юго-восток, связанный с соседними регионами",Восточная и северная периферия,0.59
МР Зилаирский,0.1973,0.5741,0.869,90.19,0.8143,35.7218,26.0753,0.0025,0.0806,0.0249,4.3859,4.0,0.0457,52.4,34.9,77.8,95.2,77.4,35.5,14.5,6.3,23.8,67.5,66.7,38.9,44.4,,2,"Горный юго-восток, связанный с соседними регионами",Восточная и северная периферия,0.823
МР Иглинский,0.0661,0.6293,0.8061,46.9685,0.7676,54.3099,88.172,0.035,0.7581,0.0301,4.1304,6.0,0.1178,6.3,52.4,33.3,46.0,41.9,58.1,96.8,93.7,96.0,80.2,58.7,71.4,69.8,migr_rate:+2.4,4,Пригородный пояс Уфы,Урбанизированное и промышленное ядро,0.678
МР Илишевский,0.3791,0.5065,0.8121,56.3622,0.8082,50.899,53.7634,0.0065,0.2581,0.0085,2.3663,5.0,-0.0788,96.8,12.7,39.7,61.9,69.4,53.2,58.1,71.4,66.7,18.3,7.9,54.0,14.3,proc_local_sh:+2.3,5,Стареющие аграрные районы центра и юго-запада,Западный и центральный аграрный пояс,0.448
МР Ишимбайский,0.1677,0.6629,0.8788,31.4208,0.6818,79.9665,48.3871,0.0091,0.5968,0.0042,9.022,6.0,-0.2068,41.3,66.7,88.9,27.0,21.0,85.5,45.2,77.8,87.3,7.9,88.9,71.4,1.6,log_density:-2.1,6,Города и промышленные центры,Урбанизированное и промышленное ядро,0.818
МР Калтасинский,0.2969,0.4707,0.869,60.942,0.8322,58.9723,21.2366,0.0032,0.1774,0.0349,2.4642,9.0,0.0693,92.1,6.3,79.4,66.7,83.9,64.5,6.5,30.2,55.6,84.9,11.1,94.4,49.2,sh_Транспорт:-2.9,1,Северная аграрная периферия,Западный и центральный аграрный пояс,0.447
МР Караидельский,0.1602,0.6854,0.8535,79.9506,0.8184,17.7948,25.5376,0.0035,0.1129,0.0196,3.0899,2.0,0.1038,39.7,76.2,73.0,79.4,79.0,8.1,12.9,38.1,38.1,54.8,30.2,12.7,63.5,sh_Маркетплейсы:+2.1,1,Северная аграрная периферия,Западный и центральный аграрный пояс,0.752
МР Кармаскалинский,0.2236,0.6614,0.7941,53.2136,0.805,38.2073,66.129,0.009,0.4677,0.0291,4.1604,6.0,0.1123,66.7,65.1,27.0,57.1,67.7,40.3,79.0,76.2,83.3,76.2,61.9,71.4,66.7,,4,Пригородный пояс Уфы,Западный и центральный аграрный пояс,0.718
МР Кигинский,0.1598,0.7172,0.7913,93.5727,0.8004,23.7176,69.6237,0.0028,0.0806,0.018,2.7769,6.0,0.1374,38.1,85.7,22.2,100.0,64.5,16.1,83.9,12.7,23.8,49.2,22.2,71.4,81.0,,3,Бюджетная сельская периферия с молодым населением,Восточная и северная периферия,0.753
МР Краснокамский,0.0687,0.472,0.7961,37.6138,0.7427,73.6118,31.4516,0.0032,0.0645,0.0032,2.5329,1.0,0.0742,7.9,7.9,30.2,33.3,38.7,79.0,22.6,25.4,15.1,3.2,12.7,5.6,55.6,,0,Западные промышленные районы,Урбанизированное и промышленное ядро,0.834
МР Кугарчинский,0.2405,0.6445,0.8114,74.9545,0.8822,36.2418,46.7742,0.0028,0.1129,0.0201,4.0618,5.0,0.1696,74.6,57.1,36.5,76.2,100.0,38.7,41.9,15.9,38.1,57.1,57.1,54.0,88.9,okpd_food_sh:+2.4,3,Бюджетная сельская периферия с молодым населением,Восточная и северная периферия,0.565
МР Кушнаренковский,0.191,0.551,0.7913,55.0351,0.7971,23.7,58.0645,0.0037,0.0968,0.0196,4.4857,3.0,-0.05,50.8,20.6,23.8,58.7,62.9,14.5,66.1,44.4,30.2,54.8,69.8,26.2,22.2,,5,Стареющие аграрные районы центра и юго-запада,Западный и центральный аграрный пояс,0.498
МР Куюргазинский,0.1332,0.4702,0.7903,50.5464,0.7307,51.9038,40.0538,0.0047,0.1452,0.0106,0.0,0.0,0.1132,23.8,4.8,20.6,49.2,37.1,54.8,32.3,58.7,48.4,26.2,2.4,2.4,68.3,,4,Пригородный пояс Уфы,Западный и центральный аграрный пояс,0.589
МР Мелеузовский,0.3663,0.4916,0.6699,24.382,0.6782,63.2205,51.8817,0.0043,0.371,0.0402,8.623,7.0,-0.0732,95.2,9.5,1.6,22.2,19.4,71.0,53.2,57.1,73.8,90.5,87.3,82.5,17.5,okpd_fuel_transport_sh:+3.5; proc_single_sh:+2.8,6,Города и промышленные центры,Урбанизированное и промышленное ядро,0.719
МР Мечетлинский,0.185,0.6736,0.8199,83.1772,0.829,34.012,52.6882,0.0035,0.0645,0.0159,4.7885,8.0,0.0946,47.6,74.6,50.8,81.0,82.3,27.4,54.8,34.9,15.1,44.4,73.0,89.7,61.9,,3,Бюджетная сельская периферия с молодым населением,Восточная и северная периферия,0.739
МР Мишкинский,0.0169,0.7077,0.7869,84.9206,0.8083,8.0821,33.6022,0.0025,0.0323,0.0085,3.2342,5.0,0.0624,1.6,82.5,15.9,84.1,71.0,1.6,25.8,1.6,2.4,18.3,36.5,54.0,47.6,okpd_it_office_sh:+2.1,1,Северная аграрная периферия,Западный и центральный аграрный пояс,0.66
МР Миякинский,0.1498,0.6045,0.7591,63.6872,0.796,21.0823,27.6882,0.0049,0.2258,0.0127,2.5754,5.0,0.1462,30.2,42.9,7.9,68.3,61.3,11.3,18.5,61.9,65.1,36.5,15.9,54.0,84.1,,5,Стареющие аграрные районы центра и юго-запада,Западный и центральный аграрный пояс,0.713
МР Нуримановский,0.1067,0.7872,0.816,74.9024,0.8532,35.1313,50.0,0.0026,0.0323,0.0122,3.8049,4.0,0.0696,17.5,98.4,41.3,74.6,91.9,32.3,48.4,9.5,2.4,34.9,50.8,38.9,50.8,supply_out_pc:-3.1,4,Пригородный пояс Уфы,Западный и центральный аграрный пояс,0.522
МР Салаватский,0.1431,0.774,0.7853,71.1684,0.758,57.377,49.7312,0.0035,0.1452,0.0275,2.742,4.0,-0.065,28.6,93.7,14.3,69.8,40.3,61.3,46.8,33.3,48.4,73.0,20.6,38.9,19.0,,3,Бюджетная сельская периферия с молодым населением,Восточная и северная периферия,0.658
МР Стерлибашевский,0.1219,0.71,0.8373,88.7848,0.8499,11.4402,15.8602,0.0036,0.0806,0.0137,2.5359,6.0,0.0007,19.0,84.1,63.5,90.5,90.3,4.8,1.6,41.3,23.8,40.5,14.3,71.4,27.0,,5,Стареющие аграрные районы центра и юго-запада,Западный и центральный аграрный пояс,0.627
МР Стерлитамакский,0.1249,0.5339,0.7996,31.1085,0.6378,57.5974,79.3011,0.0048,0.3871,0.0037,6.0996,6.0,-0.0613,20.6,17.5,31.7,25.4,11.3,62.9,90.3,60.3,77.0,5.6,79.4,71.4,20.6,market_access:+3.7; emp_sh_agri:+3.3; log_density:-2.0,6,Города и промышленные центры,Урбанизированное и промышленное ядро,0.416
МР Татышлинский,0.2113,0.6549,0.8713,44.0411,0.8339,68.2267,27.4194,0.0025,0.0484,0.0238,4.0496,1.0,0.1451,61.9,61.9,82.5,41.3,85.5,74.2,16.1,7.9,6.3,63.5,55.6,5.6,82.5,,1,Северная аграрная периферия,Восточная и северная периферия,0.754
МР Туймазинский,0.329,0.5915,0.8452,21.8449,0.6677,74.0349,64.2473,0.0078,0.4839,0.0063,9.8524,2.0,-0.1613,93.7,38.1,66.7,17.5,16.1,80.6,73.4,73.0,85.7,12.7,90.5,12.7,3.2,,6,Города и промышленные центры,Урбанизированное и промышленное ядро,0.819
МР Уфимский,0.1755,0.7706,0.7265,13.5181,0.6587,92.905,95.1613,0.0722,0.629,0.0259,6.6758,2.0,0.0738,42.9,92.1,4.8,11.1,14.5,96.8,100.0,96.8,88.9,69.8,81.0,12.7,54.0,market_access:+3.7; migr_rate:+2.7; okpd_it_office_sh:+2.6,6,Города и промышленные центры,Урбанизированное и промышленное ядро,0.499
МР Учалинский,0.4247,0.4934,0.8337,16.8488,0.69,92.4467,55.3763,0.0028,0.1129,0.0354,8.0694,4.0,-0.0875,98.4,11.1,61.9,14.3,24.2,95.2,62.1,19.0,38.1,87.3,84.1,38.9,11.1,log_density:-2.4; supply_out_pc:-2.1; proc_local_sh:+2.1,6,Города и промышленные центры,Урбанизированное и промышленное ядро,0.713
МР Федоровский,0.0758,0.5682,0.818,84.5824,0.8705,8.6286,19.3548,0.0025,0.0645,0.0116,2.3849,5.0,0.0362,9.5,27.0,44.4,82.5,96.8,3.2,3.2,4.8,15.1,31.7,9.5,54.0,38.1,,5,Стареющие аграрные районы центра и юго-запада,Западный и центральный аграрный пояс,0.542
МР Хайбуллинский,0.0879,0.7765,0.8065,24.8113,0.7837,85.4486,44.8925,0.0042,0.129,0.0291,2.3203,2.0,0.1272,14.3,95.2,34.9,23.8,51.6,87.1,37.1,52.4,43.7,76.2,6.3,12.7,76.2,,2,"Горный юго-восток, связанный с соседними регионами",Восточная и северная периферия,0.836
МР Чекмагушевский,0.1424,0.6453,0.8293,39.5394,0.8024,42.7816,50.5376,0.0038,0.0484,0.0349,4.5004,5.0,0.1759,25.4,58.7,57.1,34.9,66.1,43.5,50.8,46.0,6.3,84.9,71.4,54.0,90.5,emp_sh_agri:+2.0,5,Стареющие аграрные районы центра и юго-запада,Западный и центральный аграрный пояс,0.694
МР Чишминский,0.1996,0.5557,0.8495,23.5363,0.7154,60.9554,70.4301,0.0119,0.4677,0.0111,3.8187,6.0,0.0216,54.0,22.2,68.3,20.6,29.0,66.1,85.5,82.5,83.3,28.6,54.0,71.4,33.3,,4,Пригородный пояс Уфы,Урбанизированное и промышленное ядро,0.657
МР Шаранский,0.1557,0.5684,0.7656,73.185,0.7852,35.2195,27.6882,0.0032,0.0968,0.0053,2.1906,8.0,0.1248,34.9,28.6,12.7,71.4,56.5,33.9,18.5,28.6,30.2,10.3,4.8,89.7,73.0,,1,Северная аграрная периферия,Западный и центральный аграрный пояс,0.757
МР Янаульский,0.2944,0.5459,0.7642,33.6716,0.7139,69.2226,46.2366,0.0028,0.1129,0.0116,4.9342,5.0,0.0258,88.9,19.0,11.1,28.6,27.4,75.8,40.3,17.5,38.1,31.7,74.6,54.0,34.9,,0,Западные промышленные районы,Урбанизированное и промышленное ядро,0.825
