feature,importance,perm_importance,perm_std
sh_Здоровье,0.0668870503330335,0.0037037037037037164,0.006713533090184956
sh_Общественное питание,0.06404313451197445,0.013227513227513274,0.005915523749999463
okpd_fuel_transport_sh,0.05736854299851157,0.0,0.0
spend_total,0.05708335846653069,0.0,0.0
proc_out_sh,0.0546258070038531,0.0,0.0
market_access,0.04703951843730458,0.0,0.0
log_density,0.042199713778846355,0.0,0.0
sh_прочее,0.03871090586662711,0.0,0.0
sh_Продовольствие,0.038379401983945446,0.0,0.0
okpd_food_sh,0.03642781080839468,0.0,0.0
sh_Транспорт,0.0354591844911516,0.0,0.0
log_pop,0.03323002645859454,0.0,0.0
migr_rate,0.03154061049686904,0.0,0.0
emp_sh_budget,0.03030290006513768,0.0,0.0
emp_sh_industry,0.03028052029285239,0.0,0.0
birth_rate,0.027875453247451897,0.0,0.0
proc_pc,0.027413961723743063,0.0,0.0
emp_per_1000,0.027264147699118814,0.0,0.0
sh_Маркетплейсы,0.02520962963761597,0.0,0.0
okpd_construction_sh,0.023821561269053094,0.0,0.0
emp_sh_agri,0.02203696599912774,0.0,0.0
proc_ufa_sh,0.021006938642319894,0.0,0.0
wage,0.020685168993651033,0.0,0.0
grants_pc,0.020169372983934595,0.0,0.0
okpd_utilities_sh,0.01936002607311376,0.0,0.0
supply_out_pc,0.01657084630151606,0.0,0.0
okpd_health_sh,0.016280956235960237,0.0,0.0
okpd_it_office_sh,0.014869927889094615,0.0,0.0
urban_share,0.014641467292616976,0.0,0.0
proc_single_sh,0.014067841558109235,0.0,0.0
death_rate,0.013651337413302243,0.0,0.0
proc_local_sh,0.011495911046644023,0.0,0.0
