,p_0,p_1,p_2,p_3,p_4,p_5,p_6
ГО Агидель,0.532,0.077,0.062,0.051,0.18,0.038,0.06
ГО Кумертау,0.236,0.022,0.069,0.051,0.045,0.036,0.542
ГО Межгорье,0.093,0.037,0.689,0.033,0.038,0.067,0.043
ГО Нефтекамск,0.042,0.014,0.025,0.025,0.014,0.014,0.866
ГО Октябрьский,0.045,0.009,0.037,0.014,0.035,0.0,0.86
ГО Салават,0.089,0.006,0.019,0.024,0.045,0.003,0.814
ГО Сибай,0.065,0.008,0.084,0.091,0.039,0.017,0.697
ГО Стерлитамак,0.015,0.006,0.039,0.009,0.005,0.005,0.92
ГО Уфа,0.017,0.013,0.036,0.007,0.014,0.027,0.886
МР Абзелиловский,0.039,0.062,0.123,0.534,0.132,0.089,0.021
МР Альшеевский,0.556,0.083,0.057,0.072,0.064,0.147,0.02
МР Архангельский,0.011,0.051,0.041,0.116,0.72,0.061,0.001
МР Аскинский,0.003,0.832,0.039,0.065,0.026,0.032,0.004
МР Аургазинский,0.038,0.158,0.009,0.034,0.03,0.722,0.009
МР Баймакский,0.043,0.047,0.061,0.621,0.055,0.025,0.149
МР Бакалинский,0.037,0.125,0.053,0.438,0.093,0.239,0.015
МР Балтачевский,0.023,0.77,0.027,0.072,0.026,0.076,0.006
МР Белебеевский,0.732,0.003,0.021,0.016,0.026,0.031,0.17
МР Белокатайский,0.042,0.041,0.092,0.622,0.098,0.058,0.048
МР Белорецкий,0.105,0.016,0.545,0.111,0.074,0.015,0.134
МР Бижбулякский,0.058,0.098,0.031,0.083,0.066,0.645,0.02
МР Бирский,0.107,0.022,0.07,0.085,0.152,0.037,0.527
МР Благоварский,0.057,0.027,0.048,0.097,0.077,0.679,0.016
МР Благовещенский,0.725,0.006,0.024,0.02,0.082,0.016,0.127
МР Буздякский,0.063,0.074,0.033,0.112,0.055,0.64,0.024
МР Бураевский,0.022,0.182,0.669,0.024,0.035,0.038,0.03
МР Бурзянский,0.01,0.056,0.772,0.074,0.036,0.037,0.014
МР Гафурийский,0.019,0.044,0.046,0.707,0.058,0.118,0.008
МР Давлекановский,0.171,0.022,0.034,0.027,0.687,0.023,0.037
МР Дуванский,0.042,0.049,0.084,0.613,0.052,0.044,0.116
МР Дюртюлинский,0.733,0.009,0.037,0.033,0.056,0.04,0.093
МР Ермекеевский,0.015,0.094,0.029,0.037,0.049,0.771,0.006
МР Зианчуринский,0.016,0.027,0.693,0.177,0.048,0.028,0.012
МР Зилаирский,0.009,0.03,0.817,0.068,0.041,0.025,0.01
МР Иглинский,0.074,0.037,0.038,0.045,0.712,0.018,0.076
МР Илишевский,0.154,0.127,0.041,0.048,0.068,0.536,0.025
МР Ишимбайский,0.15,0.022,0.027,0.051,0.021,0.03,0.699
МР Калтасинский,0.062,0.685,0.058,0.026,0.066,0.082,0.02
МР Караидельский,0.029,0.655,0.059,0.112,0.079,0.058,0.008
МР Кармаскалинский,0.084,0.03,0.046,0.044,0.71,0.067,0.019
МР Кигинский,0.023,0.051,0.048,0.709,0.092,0.069,0.007
МР Краснокамский,0.747,0.043,0.038,0.026,0.049,0.08,0.017
МР Кугарчинский,0.028,0.026,0.095,0.703,0.039,0.096,0.014
МР Кушнаренковский,0.053,0.065,0.047,0.113,0.106,0.592,0.023
МР Куюргазинский,0.052,0.084,0.057,0.1,0.6,0.086,0.021
МР Мелеузовский,0.076,0.022,0.157,0.074,0.026,0.013,0.632
МР Мечетлинский,0.047,0.041,0.062,0.685,0.05,0.09,0.026
МР Мишкинский,0.013,0.682,0.043,0.088,0.065,0.109,0.0
МР Миякинский,0.04,0.034,0.025,0.125,0.05,0.712,0.014
МР Нуримановский,0.026,0.056,0.061,0.089,0.693,0.071,0.005
МР Салаватский,0.048,0.066,0.06,0.678,0.099,0.036,0.014
МР Стерлибашевский,0.006,0.172,0.048,0.156,0.026,0.573,0.019
МР Стерлитамакский,0.072,0.02,0.039,0.078,0.1,0.085,0.607
МР Татышлинский,0.066,0.679,0.084,0.022,0.022,0.106,0.023
МР Туймазинский,0.263,0.006,0.033,0.046,0.038,0.016,0.597
МР Уфимский,0.063,0.015,0.067,0.053,0.077,0.014,0.712
МР Учалинский,0.154,0.015,0.152,0.063,0.015,0.033,0.569
МР Федоровский,0.021,0.094,0.035,0.131,0.107,0.607,0.004
МР Хайбуллинский,0.063,0.007,0.758,0.064,0.038,0.026,0.044
МР Чекмагушевский,0.14,0.048,0.018,0.062,0.041,0.676,0.015
МР Чишминский,0.128,0.018,0.044,0.043,0.645,0.045,0.078
МР Шаранский,0.025,0.701,0.033,0.054,0.047,0.137,0.003
МР Янаульский,0.804,0.019,0.034,0.023,0.05,0.04,0.03
