cluster,cluster_name,feature,effect
0,Западные промышленные районы,proc_pc,-0.22624434329491147
0,Западные промышленные районы,proc_local_sh,0.3690692798108829
0,Западные промышленные районы,proc_ufa_sh,-0.0413492554527251
0,Западные промышленные районы,proc_out_sh,-0.5309141381689748
0,Западные промышленные районы,proc_single_sh,0.02662724837406461
0,Западные промышленные районы,supply_out_pc,-0.39370427528198304
0,Западные промышленные районы,okpd_construction_sh,-0.31311773715816715
0,Западные промышленные районы,okpd_health_sh,-0.23639629915753085
0,Западные промышленные районы,okpd_food_sh,0.8236292661842952
0,Западные промышленные районы,okpd_utilities_sh,0.6323553231111151
0,Западные промышленные районы,okpd_fuel_transport_sh,-0.6552872837771627
0,Западные промышленные районы,okpd_it_office_sh,-0.425905010487568
0,Западные промышленные районы,spend_total,0.2523898407192251
0,Западные промышленные районы,sh_Продовольствие,-0.24932145758251
0,Западные промышленные районы,sh_Здоровье,0.29784245675569715
0,Западные промышленные районы,sh_Общественное питание,0.5884902034012985
0,Западные промышленные районы,sh_Маркетплейсы,0.45661450917186713
0,Западные промышленные районы,sh_Транспорт,-0.4853879537185304
0,Западные промышленные районы,sh_прочее,0.5183126526807132
0,Западные промышленные районы,urban_share,1.004022499279529
0,Западные промышленные районы,market_access,0.374663072776281
0,Западные промышленные районы,log_pop,0.4630176361541857
0,Западные промышленные районы,birth_rate,-0.8437500000000004
0,Западные промышленные районы,death_rate,-0.2816901408450704
0,Западные промышленные районы,migr_rate,0.2238947076459204
0,Западные промышленные районы,grants_pc,-0.13934895104365477
0,Западные промышленные районы,log_density,0.43099749281493965
0,Западные промышленные районы,wage,0.5044476874505202
0,Западные промышленные районы,emp_per_1000,0.6811709314702687
0,Западные промышленные районы,emp_sh_industry,0.6316958198015815
0,Западные промышленные районы,emp_sh_budget,-0.7149353630380957
0,Западные промышленные районы,emp_sh_agri,0.318346400592587
1,Северная аграрная периферия,proc_pc,0.9417943602889776
1,Северная аграрная периферия,proc_local_sh,0.22963632653296764
1,Северная аграрная периферия,proc_ufa_sh,0.7628223432703536
1,Северная аграрная периферия,proc_out_sh,-0.725357103233558
1,Северная аграрная периферия,proc_single_sh,-0.7926966499701856
1,Северная аграрная периферия,supply_out_pc,-0.17272002162443945
1,Северная аграрная периферия,okpd_construction_sh,1.0230449513751376
1,Северная аграрная периферия,okpd_health_sh,0.5964986635305864
1,Северная аграрная периферия,okpd_food_sh,-0.7767527520319134
1,Северная аграрная периферия,okpd_utilities_sh,-0.28084423562560407
1,Северная аграрная периферия,okpd_fuel_transport_sh,0.24771002111524903
1,Северная аграрная периферия,okpd_it_office_sh,-0.2923829108892274
1,Северная аграрная периферия,spend_total,-0.288430737219264
1,Северная аграрная периферия,sh_Продовольствие,0.7318939340983737
1,Северная аграрная периферия,sh_Здоровье,-0.22465555447575494
1,Северная аграрная периферия,sh_Общественное питание,-0.4550150616492037
1,Северная аграрная периферия,sh_Маркетплейсы,-0.19758149420247026
1,Северная аграрная периферия,sh_Транспорт,0.3391199387403803
1,Северная аграрная периферия,sh_прочее,-0.6280349551728006
1,Северная аграрная периферия,urban_share,0.0
1,Северная аграрная периферия,market_access,-0.09433962264151091
1,Северная аграрная периферия,log_pop,-0.3653277241906669
1,Северная аграрная периферия,birth_rate,-0.2812499999999996
1,Северная аграрная периферия,death_rate,0.5352112676056338
1,Северная аграрная периферия,migr_rate,-0.9478081862981028
1,Северная аграрная периферия,grants_pc,0.5636765465067953
1,Северная аграрная периферия,log_density,-0.21591225875802902
1,Северная аграрная периферия,wage,-0.6376398546370217
1,Северная аграрная периферия,emp_per_1000,-0.08457720620412772
1,Северная аграрная периферия,emp_sh_industry,-0.5000093993498237
1,Северная аграрная периферия,emp_sh_budget,0.8413307059693753
1,Северная аграрная периферия,emp_sh_agri,-0.12778017041935164
2,"Горный юго-восток, связанный с соседними регионами",proc_pc,-0.18569703886145247
2,"Горный юго-восток, связанный с соседними регионами",proc_local_sh,0.09449219917476409
2,"Горный юго-восток, связанный с соседними регионами",proc_ufa_sh,-0.7699474415061461
2,"Горный юго-восток, связанный с соседними регионами",proc_out_sh,1.434672194090974
2,"Горный юго-восток, связанный с соседними регионами",proc_single_sh,0.13665777879601285
2,"Горный юго-восток, связанный с соседними регионами",supply_out_pc,-0.5734307153572353
2,"Горный юго-восток, связанный с соседними регионами",okpd_construction_sh,0.34584905116851494
2,"Горный юго-восток, связанный с соседними регионами",okpd_health_sh,0.13574205206768705
2,"Горный юго-восток, связанный с соседними регионами",okpd_food_sh,-0.2006242496923481
2,"Горный юго-восток, связанный с соседними регионами",okpd_utilities_sh,-0.39738872710313544
2,"Горный юго-восток, связанный с соседними регионами",okpd_fuel_transport_sh,2.5458921609574876
2,"Горный юго-восток, связанный с соседними регионами",okpd_it_office_sh,0.2532608847661792
2,"Горный юго-восток, связанный с соседними регионами",spend_total,-0.033203137309801456
2,"Горный юго-восток, связанный с соседними регионами",sh_Продовольствие,-0.06241494235825388
2,"Горный юго-восток, связанный с соседними регионами",sh_Здоровье,-0.6283875640586465
2,"Горный юго-восток, связанный с соседними регионами",sh_Общественное питание,-0.05136681000725374
2,"Горный юго-восток, связанный с соседними регионами",sh_Маркетплейсы,0.2940985000100015
2,"Горный юго-восток, связанный с соседними регионами",sh_Транспорт,1.100956595430548
2,"Горный юго-восток, связанный с соседними регионами",sh_прочее,-0.37687982185665725
2,"Горный юго-восток, связанный с соседними регионами",urban_share,0.0
2,"Горный юго-восток, связанный с соседними регионами",market_access,-1.366576819407007
2,"Горный юго-восток, связанный с соседними регионами",log_pop,-0.3434496370803537
2,"Горный юго-восток, связанный с соседними регионами",birth_rate,0.2500000000000003
2,"Горный юго-восток, связанный с соседними регионами",death_rate,0.06760563380281745
2,"Горный юго-восток, связанный с соседними регионами",migr_rate,-1.1408670865785053
2,"Горный юго-восток, связанный с соседними регионами",grants_pc,0.48559214177461285
2,"Горный юго-восток, связанный с соседними регионами",log_density,-0.7048113662265064
2,"Горный юго-восток, связанный с соседними регионами",wage,-0.026908175236786732
2,"Горный юго-восток, связанный с соседними регионами",emp_per_1000,0.34090842623305934
2,"Горный юго-восток, связанный с соседними регионами",emp_sh_industry,0.008720567373635135
2,"Горный юго-восток, связанный с соседними регионами",emp_sh_budget,0.22830646111702785
2,"Горный юго-восток, связанный с соседними регионами",emp_sh_agri,0.02357212601481734
3,Бюджетная сельская периферия с молодым населением,proc_pc,-0.21734713066311606
3,Бюджетная сельская периферия с молодым населением,proc_local_sh,0.0932061316120818
3,Бюджетная сельская периферия с молодым населением,proc_ufa_sh,0.10297022606066736
3,Бюджетная сельская периферия с молодым населением,proc_out_sh,0.06864793603891149
3,Бюджетная сельская периферия с молодым населением,proc_single_sh,0.017267580337863183
3,Бюджетная сельская периферия с молодым населением,supply_out_pc,-0.026935343079191564
3,Бюджетная сельская периферия с молодым населением,okpd_construction_sh,-0.002343164664626085
3,Бюджетная сельская периферия с молодым населением,okpd_health_sh,-0.22143415002030975
3,Бюджетная сельская периферия с молодым населением,okpd_food_sh,0.28946591866067506
3,Бюджетная сельская периферия с молодым населением,okpd_utilities_sh,0.5859305822432601
3,Бюджетная сельская периферия с молодым населением,okpd_fuel_transport_sh,0.002731078437448721
3,Бюджетная сельская периферия с молодым населением,okpd_it_office_sh,0.19028001025238178
3,Бюджетная сельская периферия с молодым населением,spend_total,0.0020169726826385448
3,Бюджетная сельская периферия с молодым населением,sh_Продовольствие,-0.18094112180370645
3,Бюджетная сельская периферия с молодым населением,sh_Здоровье,-0.11786638786590348
3,Бюджетная сельская периферия с молодым населением,sh_Общественное питание,-0.4017723416217279
3,Бюджетная сельская периферия с молодым населением,sh_Маркетплейсы,-0.14987282430928228
3,Бюджетная сельская периферия с молодым населением,sh_Транспорт,0.6463138866505374
3,Бюджетная сельская периферия с молодым населением,sh_прочее,0.2941680523745648
3,Бюджетная сельская периферия с молодым населением,urban_share,0.0
3,Бюджетная сельская периферия с молодым населением,market_access,-0.7924528301886796
3,Бюджетная сельская периферия с молодым населением,log_pop,-0.13089256390689016
3,Бюджетная сельская периферия с молодым населением,birth_rate,1.0687499999999996
3,Бюджетная сельская периферия с молодым населением,death_rate,0.0845070422535213
3,Бюджетная сельская периферия с молодым населением,migr_rate,-0.40011304054306274
3,Бюджетная сельская периферия с молодым населением,grants_pc,0.40775290549111
3,Бюджетная сельская периферия с молодым населением,log_density,-0.4668081567061234
3,Бюджетная сельская периферия с молодым населением,wage,-0.6048664167644333
3,Бюджетная сельская периферия с молодым населением,emp_per_1000,-0.4348366738912129
3,Бюджетная сельская периферия с молодым населением,emp_sh_industry,-0.47610886904008287
3,Бюджетная сельская периферия с молодым населением,emp_sh_budget,0.7641665428344036
3,Бюджетная сельская периферия с молодым населением,emp_sh_agri,-0.15527655869102303
4,Пригородный пояс Уфы,proc_pc,-0.0021609616979716174
4,Пригородный пояс Уфы,proc_local_sh,-0.6193357157580893
4,Пригородный пояс Уфы,proc_ufa_sh,0.4927333129587327
4,Пригородный пояс Уфы,proc_out_sh,-0.033491449331076985
4,Пригородный пояс Уфы,proc_single_sh,0.3070045958275492
4,Пригородный пояс Уфы,supply_out_pc,1.0886191072404827
4,Пригородный пояс Уфы,okpd_construction_sh,0.353149885861196
4,Пригородный пояс Уфы,okpd_health_sh,-0.8276708982474126
4,Пригородный пояс Уфы,okpd_food_sh,-0.37930838593556504
4,Пригородный пояс Уфы,okpd_utilities_sh,0.6571992100030416
4,Пригородный пояс Уфы,okpd_fuel_transport_sh,-0.35848945725610293
4,Пригородный пояс Уфы,okpd_it_office_sh,0.5535697662415225
4,Пригородный пояс Уфы,spend_total,0.051455851510827974
4,Пригородный пояс Уфы,sh_Продовольствие,0.288761193012089
4,Пригородный пояс Уфы,sh_Здоровье,-1.0531220944750699
4,Пригородный пояс Уфы,sh_Общественное питание,0.33419856698505523
4,Пригородный пояс Уфы,sh_Маркетплейсы,1.1878239739105072
4,Пригородный пояс Уфы,sh_Транспорт,-1.73200660360845
4,Пригородный пояс Уфы,sh_прочее,-0.30718724722785845
4,Пригородный пояс Уфы,urban_share,0.0
4,Пригородный пояс Уфы,market_access,0.21024258760107833
4,Пригородный пояс Уфы,log_pop,0.2681639387151511
4,Пригородный пояс Уфы,birth_rate,0.37499999999999983
4,Пригородный пояс Уфы,death_rate,-0.04225352112676091
4,Пригородный пояс Уфы,migr_rate,-0.02882268416293731
4,Пригородный пояс Уфы,grants_pc,0.09005645528050618
4,Пригородный пояс Уфы,log_density,0.25883563221007805
4,Пригородный пояс Уфы,wage,0.0703545368701174
4,Пригородный пояс Уфы,emp_per_1000,-0.40932804133262257
4,Пригородный пояс Уфы,emp_sh_industry,-0.42459734856033954
4,Пригородный пояс Уфы,emp_sh_budget,0.031063068208855293
4,Пригородный пояс Уфы,emp_sh_agri,0.4664336073448186
5,Стареющие аграрные районы центра и юго-запада,proc_pc,-0.6952127909861369
5,Стареющие аграрные районы центра и юго-запада,proc_local_sh,-0.5514904366066299
5,Стареющие аграрные районы центра и юго-запада,proc_ufa_sh,0.17199559013632482
5,Стареющие аграрные районы центра и юго-запада,proc_out_sh,-0.2366636330111222
5,Стареющие аграрные районы центра и юго-запада,proc_single_sh,0.03540615275650985
5,Стареющие аграрные районы центра и юго-запада,supply_out_pc,-0.21129965207443288
5,Стареющие аграрные районы центра и юго-запада,okpd_construction_sh,0.41354260454062547
5,Стареющие аграрные районы центра и юго-запада,okpd_health_sh,0.02690133004815467
5,Стареющие аграрные районы центра и юго-запада,okpd_food_sh,-0.0014270786396914188
5,Стареющие аграрные районы центра и юго-запада,okpd_utilities_sh,-0.14917216093978908
5,Стареющие аграрные районы центра и юго-запада,okpd_fuel_transport_sh,0.5725938671316864
5,Стареющие аграрные районы центра и юго-запада,okpd_it_office_sh,0.16809559011951572
5,Стареющие аграрные районы центра и юго-запада,spend_total,-0.3833404983459765
5,Стареющие аграрные районы центра и юго-запада,sh_Продовольствие,0.4838493613935413
5,Стареющие аграрные районы центра и юго-запада,sh_Здоровье,1.5423348163843484
5,Стареющие аграрные районы центра и юго-запада,sh_Общественное питание,-0.4622617117186382
5,Стареющие аграрные районы центра и юго-запада,sh_Маркетплейсы,-0.08260328472087242
5,Стареющие аграрные районы центра и юго-запада,sh_Транспорт,-0.45910553399575627
5,Стареющие аграрные районы центра и юго-запада,sh_прочее,-0.4455247996877089
5,Стареющие аграрные районы центра и юго-запада,urban_share,0.0
5,Стареющие аграрные районы центра и юго-запада,market_access,0.5822102425875998
5,Стареющие аграрные районы центра и юго-запада,log_pop,-0.3182544310588703
5,Стареющие аграрные районы центра и юго-запада,birth_rate,-0.4062499999999998
5,Стареющие аграрные районы центра и юго-запада,death_rate,0.21126760563380304
5,Стареющие аграрные районы центра и юго-запада,migr_rate,-0.3948321920042852
5,Стареющие аграрные районы центра и юго-запада,grants_pc,-0.07145424389727809
5,Стареющие аграрные районы центра и юго-запада,log_density,-0.05246332238074326
5,Стареющие аграрные районы центра и юго-запада,wage,-0.3951125990786053
5,Стареющие аграрные районы центра и юго-запада,emp_per_1000,-0.3613343446504331
5,Стареющие аграрные районы центра и юго-запада,emp_sh_industry,-0.34407621683902023
5,Стареющие аграрные районы центра и юго-запада,emp_sh_budget,0.17705985413417563
5,Стареющие аграрные районы центра и юго-запада,emp_sh_agri,1.6593678062350796
6,Города и промышленные центры,proc_pc,0.5445493048679918
6,Города и промышленные центры,proc_local_sh,0.34336491831327726
6,Города и промышленные центры,proc_ufa_sh,-0.5453743952188135
6,Города и промышленные центры,proc_out_sh,0.8873449252291339
6,Города и промышленные центры,proc_single_sh,-0.49657556521099966
6,Города и промышленные центры,supply_out_pc,0.6495161983853586
6,Города и промышленные центры,okpd_construction_sh,-0.9084814932247807
6,Города и промышленные центры,okpd_health_sh,0.49046462083812564
6,Города и промышленные центры,okpd_food_sh,0.18529842080628042
6,Города и промышленные центры,okpd_utilities_sh,-0.49255531531233987
6,Города и промышленные центры,okpd_fuel_transport_sh,0.11089080630827086
6,Города и промышленные центры,okpd_it_office_sh,-0.20264537621104262
6,Города и промышленные центры,spend_total,1.244198796503009
6,Города и промышленные центры,sh_Продовольствие,-1.3784473994744684
6,Города и промышленные центры,sh_Здоровье,0.05761998464686663
6,Города и промышленные центры,sh_Общественное питание,1.5332032599964809
6,Города и промышленные центры,sh_Маркетплейсы,-0.35300034838753946
6,Города и промышленные центры,sh_Транспорт,0.358532270246936
6,Города и промышленные центры,sh_прочее,1.0203943848621408
6,Города и промышленные центры,urban_share,1.4064987103780715
6,Города и промышленные центры,market_access,0.2776280323450136
6,Города и промышленные центры,log_pop,1.3998381095773909
6,Города и промышленные центры,birth_rate,-0.06249999999999979
6,Города и промышленные центры,death_rate,-0.8873239436619718
6,Города и промышленные центры,migr_rate,0.8576012007534353
6,Города и промышленные центры,grants_pc,-1.0093267287862555
6,Города и промышленные центры,log_density,2.6604095660340086
6,Города и промышленные центры,wage,0.7801528028156918
6,Города и промышленные центры,emp_per_1000,1.060871814610139
6,Города и промышленные центры,emp_sh_industry,1.0501234873672094
6,Города и промышленные центры,emp_sh_budget,-0.9055724290763607
6,Города и промышленные центры,emp_sh_agri,-0.32453166914069104
