mo,summary,strengths,weaknesses,anomalies,recommendations,analogs,benchmark
ГО Агидель,"г. Агидель относится к типу «Западные промышленные районы» (макротип «Западный и центральный аграрный пояс»). Типичность для своего типа -0.08, устойчивость отнесения 0.43.","[""Локализация госзаказа — 87-й процентиль"", ""Конкурентность закупок — 100-й процентиль"", ""Индекс хаба снабжения — 92-й процентиль"", ""Охват поставок — 96-й процентиль"", ""Внешняя зависимость снабжения низкая — 3-й процентиль""]","[""Демографическая устойчивость — 21-й процентиль""]","[""Доля трат на транспорт: 4.1% (ниже типичного для типа на 3.6 IQR)"", ""Поставки госзаказчикам других МО на жителя: 12 592 ₽ (выше типичного для типа на 3.2 IQR)"", ""Плотность населения (лог): 5.3 (выше типичного для типа на 2.3 IQR)"", ""Закупки у единственного поставщика: 5.0% (ниже типичного для типа на 2.1 IQR)""]","[{""topic"": ""Демография"", ""evidence"": ""миграция -12.7 ‰, рождаемость 6.3 ‰, смертность 13.4 ‰"", ""action"": ""Удержание молодёжи: жильё и рабочие места для специалистов, программы «Земский учитель/доктор», транспортная доступность к центрам занятости.""}, {""topic"": ""Опорный центр снабжения"", ""evidence"": ""поставщики МО продают госзаказчикам 47 других МО; хаб-индекс 92-й процентиль"", ""action"": ""Развивать как межмуниципальный центр: логистика, совместные закупки и сервисные центры для соседних районов.""}, {""topic"": ""Переходный профиль"", ""evidence"": ""типичность -0.08, устойчивость в бутстрепе 0.43; второй по вероятности тип — «Пригородный пояс Уфы»"", ""action"": ""Меры подбирать с учётом обоих типов и отслеживать ежеквартально: МО может сменить тип.""}, {""topic"": ""Ориентир"", ""evidence"": ""похожий по структуре и связям МО с более высокой активностью — Калтасинский"", ""action"": ""Сравнить практики Калтасинский: структуру госзаказа, поддержку МСП, работу с поставщиками.""}]",МР Калтасинский; ГО Нефтекамск; ГО Кумертау,МР Калтасинский
ГО Кумертау,"г. Кумертау относится к типу «Города и промышленные центры» (макротип «Урбанизированное и промышленное ядро»). Типичность для своего типа ≈ 0 (на границе двух типов), устойчивость отнесения 0.84.","[""Конкурентность закупок — 81-й процентиль"", ""Экономическая активность — 77-й процентиль"", ""Охват поставок — 80-й процентиль"", ""Бюджетная зависимость низкая — 19-й процентиль""]",[],[],"[{""topic"": ""Переходный профиль"", ""evidence"": ""типичность ≈ 0 (на границе двух типов), устойчивость в бутстрепе 0.84; второй по вероятности тип — «Западные промышленные районы»"", ""action"": ""Меры подбирать с учётом обоих типов и отслеживать ежеквартально: МО может сменить тип.""}, {""topic"": ""Ориентир"", ""evidence"": ""похожий по структуре и связям МО с более высокой активностью — г. Салават"", ""action"": ""Сравнить практики г. Салават: структуру госзаказа, поддержку МСП, работу с поставщиками.""}]",ГО Салават; ГО Уфа; ГО Нефтекамск,ГО Салават
ГО Межгорье,"г. Межгорье относится к типу «Горный юго-восток, связанный с соседними регионами» (макротип «Восточная и северная периферия»). Типичность для своего типа +0.05, устойчивость отнесения 0.79.","[""Локализация госзаказа — 76-й процентиль""]","[""Конкурентность закупок — 18-й процентиль"", ""Индекс хаба снабжения — 21-й процентиль"", ""Охват поставок — 15-й процентиль""]",[],"[{""topic"": ""Конкуренция в закупках"", ""evidence"": ""у единственного поставщика 21.0% (медиана региона 18.0%)"", ""action"": ""Перевести повторяющиеся закупки у единственного поставщика в конкурентные процедуры; проверить дробление закупок; укрупнять лоты совместно с соседними МО.""}]",МР Благоварский; МР Зилаирский; МР Мелеузовский,
ГО Нефтекамск,"г. Нефтекамск относится к типу «Города и промышленные центры» (макротип «Урбанизированное и промышленное ядро»). Типичность для своего типа +0.18, устойчивость отнесения 0.84.","[""Конкурентность закупок — 98-й процентиль"", ""Экономическая активность — 90-й процентиль"", ""Демографическая устойчивость — 98-й процентиль"", ""Индекс хаба снабжения — 98-й процентиль"", ""Охват поставок — 98-й процентиль"", ""Бюджетная зависимость низкая — 5-й процентиль"", ""Утечка спроса в онлайн низкая — 8-й процентиль""]",[],[],"[{""topic"": ""Опорный центр снабжения"", ""evidence"": ""поставщики МО продают госзаказчикам 50 других МО; хаб-индекс 98-й процентиль"", ""action"": ""Развивать как межмуниципальный центр: логистика, совместные закупки и сервисные центры для соседних районов.""}, {""topic"": ""Связующее звено сети"", ""evidence"": ""мостовой индекс 98-й процентиль"", ""action"": ""Подходит для пилотов межмуниципальных проектов: изменения здесь быстрее распространяются на разные типы МО.""}, {""topic"": ""Ориентир"", ""evidence"": ""похожий по структуре и связям МО с более высокой активностью — г. Уфа"", ""action"": ""Сравнить практики г. Уфа: структуру госзаказа, поддержку МСП, работу с поставщиками.""}]",ГО Уфа; МР Ишимбайский; ГО Стерлитамак,ГО Уфа
ГО Октябрьский,"г. Октябрьский относится к типу «Города и промышленные центры» (макротип «Урбанизированное и промышленное ядро»). Типичность для своего типа +0.20, устойчивость отнесения 0.84.","[""Локализация госзаказа — 90-й процентиль"", ""Экономическая активность — 94-й процентиль"", ""Демографическая устойчивость — 94-й процентиль"", ""Индекс хаба снабжения — 81-й процентиль"", ""Охват поставок — 80-й процентиль"", ""Бюджетная зависимость низкая — 3-й процентиль"", ""Утечка спроса в онлайн низкая — 13-й процентиль""]",[],[],"[{""topic"": ""Ориентир"", ""evidence"": ""похожий по структуре и связям МО с более высокой активностью — г. Уфа"", ""action"": ""Сравнить практики г. Уфа: структуру госзаказа, поддержку МСП, работу с поставщиками.""}]",ГО Уфа; МР Туймазинский; МР Белебеевский,ГО Уфа
ГО Салават,"г. Салават относится к типу «Города и промышленные центры» (макротип «Урбанизированное и промышленное ядро»). Типичность для своего типа +0.04, устойчивость отнесения 0.82.","[""Экономическая активность — 98-й процентиль"", ""Индекс хаба снабжения — 86-й процентиль"", ""Бюджетная зависимость низкая — 2-й процентиль"", ""Утечка спроса в онлайн низкая — 10-й процентиль""]","[""Конкурентность закупок — 10-й процентиль""]",[],"[{""topic"": ""Конкуренция в закупках"", ""evidence"": ""у единственного поставщика 23.6% (медиана региона 18.0%)"", ""action"": ""Перевести повторяющиеся закупки у единственного поставщика в конкурентные процедуры; проверить дробление закупок; укрупнять лоты совместно с соседними МО.""}, {""topic"": ""Опорный центр снабжения"", ""evidence"": ""поставщики МО продают госзаказчикам 20 других МО; хаб-индекс 86-й процентиль"", ""action"": ""Развивать как межмуниципальный центр: логистика, совместные закупки и сервисные центры для соседних районов.""}, {""topic"": ""Ориентир"", ""evidence"": ""похожий по структуре и связям МО с более высокой активностью — г. Уфа"", ""action"": ""Сравнить практики г. Уфа: структуру госзаказа, поддержку МСП, работу с поставщиками.""}]",ГО Уфа; ГО Кумертау; ГО Стерлитамак,ГО Уфа
ГО Сибай,"г. Сибай относится к типу «Города и промышленные центры» (макротип «Урбанизированное и промышленное ядро»). Типичность для своего типа +0.09, устойчивость отнесения 0.70.","[""Демографическая устойчивость — 82-й процентиль"", ""Утечка спроса в онлайн низкая — 5-й процентиль""]","[""Внешняя зависимость снабжения высокая — 81-й процентиль""]",[],"[{""topic"": ""Ориентир"", ""evidence"": ""похожий по структуре и связям МО с более высокой активностью — г. Октябрьский"", ""action"": ""Сравнить практики г. Октябрьский: структуру госзаказа, поддержку МСП, работу с поставщиками.""}]",ГО Октябрьский; ГО Уфа; МР Хайбуллинский,ГО Октябрьский
ГО Стерлитамак,"г. Стерлитамак относится к типу «Города и промышленные центры» (макротип «Урбанизированное и промышленное ядро»). Типичность для своего типа +0.22, устойчивость отнесения 0.86.","[""Конкурентность закупок — 97-й процентиль"", ""Экономическая активность — 89-й процентиль"", ""Демографическая устойчивость — 87-й процентиль"", ""Индекс хаба снабжения — 95-й процентиль"", ""Охват поставок — 92-й процентиль"", ""Бюджетная зависимость низкая — 10-й процентиль"", ""Утечка спроса в онлайн низкая — 6-й процентиль""]","[""Внешняя зависимость снабжения высокая — 78-й процентиль""]","[""Госзаказ: медицина: 16.3% (выше типичного для типа на 2.4 IQR)""]","[{""topic"": ""Опорный центр снабжения"", ""evidence"": ""поставщики МО продают госзаказчикам 41 других МО; хаб-индекс 95-й процентиль"", ""action"": ""Развивать как межмуниципальный центр: логистика, совместные закупки и сервисные центры для соседних районов.""}, {""topic"": ""Ориентир"", ""evidence"": ""похожий по структуре и связям МО с более высокой активностью — г. Уфа"", ""action"": ""Сравнить практики г. Уфа: структуру госзаказа, поддержку МСП, работу с поставщиками.""}]",ГО Уфа; ГО Салават; МР Ишимбайский,ГО Уфа
ГО Уфа,"г. Уфа относится к типу «Города и промышленные центры» (макротип «Урбанизированное и промышленное ядро»). Типичность для своего типа +0.19, устойчивость отнесения 0.84.","[""Локализация госзаказа — 100-й процентиль"", ""Конкурентность закупок — 92-й процентиль"", ""Экономическая активность — 100-й процентиль"", ""Демографическая устойчивость — 92-й процентиль"", ""Индекс хаба снабжения — 100-й процентиль"", ""Охват поставок — 100-й процентиль"", ""Внешняя зависимость снабжения низкая — 2-й процентиль"", ""Бюджетная зависимость низкая — 8-й процентиль"", ""Утечка спроса в онлайн низкая — 2-й процентиль""]",[],"[""Госзаказ у местных поставщиков: 65.5% (выше типичного для типа на 3.7 IQR)"", ""Госзаказ у поставщиков из Уфы: 0.0% (ниже типичного для типа на 3.6 IQR)"", ""Индекс доступности рынков: 374.3 (выше типичного для типа на 2.6 IQR)"", ""Население (лог): 14.0 (выше типичного для типа на 2.4 IQR)""]","[{""topic"": ""Опорный центр снабжения"", ""evidence"": ""поставщики МО продают госзаказчикам 62 других МО; хаб-индекс 100-й процентиль"", ""action"": ""Развивать как межмуниципальный центр: логистика, совместные закупки и сервисные центры для соседних районов.""}, {""topic"": ""Связующее звено сети"", ""evidence"": ""мостовой индекс 100-й процентиль"", ""action"": ""Подходит для пилотов межмуниципальных проектов: изменения здесь быстрее распространяются на разные типы МО.""}]",ГО Стерлитамак; ГО Нефтекамск; ГО Октябрьский,
МР Абзелиловский,"Абзелиловский относится к типу «Бюджетная сельская периферия с молодым населением» (макротип «Восточная и северная периферия»). Типичность для своего типа +0.12, устойчивость отнесения 0.71.","[""Демографическая устойчивость — 89-й процентиль"", ""Утечка спроса в онлайн низкая — 23-й процентиль""]","[""Конкурентность закупок — 6-й процентиль""]","[""Доля трат на здоровье: 4.1% (ниже типичного для типа на 2.2 IQR)""]","[{""topic"": ""Конкуренция в закупках"", ""evidence"": ""у единственного поставщика 27.0% (медиана региона 18.0%)"", ""action"": ""Перевести повторяющиеся закупки у единственного поставщика в конкурентные процедуры; проверить дробление закупок; укрупнять лоты совместно с соседними МО.""}, {""topic"": ""Ориентир"", ""evidence"": ""похожий по структуре и связям МО с более высокой активностью — Салаватский"", ""action"": ""Сравнить практики Салаватский: структуру госзаказа, поддержку МСП, работу с поставщиками.""}]",МР Баймакский; МР Бурзянский; МР Зианчуринский,МР Салаватский
МР Альшеевский,"Альшеевский относится к типу «Западные промышленные районы» (макротип «Западный и центральный аграрный пояс»). Типичность для своего типа -0.10, устойчивость отнесения 0.69.","[""Внешняя зависимость снабжения низкая — 14-й процентиль""]",[],"[""Госзаказ: ИТ и офис: 8.0% (выше типичного для типа на 2.0 IQR)""]","[{""topic"": ""Переходный профиль"", ""evidence"": ""типичность -0.10, устойчивость в бутстрепе 0.69; второй по вероятности тип — «Стареющие аграрные районы центра и юго-запада»"", ""action"": ""Меры подбирать с учётом обоих типов и отслеживать ежеквартально: МО может сменить тип.""}, {""topic"": ""Ориентир"", ""evidence"": ""похожий по структуре и связям МО с более высокой активностью — Белебеевский"", ""action"": ""Сравнить практики Белебеевский: структуру госзаказа, поддержку МСП, работу с поставщиками.""}]",МР Белебеевский; МР Буздякский; МР Белорецкий,МР Белебеевский
МР Архангельский,"Архангельский относится к типу «Пригородный пояс Уфы» (макротип «Западный и центральный аграрный пояс»). Типичность для своего типа +0.04, устойчивость отнесения 0.58.",[],"[""Локализация госзаказа — 11-й процентиль"", ""Экономическая активность — 21-й процентиль"", ""Индекс хаба снабжения — 11-й процентиль"", ""Охват поставок — 6-й процентиль"", ""Внешняя зависимость снабжения высокая — 89-й процентиль"", ""Утечка спроса в онлайн высокая — 98-й процентиль""]",[],"[{""topic"": ""Локализация госзаказа"", ""evidence"": ""у местных поставщиков 8.5% стоимости контрактов (медиана типа 13.3%); внешним поставщикам — 75.3%, крупнейшие поставщики из МО: г. Уфа, Чишминский, Иглинский"", ""action"": ""Поддержать местных поставщиков в группах с наибольшей долей заказа (строительство (56%), ЖКХ и энергия (15%)): малые закупки у СМСП, совместные закупки с соседями, реестр местных производителей.""}, {""topic"": ""Утечка потребительского спроса"", ""evidence"": ""маркетплейсы 12.4% трат против 1.8% на общепит"", ""action"": ""Развивать местную сферу услуг и торговлю (ярмарки, общепит, бытовые услуги у пунктов выдачи заказов); местным производителям — выход на маркетплейсы, чтобы деньги возвращались в район.""}, {""topic"": ""Связующее звено сети"", ""evidence"": ""мостовой индекс 94-й процентиль"", ""action"": ""Подходит для пилотов межмуниципальных проектов: изменения здесь быстрее распространяются на разные типы МО.""}, {""topic"": ""Ориентир"", ""evidence"": ""похожий по структуре и связям МО с более высокой активностью — Нуримановский"", ""action"": ""Сравнить практики Нуримановский: структуру госзаказа, поддержку МСП, работу с поставщиками.""}]",МР Нуримановский; МР Кармаскалинский; МР Мишкинский,МР Нуримановский
МР Аскинский,"Аскинский относится к типу «Северная аграрная периферия» (макротип «Западный и центральный аграрный пояс»). Типичность для своего типа +0.19, устойчивость отнесения 0.83.","[""Конкурентность закупок — 90-й процентиль""]","[""Экономическая активность — 23-й процентиль"", ""Бюджетная зависимость высокая — 98-й процентиль"", ""Утечка спроса в онлайн высокая — 89-й процентиль""]",[],"[{""topic"": ""Бюджетная зависимость"", ""evidence"": ""дотации 6 053 ₽/год на жителя, в бюджетном секторе 71.7% занятых; активность — 23-й процентиль"", ""action"": ""Диверсифицировать занятость: поддержка МСП и переработки местного сырья, оценивать новые проекты по доле налогов, остающихся в бюджете МО.""}, {""topic"": ""Утечка потребительского спроса"", ""evidence"": ""маркетплейсы 11.0% трат против 2.1% на общепит"", ""action"": ""Развивать местную сферу услуг и торговлю (ярмарки, общепит, бытовые услуги у пунктов выдачи заказов); местным производителям — выход на маркетплейсы, чтобы деньги возвращались в район.""}, {""topic"": ""Опережающий индикатор"", ""evidence"": ""динамика трат опережает 9 МО на 1–3 мес."", ""action"": ""Использовать как ранний сигнал в мониторинге региона: просадка здесь предупреждает о спаде у соседей.""}, {""topic"": ""Ориентир"", ""evidence"": ""похожий по структуре и связям МО с более высокой активностью — Татышлинский"", ""action"": ""Сравнить практики Татышлинский: структуру госзаказа, поддержку МСП, работу с поставщиками.""}]",МР Балтачевский; МР Караидельский; МР Татышлинский,МР Татышлинский
МР Аургазинский,"Аургазинский относится к типу «Стареющие аграрные районы центра и юго-запада» (макротип «Западный и центральный аграрный пояс»). Типичность для своего типа +0.17, устойчивость отнесения 0.74.",[],"[""Экономическая активность — 13-й процентиль"", ""Демографическая устойчивость — 8-й процентиль"", ""Индекс хаба снабжения — 24-й процентиль""]","[""Доля трат на здоровье: 6.9% (выше типичного для типа на 2.0 IQR)""]","[{""topic"": ""Демография"", ""evidence"": ""миграция -14.3 ‰, рождаемость 8.4 ‰, смертность 16.5 ‰"", ""action"": ""Удержание молодёжи: жильё и рабочие места для специалистов, программы «Земский учитель/доктор», транспортная доступность к центрам занятости.""}, {""topic"": ""Ориентир"", ""evidence"": ""похожий по структуре и связям МО с более высокой активностью — Чекмагушевский"", ""action"": ""Сравнить практики Чекмагушевский: структуру госзаказа, поддержку МСП, работу с поставщиками.""}]",МР Чекмагушевский; МР Миякинский; МР Стерлибашевский,МР Чекмагушевский
МР Баймакский,"Баймакский относится к типу «Бюджетная сельская периферия с молодым населением» (макротип «Восточная и северная периферия»). Типичность для своего типа +0.13, устойчивость отнесения 0.73.","[""Конкурентность закупок — 94-й процентиль"", ""Утечка спроса в онлайн низкая — 3-й процентиль""]","[""Локализация госзаказа — 16-й процентиль""]",[],"[{""topic"": ""Локализация госзаказа"", ""evidence"": ""у местных поставщиков 10.7% стоимости контрактов (медиана типа 20.0%); внешним поставщикам — 66.8%, крупнейшие поставщики из МО: г. Уфа, г. Сибай, Абзелиловский"", ""action"": ""Поддержать местных поставщиков в группах с наибольшей долей заказа (строительство (60%), продукты (7%)): малые закупки у СМСП, совместные закупки с соседями, реестр местных производителей.""}, {""topic"": ""Опережающий индикатор"", ""evidence"": ""динамика трат опережает 10 МО на 1–3 мес."", ""action"": ""Использовать как ранний сигнал в мониторинге региона: просадка здесь предупреждает о спаде у соседей.""}, {""topic"": ""Ориентир"", ""evidence"": ""похожий по структуре и связям МО с более высокой активностью — Дуванский"", ""action"": ""Сравнить практики Дуванский: структуру госзаказа, поддержку МСП, работу с поставщиками.""}]",МР Абзелиловский; МР Бурзянский; МР Кугарчинский,МР Дуванский
МР Бакалинский,"Бакалинский относится к типу «Бюджетная сельская периферия с молодым населением» (макротип «Западный и центральный аграрный пояс»). Типичность для своего типа -0.03, устойчивость отнесения 0.29.",[],"[""Экономическая активность — 10-й процентиль"", ""Охват поставок — 15-й процентиль"", ""Бюджетная зависимость высокая — 78-й процентиль"", ""Утечка спроса в онлайн высокая — 94-й процентиль""]",[],"[{""topic"": ""Бюджетная зависимость"", ""evidence"": ""дотации 4 797 ₽/год на жителя, в бюджетном секторе 75.9% занятых; активность — 10-й процентиль"", ""action"": ""Диверсифицировать занятость: поддержка МСП и переработки местного сырья, оценивать новые проекты по доле налогов, остающихся в бюджете МО.""}, {""topic"": ""Утечка потребительского спроса"", ""evidence"": ""маркетплейсы 12.2% трат против 2.1% на общепит"", ""action"": ""Развивать местную сферу услуг и торговлю (ярмарки, общепит, бытовые услуги у пунктов выдачи заказов); местным производителям — выход на маркетплейсы, чтобы деньги возвращались в район.""}, {""topic"": ""Переходный профиль"", ""evidence"": ""типичность -0.03, устойчивость в бутстрепе 0.29; второй по вероятности тип — «Стареющие аграрные районы центра и юго-запада»"", ""action"": ""Меры подбирать с учётом обоих типов и отслеживать ежеквартально: МО может сменить тип.""}, {""topic"": ""Ориентир"", ""evidence"": ""похожий по структуре и связям МО с более высокой активностью — Кигинский"", ""action"": ""Сравнить практики Кигинский: структуру госзаказа, поддержку МСП, работу с поставщиками.""}]",МР Мишкинский; МР Кигинский; МР Архангельский,МР Кигинский
МР Балтачевский,"Балтачевский относится к типу «Северная аграрная периферия» (макротип «Западный и центральный аграрный пояс»). Типичность для своего типа +0.13, устойчивость отнесения 0.77.","[""Локализация госзаказа — 82-й процентиль"", ""Конкурентность закупок — 87-й процентиль"", ""Внешняя зависимость снабжения низкая — 16-й процентиль""]","[""Экономическая активность — 6-й процентиль"", ""Демографическая устойчивость — 24-й процентиль"", ""Индекс хаба снабжения — 14-й процентиль"", ""Бюджетная зависимость высокая — 94-й процентиль""]",[],"[{""topic"": ""Бюджетная зависимость"", ""evidence"": ""дотации 5 717 ₽/год на жителя, в бюджетном секторе 71.9% занятых; активность — 6-й процентиль"", ""action"": ""Диверсифицировать занятость: поддержка МСП и переработки местного сырья, оценивать новые проекты по доле налогов, остающихся в бюджете МО.""}, {""topic"": ""Демография"", ""evidence"": ""миграция -10.4 ‰, рождаемость 8.4 ‰, смертность 15.8 ‰"", ""action"": ""Удержание молодёжи: жильё и рабочие места для специалистов, программы «Земский учитель/доктор», транспортная доступность к центрам занятости.""}, {""topic"": ""Ориентир"", ""evidence"": ""похожий по структуре и связям МО с более высокой активностью — Аскинский"", ""action"": ""Сравнить практики Аскинский: структуру госзаказа, поддержку МСП, работу с поставщиками.""}]",МР Аскинский; МР Караидельский; МР Татышлинский,МР Аскинский
МР Белебеевский,"Белебеевский относится к типу «Западные промышленные районы» (макротип «Урбанизированное и промышленное ядро»). Типичность для своего типа +0.15, устойчивость отнесения 0.77.","[""Локализация госзаказа — 86-й процентиль"", ""Экономическая активность — 82-й процентиль"", ""Индекс хаба снабжения — 79-й процентиль"", ""Охват поставок — 77-й процентиль"", ""Бюджетная зависимость низкая — 13-й процентиль""]",[],"[""Госзаказ: продукты: 10.6% (выше типичного для типа на 2.1 IQR)""]","[{""topic"": ""Связующее звено сети"", ""evidence"": ""мостовой индекс 92-й процентиль"", ""action"": ""Подходит для пилотов межмуниципальных проектов: изменения здесь быстрее распространяются на разные типы МО.""}, {""topic"": ""Ориентир"", ""evidence"": ""похожий по структуре и связям МО с более высокой активностью — г. Октябрьский"", ""action"": ""Сравнить практики г. Октябрьский: структуру госзаказа, поддержку МСП, работу с поставщиками.""}]",ГО Октябрьский; ГО Кумертау; ГО Салават,ГО Октябрьский
МР Белокатайский,"Белокатайский относится к типу «Бюджетная сельская периферия с молодым населением» (макротип «Восточная и северная периферия»). Типичность для своего типа +0.08, устойчивость отнесения 0.72.","[""Локализация госзаказа — 78-й процентиль""]","[""Бюджетная зависимость высокая — 89-й процентиль"", ""Утечка спроса в онлайн высокая — 95-й процентиль""]",[],"[{""topic"": ""Бюджетная зависимость"", ""evidence"": ""дотации 7 210 ₽/год на жителя, в бюджетном секторе 66.0% занятых; активность — 45-й процентиль"", ""action"": ""Диверсифицировать занятость: поддержка МСП и переработки местного сырья, оценивать новые проекты по доле налогов, остающихся в бюджете МО.""}, {""topic"": ""Утечка потребительского спроса"", ""evidence"": ""маркетплейсы 12.0% трат против 1.8% на общепит"", ""action"": ""Развивать местную сферу услуг и торговлю (ярмарки, общепит, бытовые услуги у пунктов выдачи заказов); местным производителям — выход на маркетплейсы, чтобы деньги возвращались в район.""}, {""topic"": ""Ориентир"", ""evidence"": ""похожий по структуре и связям МО с более высокой активностью — Дуванский"", ""action"": ""Сравнить практики Дуванский: структуру госзаказа, поддержку МСП, работу с поставщиками.""}]",МР Кигинский; МР Дуванский; МР Мечетлинский,МР Дуванский
МР Белорецкий,"Белорецкий относится к типу «Горный юго-восток, связанный с соседними регионами» (макротип «Восточная и северная периферия»). Типичность для своего типа -0.13, устойчивость отнесения 0.64.","[""Экономическая активность — 84-й процентиль"", ""Бюджетная зависимость низкая — 16-й процентиль""]",[],"[""Госзаказ: медицина: 16.9% (выше типичного для типа на 2.8 IQR)"", ""Госзаказ: топливо и транспорт: 4.4% (ниже типичного для типа на 2.3 IQR)""]","[{""topic"": ""Переходный профиль"", ""evidence"": ""типичность -0.13, устойчивость в бутстрепе 0.64; второй по вероятности тип — «Города и промышленные центры»"", ""action"": ""Меры подбирать с учётом обоих типов и отслеживать ежеквартально: МО может сменить тип.""}, {""topic"": ""Ориентир"", ""evidence"": ""похожий по структуре и связям МО с более высокой активностью — Учалинский"", ""action"": ""Сравнить практики Учалинский: структуру госзаказа, поддержку МСП, работу с поставщиками.""}]",МР Учалинский; ГО Кумертау; МР Салаватский,МР Учалинский
МР Бижбулякский,"Бижбулякский относится к типу «Стареющие аграрные районы центра и юго-запада» (макротип «Западный и центральный аграрный пояс»). Типичность для своего типа -0.08, устойчивость отнесения 0.45.",[],"[""Демографическая устойчивость — 11-й процентиль"", ""Внешняя зависимость снабжения высокая — 79-й процентиль""]",[],"[{""topic"": ""Демография"", ""evidence"": ""миграция -11.4 ‰, рождаемость 7.2 ‰, смертность 15.4 ‰"", ""action"": ""Удержание молодёжи: жильё и рабочие места для специалистов, программы «Земский учитель/доктор», транспортная доступность к центрам занятости.""}, {""topic"": ""Переходный профиль"", ""evidence"": ""типичность -0.08, устойчивость в бутстрепе 0.45; второй по вероятности тип — «Северная аграрная периферия»"", ""action"": ""Меры подбирать с учётом обоих типов и отслеживать ежеквартально: МО может сменить тип.""}]",МР Ермекеевский; МР Федоровский; МР Стерлибашевский,
МР Бирский,"Бирский относится к типу «Города и промышленные центры» (макротип «Урбанизированное и промышленное ядро»). Типичность для своего типа -0.15, устойчивость отнесения 0.80.","[""Конкурентность закупок — 86-й процентиль"", ""Демографическая устойчивость — 76-й процентиль"", ""Индекс хаба снабжения — 90-й процентиль"", ""Утечка спроса в онлайн низкая — 18-й процентиль""]","[""Внешняя зависимость снабжения высокая — 87-й процентиль""]",[],"[{""topic"": ""Локализация госзаказа"", ""evidence"": ""у местных поставщиков 14.3% стоимости контрактов (медиана типа 21.7%); внешним поставщикам — 72.7%, крупнейшие поставщики из МО: г. Уфа, Илишевский, г. Октябрьский"", ""action"": ""Поддержать местных поставщиков в группах с наибольшей долей заказа (строительство (47%), медицина (8%)): малые закупки у СМСП, совместные закупки с соседями, реестр местных производителей.""}, {""topic"": ""Опорный центр снабжения"", ""evidence"": ""поставщики МО продают госзаказчикам 23 других МО; хаб-индекс 90-й процентиль"", ""action"": ""Развивать как межмуниципальный центр: логистика, совместные закупки и сервисные центры для соседних районов.""}, {""topic"": ""Переходный профиль"", ""evidence"": ""типичность -0.15, устойчивость в бутстрепе 0.80; второй по вероятности тип — «Пригородный пояс Уфы»"", ""action"": ""Меры подбирать с учётом обоих типов и отслеживать ежеквартально: МО может сменить тип.""}, {""topic"": ""Ориентир"", ""evidence"": ""похожий по структуре и связям МО с более высокой активностью — г. Стерлитамак"", ""action"": ""Сравнить практики г. Стерлитамак: структуру госзаказа, поддержку МСП, работу с поставщиками.""}]",ГО Стерлитамак; ГО Октябрьский; ГО Нефтекамск,ГО Стерлитамак
МР Благоварский,"Благоварский относится к типу «Стареющие аграрные районы центра и юго-запада» (макротип «Западный и центральный аграрный пояс»). Типичность для своего типа +0.07, устойчивость отнесения 0.66.",[],"[""Локализация госзаказа — 3-й процентиль"", ""Охват поставок — 15-й процентиль""]",[],"[{""topic"": ""Связующее звено сети"", ""evidence"": ""мостовой индекс 97-й процентиль"", ""action"": ""Подходит для пилотов межмуниципальных проектов: изменения здесь быстрее распространяются на разные типы МО.""}, {""topic"": ""Опережающий индикатор"", ""evidence"": ""динамика трат опережает 10 МО на 1–3 мес."", ""action"": ""Использовать как ранний сигнал в мониторинге региона: просадка здесь предупреждает о спаде у соседей.""}]",МР Буздякский; МР Миякинский; ГО Межгорье,
МР Благовещенский,"Благовещенский относится к типу «Западные промышленные районы» (макротип «Урбанизированное и промышленное ядро»). Типичность для своего типа +0.01, устойчивость отнесения 0.75.","[""Экономическая активность — 92-й процентиль"", ""Демографическая устойчивость — 77-й процентиль"", ""Бюджетная зависимость низкая — 6-й процентиль""]","[""Локализация госзаказа — 5-й процентиль"", ""Внешняя зависимость снабжения высокая — 100-й процентиль""]",[],"[{""topic"": ""Локализация госзаказа"", ""evidence"": ""у местных поставщиков 5.6% стоимости контрактов (медиана типа 22.5%); внешним поставщикам — 80.5%, крупнейшие поставщики из МО: г. Уфа, Шаранский, Уфимский"", ""action"": ""Поддержать местных поставщиков в группах с наибольшей долей заказа (строительство (53%), ЖКХ и энергия (15%)): малые закупки у СМСП, совместные закупки с соседями, реестр местных производителей.""}]",МР Чишминский; МР Иглинский; МР Краснокамский,
МР Буздякский,"Буздякский относится к типу «Стареющие аграрные районы центра и юго-запада» (макротип «Западный и центральный аграрный пояс»). Типичность для своего типа +0.09, устойчивость отнесения 0.63.","[""Конкурентность закупок — 76-й процентиль"", ""Внешняя зависимость снабжения низкая — 24-й процентиль""]",[],"[""Госзаказ: продукты: 8.2% (выше типичного для типа на 2.1 IQR)""]","[{""topic"": ""Опережающий индикатор"", ""evidence"": ""динамика трат опережает 8 МО на 1–3 мес."", ""action"": ""Использовать как ранний сигнал в мониторинге региона: просадка здесь предупреждает о спаде у соседей.""}, {""topic"": ""Ориентир"", ""evidence"": ""похожий по структуре и связям МО с более высокой активностью — Благоварский"", ""action"": ""Сравнить практики Благоварский: структуру госзаказа, поддержку МСП, работу с поставщиками.""}]",МР Благоварский; МР Чекмагушевский; МР Альшеевский,МР Благоварский
МР Бураевский,"Бураевский относится к типу «Горный юго-восток, связанный с соседними регионами» (макротип «Восточная и северная периферия»). Типичность для своего типа +0.01, устойчивость отнесения 0.78.","[""Конкурентность закупок — 95-й процентиль""]","[""Локализация госзаказа — 13-й процентиль"", ""Демографическая устойчивость — 10-й процентиль"", ""Индекс хаба снабжения — 22-й процентиль"", ""Охват поставок — 15-й процентиль"", ""Внешняя зависимость снабжения высокая — 97-й процентиль"", ""Утечка спроса в онлайн высокая — 87-й процентиль""]","[""Госзаказ на жителя за квартал: 9 894 ₽ (выше типичного для типа на 2.2 IQR)""]","[{""topic"": ""Локализация госзаказа"", ""evidence"": ""у местных поставщиков 8.7% стоимости контрактов (медиана типа 19.7%); внешним поставщикам — 77.8%, крупнейшие поставщики из МО: г. Уфа, г. Нефтекамск, Бирский"", ""action"": ""Поддержать местных поставщиков в группах с наибольшей долей заказа (строительство (63%), топливо и транспорт (9%)): малые закупки у СМСП, совместные закупки с соседями, реестр местных производителей.""}, {""topic"": ""Утечка потребительского спроса"", ""evidence"": ""маркетплейсы 11.1% трат против 2.1% на общепит"", ""action"": ""Развивать местную сферу услуг и торговлю (ярмарки, общепит, бытовые услуги у пунктов выдачи заказов); местным производителям — выход на маркетплейсы, чтобы деньги возвращались в район.""}, {""topic"": ""Демография"", ""evidence"": ""миграция -5.8 ‰, рождаемость 7.3 ‰, смертность 19.5 ‰"", ""action"": ""Удержание молодёжи: жильё и рабочие места для специалистов, программы «Земский учитель/доктор», транспортная доступность к центрам занятости.""}, {""topic"": ""Ориентир"", ""evidence"": ""похожий по структуре и связям МО с более высокой активностью — Хайбуллинский"", ""action"": ""Сравнить практики Хайбуллинский: структуру госзаказа, поддержку МСП, работу с поставщиками.""}]",МР Хайбуллинский; ГО Межгорье; МР Татышлинский,МР Хайбуллинский
МР Бурзянский,"Бурзянский относится к типу «Горный юго-восток, связанный с соседними регионами» (макротип «Восточная и северная периферия»). Типичность для своего типа +0.01, устойчивость отнесения 0.76.","[""Локализация госзаказа — 79-й процентиль"", ""Демографическая устойчивость — 81-й процентиль""]","[""Экономическая активность — 18-й процентиль"", ""Индекс хаба снабжения — 3-й процентиль"", ""Охват поставок — 15-й процентиль"", ""Бюджетная зависимость высокая — 97-й процентиль""]","[""Рождаемость: 13.8 ‰ (выше типичного для типа на 3.0 IQR)""]","[{""topic"": ""Бюджетная зависимость"", ""evidence"": ""дотации 6 776 ₽/год на жителя, в бюджетном секторе 68.6% занятых; активность — 18-й процентиль"", ""action"": ""Диверсифицировать занятость: поддержка МСП и переработки местного сырья, оценивать новые проекты по доле налогов, остающихся в бюджете МО.""}, {""topic"": ""Ориентир"", ""evidence"": ""похожий по структуре и связям МО с более высокой активностью — Зилаирский"", ""action"": ""Сравнить практики Зилаирский: структуру госзаказа, поддержку МСП, работу с поставщиками.""}]",МР Зилаирский; МР Баймакский; МР Зианчуринский,МР Зилаирский
МР Гафурийский,"Гафурийский относится к типу «Бюджетная сельская периферия с молодым населением» (макротип «Восточная и северная периферия»). Типичность для своего типа +0.04, устойчивость отнесения 0.39.","[""Индекс хаба снабжения — 89-й процентиль"", ""Охват поставок — 94-й процентиль""]","[""Экономическая активность — 24-й процентиль"", ""Бюджетная зависимость высокая — 87-й процентиль"", ""Утечка спроса в онлайн высокая — 81-й процентиль""]",[],"[{""topic"": ""Бюджетная зависимость"", ""evidence"": ""дотации 5 264 ₽/год на жителя, в бюджетном секторе 75.7% занятых; активность — 24-й процентиль"", ""action"": ""Диверсифицировать занятость: поддержка МСП и переработки местного сырья, оценивать новые проекты по доле налогов, остающихся в бюджете МО.""}, {""topic"": ""Утечка потребительского спроса"", ""evidence"": ""маркетплейсы 9.6% трат против 2.0% на общепит"", ""action"": ""Развивать местную сферу услуг и торговлю (ярмарки, общепит, бытовые услуги у пунктов выдачи заказов); местным производителям — выход на маркетплейсы, чтобы деньги возвращались в район.""}, {""topic"": ""Опорный центр снабжения"", ""evidence"": ""поставщики МО продают госзаказчикам 46 других МО; хаб-индекс 89-й процентиль"", ""action"": ""Развивать как межмуниципальный центр: логистика, совместные закупки и сервисные центры для соседних районов.""}, {""topic"": ""Переходный профиль"", ""evidence"": ""типичность +0.04, устойчивость в бутстрепе 0.39; второй по вероятности тип — «Стареющие аграрные районы центра и юго-запада»"", ""action"": ""Меры подбирать с учётом обоих типов и отслеживать ежеквартально: МО может сменить тип.""}]",МР Кугарчинский; МР Зианчуринский; МР Бурзянский,
МР Давлекановский,"Давлекановский относится к типу «Пригородный пояс Уфы» (макротип «Западный и центральный аграрный пояс»). Типичность для своего типа +0.14, устойчивость отнесения 0.72.","[""Локализация госзаказа — 81-й процентиль"", ""Индекс хаба снабжения — 87-й процентиль"", ""Охват поставок — 90-й процентиль""]","[""Конкурентность закупок — 3-й процентиль""]",[],"[{""topic"": ""Конкуренция в закупках"", ""evidence"": ""у единственного поставщика 29.1% (медиана региона 18.0%)"", ""action"": ""Перевести повторяющиеся закупки у единственного поставщика в конкурентные процедуры; проверить дробление закупок; укрупнять лоты совместно с соседними МО.""}, {""topic"": ""Опорный центр снабжения"", ""evidence"": ""поставщики МО продают госзаказчикам 40 других МО; хаб-индекс 87-й процентиль"", ""action"": ""Развивать как межмуниципальный центр: логистика, совместные закупки и сервисные центры для соседних районов.""}, {""topic"": ""Ориентир"", ""evidence"": ""похожий по структуре и связям МО с более высокой активностью — Иглинский"", ""action"": ""Сравнить практики Иглинский: структуру госзаказа, поддержку МСП, работу с поставщиками.""}]",МР Кармаскалинский; МР Иглинский; МР Белебеевский,МР Иглинский
МР Дуванский,"Дуванский относится к типу «Бюджетная сельская периферия с молодым населением» (макротип «Восточная и северная периферия»). Типичность для своего типа +0.11, устойчивость отнесения 0.72.","[""Локализация госзаказа — 84-й процентиль"", ""Конкурентность закупок — 84-й процентиль"", ""Демографическая устойчивость — 95-й процентиль"", ""Индекс хаба снабжения — 84-й процентиль""]",[],[],"[{""topic"": ""Опережающий индикатор"", ""evidence"": ""динамика трат опережает 12 МО на 1–3 мес."", ""action"": ""Использовать как ранний сигнал в мониторинге региона: просадка здесь предупреждает о спаде у соседей.""}, {""topic"": ""Ориентир"", ""evidence"": ""похожий по структуре и связям МО с более высокой активностью — г. Нефтекамск"", ""action"": ""Сравнить практики г. Нефтекамск: структуру госзаказа, поддержку МСП, работу с поставщиками.""}]",МР Белокатайский; ГО Нефтекамск; МР Баймакский,ГО Нефтекамск
МР Дюртюлинский,"Дюртюлинский относится к типу «Западные промышленные районы» (макротип «Урбанизированное и промышленное ядро»). Типичность для своего типа +0.03, устойчивость отнесения 0.79.",[],"[""Локализация госзаказа — 22-й процентиль"", ""Внешняя зависимость снабжения высокая — 90-й процентиль""]",[],"[{""topic"": ""Локализация госзаказа"", ""evidence"": ""у местных поставщиков 13.1% стоимости контрактов (медиана типа 22.5%); внешним поставщикам — 75.6%, крупнейшие поставщики из МО: г. Уфа, Туймазинский, Уфимский"", ""action"": ""Поддержать местных поставщиков в группах с наибольшей долей заказа (строительство (47%), ЖКХ и энергия (13%)): малые закупки у СМСП, совместные закупки с соседями, реестр местных производителей.""}, {""topic"": ""Связующее звено сети"", ""evidence"": ""мостовой индекс 89-й процентиль"", ""action"": ""Подходит для пилотов межмуниципальных проектов: изменения здесь быстрее распространяются на разные типы МО.""}, {""topic"": ""Ориентир"", ""evidence"": ""похожий по структуре и связям МО с более высокой активностью — Туймазинский"", ""action"": ""Сравнить практики Туймазинский: структуру госзаказа, поддержку МСП, работу с поставщиками.""}]",МР Туймазинский; МР Ишимбайский; ГО Нефтекамск,МР Туймазинский
МР Ермекеевский,"Ермекеевский относится к типу «Стареющие аграрные районы центра и юго-запада» (макротип «Западный и центральный аграрный пояс»). Типичность для своего типа +0.18, устойчивость отнесения 0.76.",[],"[""Конкурентность закупок — 19-й процентиль"", ""Демографическая устойчивость — 5-й процентиль"", ""Бюджетная зависимость высокая — 92-й процентиль"", ""Утечка спроса в онлайн высокая — 76-й процентиль""]",[],"[{""topic"": ""Конкуренция в закупках"", ""evidence"": ""у единственного поставщика 21.0% (медиана региона 18.0%)"", ""action"": ""Перевести повторяющиеся закупки у единственного поставщика в конкурентные процедуры; проверить дробление закупок; укрупнять лоты совместно с соседними МО.""}, {""topic"": ""Бюджетная зависимость"", ""evidence"": ""дотации 5 766 ₽/год на жителя; активность — 29-й процентиль"", ""action"": ""Диверсифицировать занятость: поддержка МСП и переработки местного сырья, оценивать новые проекты по доле налогов, остающихся в бюджете МО.""}, {""topic"": ""Утечка потребительского спроса"", ""evidence"": ""маркетплейсы 11.2% трат против 2.6% на общепит"", ""action"": ""Развивать местную сферу услуг и торговлю (ярмарки, общепит, бытовые услуги у пунктов выдачи заказов); местным производителям — выход на маркетплейсы, чтобы деньги возвращались в район.""}, {""topic"": ""Демография"", ""evidence"": ""миграция -13.7 ‰, рождаемость 6.1 ‰, смертность 14.5 ‰"", ""action"": ""Удержание молодёжи: жильё и рабочие места для специалистов, программы «Земский учитель/доктор», транспортная доступность к центрам занятости.""}, {""topic"": ""Опережающий индикатор"", ""evidence"": ""динамика трат опережает 8 МО на 1–3 мес."", ""action"": ""Использовать как ранний сигнал в мониторинге региона: просадка здесь предупреждает о спаде у соседей.""}, {""topic"": ""Ориентир"", ""evidence"": ""похожий по структуре и связям МО с более высокой активностью — Благоварский"", ""action"": ""Сравнить практики Благоварский: структуру госзаказа, поддержку МСП, работу с поставщиками.""}]",МР Бижбулякский; МР Миякинский; МР Благоварский,МР Благоварский
МР Зианчуринский,"Зианчуринский относится к типу «Горный юго-восток, связанный с соседними регионами» (макротип «Восточная и северная периферия»). Типичность для своего типа -0.15, устойчивость отнесения 0.59.",[],"[""Экономическая активность — 19-й процентиль"", ""Бюджетная зависимость высокая — 86-й процентиль""]",[],"[{""topic"": ""Бюджетная зависимость"", ""evidence"": ""дотации 6 138 ₽/год на жителя, в бюджетном секторе 65.4% занятых; активность — 19-й процентиль"", ""action"": ""Диверсифицировать занятость: поддержка МСП и переработки местного сырья, оценивать новые проекты по доле налогов, остающихся в бюджете МО.""}, {""topic"": ""Связующее звено сети"", ""evidence"": ""мостовой индекс 95-й процентиль"", ""action"": ""Подходит для пилотов межмуниципальных проектов: изменения здесь быстрее распространяются на разные типы МО.""}, {""topic"": ""Переходный профиль"", ""evidence"": ""типичность -0.15, устойчивость в бутстрепе 0.59; второй по вероятности тип — «Бюджетная сельская периферия с молодым населением»"", ""action"": ""Меры подбирать с учётом обоих типов и отслеживать ежеквартально: МО может сменить тип.""}, {""topic"": ""Ориентир"", ""evidence"": ""похожий по структуре и связям МО с более высокой активностью — Кугарчинский"", ""action"": ""Сравнить практики Кугарчинский: структуру госзаказа, поддержку МСП, работу с поставщиками.""}]",МР Кугарчинский; МР Мелеузовский; МР Бурзянский,МР Кугарчинский
МР Зилаирский,"Зилаирский относится к типу «Горный юго-восток, связанный с соседними регионами» (макротип «Восточная и северная периферия»). Типичность для своего типа +0.05, устойчивость отнесения 0.82.","[""Конкурентность закупок — 78-й процентиль""]","[""Демографическая устойчивость — 14-й процентиль"", ""Индекс хаба снабжения — 6-й процентиль"", ""Охват поставок — 24-й процентиль"", ""Бюджетная зависимость высокая — 95-й процентиль"", ""Утечка спроса в онлайн высокая — 77-й процентиль""]",[],"[{""topic"": ""Бюджетная зависимость"", ""evidence"": ""дотации 7 144 ₽/год на жителя, в бюджетном секторе 68.5% занятых; активность — 36-й процентиль"", ""action"": ""Диверсифицировать занятость: поддержка МСП и переработки местного сырья, оценивать новые проекты по доле налогов, остающихся в бюджете МО.""}, {""topic"": ""Утечка потребительского спроса"", ""evidence"": ""маркетплейсы 13.0% трат против 3.0% на общепит"", ""action"": ""Развивать местную сферу услуг и торговлю (ярмарки, общепит, бытовые услуги у пунктов выдачи заказов); местным производителям — выход на маркетплейсы, чтобы деньги возвращались в район.""}, {""topic"": ""Демография"", ""evidence"": ""миграция -16.5 ‰, рождаемость 7.8 ‰, смертность 14.3 ‰"", ""action"": ""Удержание молодёжи: жильё и рабочие места для специалистов, программы «Земский учитель/доктор», транспортная доступность к центрам занятости.""}, {""topic"": ""Ориентир"", ""evidence"": ""похожий по структуре и связям МО с более высокой активностью — Хайбуллинский"", ""action"": ""Сравнить практики Хайбуллинский: структуру госзаказа, поддержку МСП, работу с поставщиками.""}]",МР Хайбуллинский; МР Бурзянский; МР Кугарчинский,МР Хайбуллинский
МР Иглинский,"Иглинский относится к типу «Пригородный пояс Уфы» (макротип «Урбанизированное и промышленное ядро»). Типичность для своего типа +0.12, устойчивость отнесения 0.68.","[""Демографическая устойчивость — 97-й процентиль"", ""Индекс хаба снабжения — 94-й процентиль"", ""Охват поставок — 96-й процентиль""]","[""Локализация госзаказа — 6-й процентиль""]","[""Миграционный прирост: 13.0 ‰ (выше типичного для типа на 2.4 IQR)""]","[{""topic"": ""Опорный центр снабжения"", ""evidence"": ""поставщики МО продают госзаказчикам 47 других МО; хаб-индекс 94-й процентиль"", ""action"": ""Развивать как межмуниципальный центр: логистика, совместные закупки и сервисные центры для соседних районов.""}, {""topic"": ""Ориентир"", ""evidence"": ""похожий по структуре и связям МО с более высокой активностью — Уфимский"", ""action"": ""Сравнить практики Уфимский: структуру госзаказа, поддержку МСП, работу с поставщиками.""}]",МР Уфимский; МР Чишминский; МР Кармаскалинский,МР Уфимский
МР Илишевский,"Илишевский относится к типу «Стареющие аграрные районы центра и юго-запада» (макротип «Западный и центральный аграрный пояс»). Типичность для своего типа -0.08, устойчивость отнесения 0.45.","[""Локализация госзаказа — 97-й процентиль"", ""Внешняя зависимость снабжения низкая — 13-й процентиль""]",[],"[""Госзаказ у местных поставщиков: 37.9% (выше типичного для типа на 2.3 IQR)""]","[{""topic"": ""Переходный профиль"", ""evidence"": ""типичность -0.08, устойчивость в бутстрепе 0.45; второй по вероятности тип — «Западные промышленные районы»"", ""action"": ""Меры подбирать с учётом обоих типов и отслеживать ежеквартально: МО может сменить тип.""}, {""topic"": ""Ориентир"", ""evidence"": ""похожий по структуре и связям МО с более высокой активностью — г. Уфа"", ""action"": ""Сравнить практики г. Уфа: структуру госзаказа, поддержку МСП, работу с поставщиками.""}]",ГО Уфа; МР Чишминский; МР Аургазинский,ГО Уфа
МР Ишимбайский,"Ишимбайский относится к типу «Города и промышленные центры» (макротип «Урбанизированное и промышленное ядро»). Типичность для своего типа -0.21, устойчивость отнесения 0.82.","[""Конкурентность закупок — 89-й процентиль"", ""Экономическая активность — 86-й процентиль"", ""Индекс хаба снабжения — 78-й процентиль"", ""Охват поставок — 87-й процентиль"", ""Утечка спроса в онлайн низкая — 21-й процентиль""]",[],"[""Плотность населения (лог): 3.0 (ниже типичного для типа на 2.1 IQR)""]","[{""topic"": ""Опорный центр снабжения"", ""evidence"": ""поставщики МО продают госзаказчикам 37 других МО; хаб-индекс 78-й процентиль"", ""action"": ""Развивать как межмуниципальный центр: логистика, совместные закупки и сервисные центры для соседних районов.""}, {""topic"": ""Переходный профиль"", ""evidence"": ""типичность -0.21, устойчивость в бутстрепе 0.82; второй по вероятности тип — «Западные промышленные районы»"", ""action"": ""Меры подбирать с учётом обоих типов и отслеживать ежеквартально: МО может сменить тип.""}, {""topic"": ""Ориентир"", ""evidence"": ""похожий по структуре и связям МО с более высокой активностью — г. Салават"", ""action"": ""Сравнить практики г. Салават: структуру госзаказа, поддержку МСП, работу с поставщиками.""}]",ГО Салават; ГО Нефтекамск; ГО Стерлитамак,ГО Салават
МР Калтасинский,"Калтасинский относится к типу «Северная аграрная периферия» (макротип «Западный и центральный аграрный пояс»). Типичность для своего типа +0.07, устойчивость отнесения 0.45.","[""Локализация госзаказа — 92-й процентиль"", ""Конкурентность закупок — 79-й процентиль"", ""Внешняя зависимость снабжения низкая — 6-й процентиль""]","[""Демографическая устойчивость — 6-й процентиль"", ""Утечка спроса в онлайн высокая — 84-й процентиль""]","[""Доля трат на транспорт: 5.0% (ниже типичного для типа на 2.9 IQR)""]","[{""topic"": ""Утечка потребительского спроса"", ""evidence"": ""маркетплейсы 10.8% трат против 2.2% на общепит"", ""action"": ""Развивать местную сферу услуг и торговлю (ярмарки, общепит, бытовые услуги у пунктов выдачи заказов); местным производителям — выход на маркетплейсы, чтобы деньги возвращались в район.""}, {""topic"": ""Демография"", ""evidence"": ""миграция -12.1 ‰, рождаемость 8.1 ‰, смертность 17.2 ‰"", ""action"": ""Удержание молодёжи: жильё и рабочие места для специалистов, программы «Земский учитель/доктор», транспортная доступность к центрам занятости.""}, {""topic"": ""Опережающий индикатор"", ""evidence"": ""динамика трат опережает 9 МО на 1–3 мес."", ""action"": ""Использовать как ранний сигнал в мониторинге региона: просадка здесь предупреждает о спаде у соседей.""}, {""topic"": ""Переходный профиль"", ""evidence"": ""типичность +0.07, устойчивость в бутстрепе 0.45; второй по вероятности тип — «Стареющие аграрные районы центра и юго-запада»"", ""action"": ""Меры подбирать с учётом обоих типов и отслеживать ежеквартально: МО может сменить тип.""}]",ГО Агидель; МР Кушнаренковский; МР Шаранский,
МР Караидельский,"Караидельский относится к типу «Северная аграрная периферия» (макротип «Западный и центральный аграрный пояс»). Типичность для своего типа +0.10, устойчивость отнесения 0.75.",[],"[""Экономическая активность — 8-й процентиль"", ""Демографическая устойчивость — 13-й процентиль"", ""Внешняя зависимость снабжения высокая — 76-й процентиль"", ""Бюджетная зависимость высокая — 79-й процентиль"", ""Утечка спроса в онлайн высокая — 79-й процентиль""]","[""Доля трат на маркетплейсах: 13.1% (выше типичного для типа на 2.1 IQR)""]","[{""topic"": ""Бюджетная зависимость"", ""evidence"": ""дотации 5 227 ₽/год на жителя, в бюджетном секторе 71.5% занятых; активность — 8-й процентиль"", ""action"": ""Диверсифицировать занятость: поддержка МСП и переработки местного сырья, оценивать новые проекты по доле налогов, остающихся в бюджете МО.""}, {""topic"": ""Утечка потребительского спроса"", ""evidence"": ""маркетплейсы 13.1% трат против 2.9% на общепит"", ""action"": ""Развивать местную сферу услуг и торговлю (ярмарки, общепит, бытовые услуги у пунктов выдачи заказов); местным производителям — выход на маркетплейсы, чтобы деньги возвращались в район.""}, {""topic"": ""Демография"", ""evidence"": ""миграция -13.6 ‰, рождаемость 8.3 ‰, смертность 15.5 ‰"", ""action"": ""Удержание молодёжи: жильё и рабочие места для специалистов, программы «Земский учитель/доктор», транспортная доступность к центрам занятости.""}, {""topic"": ""Ориентир"", ""evidence"": ""похожий по структуре и связям МО с более высокой активностью — Аскинский"", ""action"": ""Сравнить практики Аскинский: структуру госзаказа, поддержку МСП, работу с поставщиками.""}]",МР Аскинский; МР Балтачевский; МР Мишкинский,МР Аскинский
МР Кармаскалинский,"Кармаскалинский относится к типу «Пригородный пояс Уфы» (макротип «Западный и центральный аграрный пояс»). Типичность для своего типа +0.11, устойчивость отнесения 0.72.","[""Демографическая устойчивость — 79-й процентиль"", ""Индекс хаба снабжения — 76-й процентиль"", ""Охват поставок — 83-й процентиль""]",[],[],"[{""topic"": ""Ориентир"", ""evidence"": ""похожий по структуре и связям МО с более высокой активностью — Давлекановский"", ""action"": ""Сравнить практики Давлекановский: структуру госзаказа, поддержку МСП, работу с поставщиками.""}]",МР Давлекановский; МР Иглинский; МР Архангельский,МР Давлекановский
МР Кигинский,"Кигинский относится к типу «Бюджетная сельская периферия с молодым населением» (макротип «Восточная и северная периферия»). Типичность для своего типа +0.14, устойчивость отнесения 0.75.","[""Демографическая устойчивость — 84-й процентиль""]","[""Конкурентность закупок — 22-й процентиль"", ""Экономическая активность — 16-й процентиль"", ""Индекс хаба снабжения — 13-й процентиль"", ""Охват поставок — 24-й процентиль"", ""Внешняя зависимость снабжения высокая — 86-й процентиль"", ""Бюджетная зависимость высокая — 100-й процентиль""]",[],"[{""topic"": ""Конкуренция в закупках"", ""evidence"": ""у единственного поставщика 20.9% (медиана региона 18.0%)"", ""action"": ""Перевести повторяющиеся закупки у единственного поставщика в конкурентные процедуры; проверить дробление закупок; укрупнять лоты совместно с соседними МО.""}, {""topic"": ""Бюджетная зависимость"", ""evidence"": ""дотации 5 912 ₽/год на жителя, в бюджетном секторе 74.2% занятых; активность — 16-й процентиль"", ""action"": ""Диверсифицировать занятость: поддержка МСП и переработки местного сырья, оценивать новые проекты по доле налогов, остающихся в бюджете МО.""}, {""topic"": ""Ориентир"", ""evidence"": ""похожий по структуре и связям МО с более высокой активностью — Мечетлинский"", ""action"": ""Сравнить практики Мечетлинский: структуру госзаказа, поддержку МСП, работу с поставщиками.""}]",МР Мечетлинский; МР Белокатайский; МР Салаватский,МР Мечетлинский
МР Краснокамский,"Краснокамский относится к типу «Западные промышленные районы» (макротип «Урбанизированное и промышленное ядро»). Типичность для своего типа +0.07, устойчивость отнесения 0.83.","[""Экономическая активность — 79-й процентиль"", ""Внешняя зависимость снабжения низкая — 8-й процентиль""]","[""Локализация госзаказа — 8-й процентиль"", ""Демографическая устойчивость — 23-й процентиль"", ""Охват поставок — 15-й процентиль""]",[],"[{""topic"": ""Демография"", ""evidence"": ""миграция -3.8 ‰, рождаемость 6.5 ‰, смертность 16.5 ‰"", ""action"": ""Удержание молодёжи: жильё и рабочие места для специалистов, программы «Земский учитель/доктор», транспортная доступность к центрам занятости.""}, {""topic"": ""Рост без людей"", ""evidence"": ""активность 79-й процентиль, демографическая устойчивость 23-й"", ""action"": ""Направить часть доходов экономики на качество среды (жильё, социальная инфраструктура), иначе рабочие места будут заполняться за счёт маятниковой миграции.""}, {""topic"": ""Ориентир"", ""evidence"": ""похожий по структуре и связям МО с более высокой активностью — Благовещенский"", ""action"": ""Сравнить практики Благовещенский: структуру госзаказа, поддержку МСП, работу с поставщиками.""}]",МР Янаульский; МР Благовещенский; МР Дюртюлинский,МР Благовещенский
МР Кугарчинский,"Кугарчинский относится к типу «Бюджетная сельская периферия с молодым населением» (макротип «Восточная и северная периферия»). Типичность для своего типа +0.17, устойчивость отнесения 0.56.",[],"[""Индекс хаба снабжения — 16-й процентиль"", ""Бюджетная зависимость высокая — 76-й процентиль"", ""Утечка спроса в онлайн высокая — 100-й процентиль""]","[""Госзаказ: продукты: 9.9% (выше типичного для типа на 2.4 IQR)""]","[{""topic"": ""Бюджетная зависимость"", ""evidence"": ""дотации 5 258 ₽/год на жителя, в бюджетном секторе 63.7% занятых; активность — 39-й процентиль"", ""action"": ""Диверсифицировать занятость: поддержка МСП и переработки местного сырья, оценивать новые проекты по доле налогов, остающихся в бюджете МО.""}, {""topic"": ""Утечка потребительского спроса"", ""evidence"": ""маркетплейсы 10.8% трат против 1.4% на общепит"", ""action"": ""Развивать местную сферу услуг и торговлю (ярмарки, общепит, бытовые услуги у пунктов выдачи заказов); местным производителям — выход на маркетплейсы, чтобы деньги возвращались в район.""}]",МР Зианчуринский; МР Баймакский; МР Гафурийский,
МР Кушнаренковский,"Кушнаренковский относится к типу «Стареющие аграрные районы центра и юго-запада» (макротип «Западный и центральный аграрный пояс»). Типичность для своего типа -0.05, устойчивость отнесения 0.50.","[""Внешняя зависимость снабжения низкая — 21-й процентиль""]","[""Конкурентность закупок — 24-й процентиль"", ""Экономическая активность — 14-й процентиль""]",[],"[{""topic"": ""Конкуренция в закупках"", ""evidence"": ""у единственного поставщика 20.9% (медиана региона 18.0%)"", ""action"": ""Перевести повторяющиеся закупки у единственного поставщика в конкурентные процедуры; проверить дробление закупок; укрупнять лоты совместно с соседними МО.""}, {""topic"": ""Переходный профиль"", ""evidence"": ""типичность -0.05, устойчивость в бутстрепе 0.50; второй по вероятности тип — «Бюджетная сельская периферия с молодым населением»"", ""action"": ""Меры подбирать с учётом обоих типов и отслеживать ежеквартально: МО может сменить тип.""}, {""topic"": ""Ориентир"", ""evidence"": ""похожий по структуре и связям МО с более высокой активностью — Калтасинский"", ""action"": ""Сравнить практики Калтасинский: структуру госзаказа, поддержку МСП, работу с поставщиками.""}]",МР Калтасинский; МР Федоровский; МР Нуримановский,МР Калтасинский
МР Куюргазинский,"Куюргазинский относится к типу «Пригородный пояс Уфы» (макротип «Западный и центральный аграрный пояс»). Типичность для своего типа +0.11, устойчивость отнесения 0.59.","[""Внешняя зависимость снабжения низкая — 5-й процентиль""]","[""Локализация госзаказа — 24-й процентиль"", ""Конкурентность закупок — 21-й процентиль""]",[],"[{""topic"": ""Конкуренция в закупках"", ""evidence"": ""у единственного поставщика 21.0% (медиана региона 18.0%)"", ""action"": ""Перевести повторяющиеся закупки у единственного поставщика в конкурентные процедуры; проверить дробление закупок; укрупнять лоты совместно с соседними МО.""}, {""topic"": ""Ориентир"", ""evidence"": ""похожий по структуре и связям МО с более высокой активностью — Калтасинский"", ""action"": ""Сравнить практики Калтасинский: структуру госзаказа, поддержку МСП, работу с поставщиками.""}]",МР Кармаскалинский; МР Ермекеевский; МР Архангельский,МР Калтасинский
МР Мелеузовский,"Мелеузовский относится к типу «Города и промышленные центры» (макротип «Урбанизированное и промышленное ядро»). Типичность для своего типа -0.07, устойчивость отнесения 0.72.","[""Локализация госзаказа — 95-й процентиль"", ""Внешняя зависимость снабжения низкая — 10-й процентиль"", ""Бюджетная зависимость низкая — 22-й процентиль"", ""Утечка спроса в онлайн низкая — 19-й процентиль""]","[""Конкурентность закупок — 2-й процентиль""]","[""Госзаказ: топливо и транспорт: 11.3% (выше типичного для типа на 3.5 IQR)"", ""Закупки у единственного поставщика: 33.0% (выше типичного для типа на 2.8 IQR)""]","[{""topic"": ""Конкуренция в закупках"", ""evidence"": ""у единственного поставщика 33.0% (медиана региона 18.0%)"", ""action"": ""Перевести повторяющиеся закупки у единственного поставщика в конкурентные процедуры; проверить дробление закупок; укрупнять лоты совместно с соседними МО.""}, {""topic"": ""Связующее звено сети"", ""evidence"": ""мостовой индекс 90-й процентиль"", ""action"": ""Подходит для пилотов межмуниципальных проектов: изменения здесь быстрее распространяются на разные типы МО.""}, {""topic"": ""Переходный профиль"", ""evidence"": ""типичность -0.07, устойчивость в бутстрепе 0.72; второй по вероятности тип — «Горный юго-восток, связанный с соседними регионами»"", ""action"": ""Меры подбирать с учётом обоих типов и отслеживать ежеквартально: МО может сменить тип.""}, {""topic"": ""Ориентир"", ""evidence"": ""похожий по структуре и связям МО с более высокой активностью — г. Уфа"", ""action"": ""Сравнить практики г. Уфа: структуру госзаказа, поддержку МСП, работу с поставщиками.""}]",ГО Уфа; ГО Стерлитамак; МР Учалинский,ГО Уфа
МР Мечетлинский,"Мечетлинский относится к типу «Бюджетная сельская периферия с молодым населением» (макротип «Восточная и северная периферия»). Типичность для своего типа +0.09, устойчивость отнесения 0.74.",[],"[""Охват поставок — 15-й процентиль"", ""Бюджетная зависимость высокая — 81-й процентиль"", ""Утечка спроса в онлайн высокая — 82-й процентиль""]",[],"[{""topic"": ""Бюджетная зависимость"", ""evidence"": ""дотации 5 252 ₽/год на жителя, в бюджетном секторе 71.8% занятых; активность — 27-й процентиль"", ""action"": ""Диверсифицировать занятость: поддержка МСП и переработки местного сырья, оценивать новые проекты по доле налогов, остающихся в бюджете МО.""}, {""topic"": ""Утечка потребительского спроса"", ""evidence"": ""маркетплейсы 10.4% трат против 2.1% на общепит"", ""action"": ""Развивать местную сферу услуг и торговлю (ярмарки, общепит, бытовые услуги у пунктов выдачи заказов); местным производителям — выход на маркетплейсы, чтобы деньги возвращались в район.""}, {""topic"": ""Опережающий индикатор"", ""evidence"": ""динамика трат опережает 8 МО на 1–3 мес."", ""action"": ""Использовать как ранний сигнал в мониторинге региона: просадка здесь предупреждает о спаде у соседей.""}, {""topic"": ""Ориентир"", ""evidence"": ""похожий по структуре и связям МО с более высокой активностью — Белокатайский"", ""action"": ""Сравнить практики Белокатайский: структуру госзаказа, поддержку МСП, работу с поставщиками.""}]",МР Кигинский; МР Белокатайский; МР Баймакский,МР Белокатайский
МР Мишкинский,"Мишкинский относится к типу «Северная аграрная периферия» (макротип «Западный и центральный аграрный пояс»). Типичность для своего типа +0.06, устойчивость отнесения 0.66.",[],"[""Локализация госзаказа — 2-й процентиль"", ""Конкурентность закупок — 16-й процентиль"", ""Экономическая активность — 2-й процентиль"", ""Индекс хаба снабжения — 2-й процентиль"", ""Охват поставок — 2-й процентиль"", ""Внешняя зависимость снабжения высокая — 82-й процентиль"", ""Бюджетная зависимость высокая — 84-й процентиль""]","[""Госзаказ: ИТ и офис: 8.7% (выше типичного для типа на 2.1 IQR)""]","[{""topic"": ""Локализация госзаказа"", ""evidence"": ""у местных поставщиков 1.7% стоимости контрактов (медиана типа 21.1%); внешним поставщикам — 70.8%, крупнейшие поставщики из МО: г. Уфа, Бирский, Белебеевский"", ""action"": ""Поддержать местных поставщиков в группах с наибольшей долей заказа (строительство (48%), ЖКХ и энергия (12%)): малые закупки у СМСП, совместные закупки с соседями, реестр местных производителей.""}, {""topic"": ""Конкуренция в закупках"", ""evidence"": ""у единственного поставщика 21.3% (медиана региона 18.0%)"", ""action"": ""Перевести повторяющиеся закупки у единственного поставщика в конкурентные процедуры; проверить дробление закупок; укрупнять лоты совместно с соседними МО.""}, {""topic"": ""Бюджетная зависимость"", ""evidence"": ""дотации 5 202 ₽/год на жителя, в бюджетном секторе 77.8% занятых; активность — 2-й процентиль"", ""action"": ""Диверсифицировать занятость: поддержка МСП и переработки местного сырья, оценивать новые проекты по доле налогов, остающихся в бюджете МО.""}, {""topic"": ""Ориентир"", ""evidence"": ""похожий по структуре и связям МО с более высокой активностью — Караидельский"", ""action"": ""Сравнить практики Караидельский: структуру госзаказа, поддержку МСП, работу с поставщиками.""}]",МР Караидельский; МР Архангельский; МР Бакалинский,МР Караидельский
МР Миякинский,"Миякинский относится к типу «Стареющие аграрные районы центра и юго-запада» (макротип «Западный и центральный аграрный пояс»). Типичность для своего типа +0.15, устойчивость отнесения 0.71.",[],"[""Конкурентность закупок — 8-й процентиль"", ""Экономическая активность — 11-й процентиль"", ""Демографическая устойчивость — 18-й процентиль""]",[],"[{""topic"": ""Конкуренция в закупках"", ""evidence"": ""у единственного поставщика 24.1% (медиана региона 18.0%)"", ""action"": ""Перевести повторяющиеся закупки у единственного поставщика в конкурентные процедуры; проверить дробление закупок; укрупнять лоты совместно с соседними МО.""}, {""topic"": ""Демография"", ""evidence"": ""миграция -12.9 ‰, рождаемость 8.9 ‰, смертность 17.7 ‰"", ""action"": ""Удержание молодёжи: жильё и рабочие места для специалистов, программы «Земский учитель/доктор», транспортная доступность к центрам занятости.""}, {""topic"": ""Ориентир"", ""evidence"": ""похожий по структуре и связям МО с более высокой активностью — Благоварский"", ""action"": ""Сравнить практики Благоварский: структуру госзаказа, поддержку МСП, работу с поставщиками.""}]",МР Благоварский; МР Ермекеевский; МР Стерлибашевский,МР Благоварский
МР Нуримановский,"Нуримановский относится к типу «Пригородный пояс Уфы» (макротип «Западный и центральный аграрный пояс»). Типичность для своего типа +0.07, устойчивость отнесения 0.52.",[],"[""Локализация госзаказа — 18-й процентиль"", ""Индекс хаба снабжения — 10-й процентиль"", ""Охват поставок — 2-й процентиль"", ""Внешняя зависимость снабжения высокая — 98-й процентиль"", ""Утечка спроса в онлайн высокая — 92-й процентиль""]","[""Поставки госзаказчикам других МО на жителя: 27.2 ₽ (ниже типичного для типа на 3.1 IQR)""]","[{""topic"": ""Локализация госзаказа"", ""evidence"": ""у местных поставщиков 10.7% стоимости контрактов (медиана типа 13.3%); внешним поставщикам — 78.7%, крупнейшие поставщики из МО: г. Уфа, Благовещенский, Чишминский"", ""action"": ""Поддержать местных поставщиков в группах с наибольшей долей заказа (строительство (50%), ЖКХ и энергия (14%)): малые закупки у СМСП, совместные закупки с соседями, реестр местных производителей.""}, {""topic"": ""Утечка потребительского спроса"", ""evidence"": ""маркетплейсы 14.2% трат против 2.4% на общепит"", ""action"": ""Развивать местную сферу услуг и торговлю (ярмарки, общепит, бытовые услуги у пунктов выдачи заказов); местным производителям — выход на маркетплейсы, чтобы деньги возвращались в район.""}]",МР Архангельский; МР Караидельский; МР Федоровский,
МР Салаватский,"Салаватский относится к типу «Бюджетная сельская периферия с молодым населением» (макротип «Восточная и северная периферия»). Типичность для своего типа -0.07, устойчивость отнесения 0.66.",[],"[""Конкурентность закупок — 14-й процентиль"", ""Внешняя зависимость снабжения высокая — 94-й процентиль""]",[],"[{""topic"": ""Локализация госзаказа"", ""evidence"": ""у местных поставщиков 14.3% стоимости контрактов (медиана типа 20.0%); внешним поставщикам — 77.4%, крупнейшие поставщики из МО: г. Уфа, Дуванский, Чишминский"", ""action"": ""Поддержать местных поставщиков в группах с наибольшей долей заказа (строительство (52%), ЖКХ и энергия (14%)): малые закупки у СМСП, совместные закупки с соседями, реестр местных производителей.""}, {""topic"": ""Конкуренция в закупках"", ""evidence"": ""у единственного поставщика 21.5% (медиана региона 18.0%)"", ""action"": ""Перевести повторяющиеся закупки у единственного поставщика в конкурентные процедуры; проверить дробление закупок; укрупнять лоты совместно с соседними МО.""}, {""topic"": ""Переходный профиль"", ""evidence"": ""типичность -0.07, устойчивость в бутстрепе 0.66; второй по вероятности тип — «Пригородный пояс Уфы»"", ""action"": ""Меры подбирать с учётом обоих типов и отслеживать ежеквартально: МО может сменить тип.""}, {""topic"": ""Ориентир"", ""evidence"": ""похожий по структуре и связям МО с более высокой активностью — Белорецкий"", ""action"": ""Сравнить практики Белорецкий: структуру госзаказа, поддержку МСП, работу с поставщиками.""}]",МР Кигинский; МР Белорецкий; МР Аскинский,МР Белорецкий
МР Стерлибашевский,"Стерлибашевский относится к типу «Стареющие аграрные районы центра и юго-запада» (макротип «Западный и центральный аграрный пояс»). Типичность для своего типа ≈ 0 (на границе двух типов), устойчивость отнесения 0.63.",[],"[""Локализация госзаказа — 19-й процентиль"", ""Экономическая активность — 5-й процентиль"", ""Демографическая устойчивость — 2-й процентиль"", ""Охват поставок — 24-й процентиль"", ""Внешняя зависимость снабжения высокая — 84-й процентиль"", ""Бюджетная зависимость высокая — 90-й процентиль"", ""Утечка спроса в онлайн высокая — 90-й процентиль""]",[],"[{""topic"": ""Локализация госзаказа"", ""evidence"": ""у местных поставщиков 12.2% стоимости контрактов (медиана типа 15.1%); внешним поставщикам — 71.0%, крупнейшие поставщики из МО: г. Уфа, г. Стерлитамак, г. Салават"", ""action"": ""Поддержать местных поставщиков в группах с наибольшей долей заказа (строительство (59%), ЖКХ и энергия (11%)): малые закупки у СМСП, совместные закупки с соседями, реестр местных производителей.""}, {""topic"": ""Бюджетная зависимость"", ""evidence"": ""дотации 5 545 ₽/год на жителя, в бюджетном секторе 72.4% занятых; активность — 5-й процентиль"", ""action"": ""Диверсифицировать занятость: поддержка МСП и переработки местного сырья, оценивать новые проекты по доле налогов, остающихся в бюджете МО.""}, {""topic"": ""Утечка потребительского спроса"", ""evidence"": ""маркетплейсы 10.9% трат против 1.9% на общепит"", ""action"": ""Развивать местную сферу услуг и торговлю (ярмарки, общепит, бытовые услуги у пунктов выдачи заказов); местным производителям — выход на маркетплейсы, чтобы деньги возвращались в район.""}, {""topic"": ""Демография"", ""evidence"": ""миграция -13.5 ‰, рождаемость 7.8 ‰, смертность 17.6 ‰"", ""action"": ""Удержание молодёжи: жильё и рабочие места для специалистов, программы «Земский учитель/доктор», транспортная доступность к центрам занятости.""}, {""topic"": ""Ориентир"", ""evidence"": ""похожий по структуре и связям МО с более высокой активностью — Миякинский"", ""action"": ""Сравнить практики Миякинский: структуру госзаказа, поддержку МСП, работу с поставщиками.""}]",МР Миякинский; МР Бижбулякский; МР Аургазинский,МР Миякинский
МР Стерлитамакский,"Стерлитамакский относится к типу «Города и промышленные центры» (макротип «Урбанизированное и промышленное ядро»). Типичность для своего типа -0.06, устойчивость отнесения 0.42.","[""Демографическая устойчивость — 90-й процентиль"", ""Охват поставок — 77-й процентиль"", ""Внешняя зависимость снабжения низкая — 18-й процентиль"", ""Утечка спроса в онлайн низкая — 11-й процентиль""]","[""Локализация госзаказа — 21-й процентиль""]","[""Индекс доступности рынков: 485.7 (выше типичного для типа на 3.7 IQR)"", ""Занятые в сельском хозяйстве: 20.7% (выше типичного для типа на 3.3 IQR)"", ""Плотность населения (лог): 3.1 (ниже типичного для типа на 2.0 IQR)""]","[{""topic"": ""Переходный профиль"", ""evidence"": ""типичность -0.06, устойчивость в бутстрепе 0.42; второй по вероятности тип — «Пригородный пояс Уфы»"", ""action"": ""Меры подбирать с учётом обоих типов и отслеживать ежеквартально: МО может сменить тип.""}, {""topic"": ""Ориентир"", ""evidence"": ""похожий по структуре и связям МО с более высокой активностью — г. Уфа"", ""action"": ""Сравнить практики г. Уфа: структуру госзаказа, поддержку МСП, работу с поставщиками.""}]",ГО Уфа; МР Чишминский; МР Уфимский,ГО Уфа
МР Татышлинский,"Татышлинский относится к типу «Северная аграрная периферия» (макротип «Восточная и северная периферия»). Типичность для своего типа +0.15, устойчивость отнесения 0.75.","[""Конкурентность закупок — 82-й процентиль""]","[""Демографическая устойчивость — 16-й процентиль"", ""Индекс хаба снабжения — 8-й процентиль"", ""Охват поставок — 6-й процентиль"", ""Утечка спроса в онлайн высокая — 86-й процентиль""]",[],"[{""topic"": ""Утечка потребительского спроса"", ""evidence"": ""маркетплейсы 10.5% трат против 2.1% на общепит"", ""action"": ""Развивать местную сферу услуг и торговлю (ярмарки, общепит, бытовые услуги у пунктов выдачи заказов); местным производителям — выход на маркетплейсы, чтобы деньги возвращались в район.""}, {""topic"": ""Демография"", ""evidence"": ""миграция -13.6 ‰, рождаемость 8.1 ‰, смертность 14.6 ‰"", ""action"": ""Удержание молодёжи: жильё и рабочие места для специалистов, программы «Земский учитель/доктор», транспортная доступность к центрам занятости.""}, {""topic"": ""Ориентир"", ""evidence"": ""похожий по структуре и связям МО с более высокой активностью — Хайбуллинский"", ""action"": ""Сравнить практики Хайбуллинский: структуру госзаказа, поддержку МСП, работу с поставщиками.""}]",МР Аскинский; МР Балтачевский; МР Хайбуллинский,МР Хайбуллинский
МР Туймазинский,"Туймазинский относится к типу «Города и промышленные центры» (макротип «Урбанизированное и промышленное ядро»). Типичность для своего типа -0.16, устойчивость отнесения 0.82.","[""Локализация госзаказа — 94-й процентиль"", ""Экономическая активность — 81-й процентиль"", ""Охват поставок — 86-й процентиль"", ""Бюджетная зависимость низкая — 18-й процентиль"", ""Утечка спроса в онлайн низкая — 16-й процентиль""]",[],[],"[{""topic"": ""Опорный центр снабжения"", ""evidence"": ""поставщики МО продают госзаказчикам 30 других МО; хаб-индекс 73-й процентиль"", ""action"": ""Развивать как межмуниципальный центр: логистика, совместные закупки и сервисные центры для соседних районов.""}, {""topic"": ""Переходный профиль"", ""evidence"": ""типичность -0.16, устойчивость в бутстрепе 0.82; второй по вероятности тип — «Западные промышленные районы»"", ""action"": ""Меры подбирать с учётом обоих типов и отслеживать ежеквартально: МО может сменить тип.""}, {""topic"": ""Ориентир"", ""evidence"": ""похожий по структуре и связям МО с более высокой активностью — г. Октябрьский"", ""action"": ""Сравнить практики г. Октябрьский: структуру госзаказа, поддержку МСП, работу с поставщиками.""}]",ГО Октябрьский; ГО Уфа; ГО Нефтекамск,ГО Октябрьский
МР Уфимский,"Уфимский относится к типу «Города и промышленные центры» (макротип «Урбанизированное и промышленное ядро»). Типичность для своего типа +0.07, устойчивость отнесения 0.50.","[""Экономическая активность — 97-й процентиль"", ""Демографическая устойчивость — 100-й процентиль"", ""Индекс хаба снабжения — 97-й процентиль"", ""Охват поставок — 89-й процентиль"", ""Бюджетная зависимость низкая — 11-й процентиль"", ""Утечка спроса в онлайн низкая — 14-й процентиль""]","[""Конкурентность закупок — 5-й процентиль"", ""Внешняя зависимость снабжения высокая — 92-й процентиль""]","[""Индекс доступности рынков: 889.7 (выше типичного для типа на 3.7 IQR)"", ""Миграционный прирост: 20.8 ‰ (выше типичного для типа на 2.7 IQR)"", ""Госзаказ: ИТ и офис: 10.0% (выше типичного для типа на 2.6 IQR)""]","[{""topic"": ""Конкуренция в закупках"", ""evidence"": ""у единственного поставщика 27.4% (медиана региона 18.0%)"", ""action"": ""Перевести повторяющиеся закупки у единственного поставщика в конкурентные процедуры; проверить дробление закупок; укрупнять лоты совместно с соседними МО.""}, {""topic"": ""Опорный центр снабжения"", ""evidence"": ""поставщики МО продают госзаказчикам 39 других МО; хаб-индекс 97-й процентиль"", ""action"": ""Развивать как межмуниципальный центр: логистика, совместные закупки и сервисные центры для соседних районов.""}, {""topic"": ""Переходный профиль"", ""evidence"": ""типичность +0.07, устойчивость в бутстрепе 0.50; второй по вероятности тип — «Пригородный пояс Уфы»"", ""action"": ""Меры подбирать с учётом обоих типов и отслеживать ежеквартально: МО может сменить тип.""}, {""topic"": ""Ориентир"", ""evidence"": ""похожий по структуре и связям МО с более высокой активностью — г. Уфа"", ""action"": ""Сравнить практики г. Уфа: структуру госзаказа, поддержку МСП, работу с поставщиками.""}]",ГО Уфа; МР Иглинский; ГО Октябрьский,ГО Уфа
МР Учалинский,"Учалинский относится к типу «Города и промышленные центры» (макротип «Урбанизированное и промышленное ядро»). Типичность для своего типа -0.09, устойчивость отнесения 0.71.","[""Локализация госзаказа — 98-й процентиль"", ""Экономическая активность — 95-й процентиль"", ""Внешняя зависимость снабжения низкая — 11-й процентиль"", ""Бюджетная зависимость низкая — 14-й процентиль"", ""Утечка спроса в онлайн низкая — 24-й процентиль""]","[""Индекс хаба снабжения — 19-й процентиль""]","[""Плотность населения (лог): 2.7 (ниже типичного для типа на 2.4 IQR)"", ""Поставки госзаказчикам других МО на жителя: 44.1 ₽ (ниже типичного для типа на 2.1 IQR)"", ""Госзаказ у местных поставщиков: 42.5% (выше типичного для типа на 2.1 IQR)""]","[{""topic"": ""Связующее звено сети"", ""evidence"": ""мостовой индекс 87-й процентиль"", ""action"": ""Подходит для пилотов межмуниципальных проектов: изменения здесь быстрее распространяются на разные типы МО.""}, {""topic"": ""Переходный профиль"", ""evidence"": ""типичность -0.09, устойчивость в бутстрепе 0.71; второй по вероятности тип — «Западные промышленные районы»"", ""action"": ""Меры подбирать с учётом обоих типов и отслеживать ежеквартально: МО может сменить тип.""}, {""topic"": ""Ориентир"", ""evidence"": ""похожий по структуре и связям МО с более высокой активностью — г. Уфа"", ""action"": ""Сравнить практики г. Уфа: структуру госзаказа, поддержку МСП, работу с поставщиками.""}]",ГО Уфа; ГО Кумертау; МР Туймазинский,ГО Уфа
МР Федоровский,"Федоровский относится к типу «Стареющие аграрные районы центра и юго-запада» (макротип «Западный и центральный аграрный пояс»). Типичность для своего типа +0.04, устойчивость отнесения 0.54.",[],"[""Локализация госзаказа — 10-й процентиль"", ""Экономическая активность — 3-й процентиль"", ""Демографическая устойчивость — 3-й процентиль"", ""Индекс хаба снабжения — 5-й процентиль"", ""Охват поставок — 15-й процентиль"", ""Бюджетная зависимость высокая — 82-й процентиль"", ""Утечка спроса в онлайн высокая — 97-й процентиль""]",[],"[{""topic"": ""Бюджетная зависимость"", ""evidence"": ""дотации 5 869 ₽/год на жителя, в бюджетном секторе 67.2% занятых; активность — 3-й процентиль"", ""action"": ""Диверсифицировать занятость: поддержка МСП и переработки местного сырья, оценивать новые проекты по доле налогов, остающихся в бюджете МО.""}, {""topic"": ""Утечка потребительского спроса"", ""evidence"": ""маркетплейсы 11.4% трат против 1.7% на общепит"", ""action"": ""Развивать местную сферу услуг и торговлю (ярмарки, общепит, бытовые услуги у пунктов выдачи заказов); местным производителям — выход на маркетплейсы, чтобы деньги возвращались в район.""}, {""topic"": ""Демография"", ""evidence"": ""миграция -7.4 ‰, рождаемость 5.2 ‰, смертность 16.6 ‰"", ""action"": ""Удержание молодёжи: жильё и рабочие места для специалистов, программы «Земский учитель/доктор», транспортная доступность к центрам занятости.""}, {""topic"": ""Ориентир"", ""evidence"": ""похожий по структуре и связям МО с более высокой активностью — Кушнаренковский"", ""action"": ""Сравнить практики Кушнаренковский: структуру госзаказа, поддержку МСП, работу с поставщиками.""}]",МР Кушнаренковский; МР Бижбулякский; МР Нуримановский,МР Кушнаренковский
МР Хайбуллинский,"Хайбуллинский относится к типу «Горный юго-восток, связанный с соседними регионами» (макротип «Восточная и северная периферия»). Типичность для своего типа +0.13, устойчивость отнесения 0.84.","[""Экономическая активность — 87-й процентиль"", ""Бюджетная зависимость низкая — 24-й процентиль""]","[""Локализация госзаказа — 14-й процентиль"", ""Внешняя зависимость снабжения высокая — 95-й процентиль""]",[],"[{""topic"": ""Локализация госзаказа"", ""evidence"": ""у местных поставщиков 8.8% стоимости контрактов (медиана типа 19.7%); внешним поставщикам — 77.7%, крупнейшие поставщики из МО: г. Уфа, г. Сибай, Баймакский"", ""action"": ""Поддержать местных поставщиков в группах с наибольшей долей заказа (строительство (55%), ЖКХ и энергия (11%)): малые закупки у СМСП, совместные закупки с соседями, реестр местных производителей.""}, {""topic"": ""Рост без людей"", ""evidence"": ""активность 87-й процентиль, демографическая устойчивость 37-й"", ""action"": ""Направить часть доходов экономики на качество среды (жильё, социальная инфраструктура), иначе рабочие места будут заполняться за счёт маятниковой миграции.""}]",МР Зилаирский; ГО Сибай; МР Зианчуринский,
МР Чекмагушевский,"Чекмагушевский относится к типу «Стареющие аграрные районы центра и юго-запада» (макротип «Западный и центральный аграрный пояс»). Типичность для своего типа +0.18, устойчивость отнесения 0.69.",[],"[""Охват поставок — 6-й процентиль""]","[""Занятые в сельском хозяйстве: 24.6% (выше типичного для типа на 2.0 IQR)""]","[{""topic"": ""Ориентир"", ""evidence"": ""похожий по структуре и связям МО с более высокой активностью — Дюртюлинский"", ""action"": ""Сравнить практики Дюртюлинский: структуру госзаказа, поддержку МСП, работу с поставщиками.""}]",МР Аургазинский; МР Буздякский; МР Дюртюлинский,МР Дюртюлинский
МР Чишминский,"Чишминский относится к типу «Пригородный пояс Уфы» (макротип «Урбанизированное и промышленное ядро»). Типичность для своего типа +0.02, устойчивость отнесения 0.66.","[""Демографическая устойчивость — 86-й процентиль"", ""Индекс хаба снабжения — 82-й процентиль"", ""Охват поставок — 83-й процентиль"", ""Внешняя зависимость снабжения низкая — 22-й процентиль"", ""Бюджетная зависимость низкая — 21-й процентиль""]",[],[],"[{""topic"": ""Ориентир"", ""evidence"": ""похожий по структуре и связям МО с более высокой активностью — г. Нефтекамск"", ""action"": ""Сравнить практики г. Нефтекамск: структуру госзаказа, поддержку МСП, работу с поставщиками.""}]",МР Иглинский; ГО Нефтекамск; ГО Уфа,ГО Нефтекамск
МР Шаранский,"Шаранский относится к типу «Северная аграрная периферия» (макротип «Западный и центральный аграрный пояс»). Типичность для своего типа +0.12, устойчивость отнесения 0.76.",[],"[""Конкурентность закупок — 13-й процентиль"", ""Демографическая устойчивость — 18-й процентиль""]",[],"[{""topic"": ""Конкуренция в закупках"", ""evidence"": ""у единственного поставщика 23.4% (медиана региона 18.0%)"", ""action"": ""Перевести повторяющиеся закупки у единственного поставщика в конкурентные процедуры; проверить дробление закупок; укрупнять лоты совместно с соседними МО.""}, {""topic"": ""Демография"", ""evidence"": ""миграция -11.9 ‰, рождаемость 8.3 ‰, смертность 15.8 ‰"", ""action"": ""Удержание молодёжи: жильё и рабочие места для специалистов, программы «Земский учитель/доктор», транспортная доступность к центрам занятости.""}, {""topic"": ""Опережающий индикатор"", ""evidence"": ""динамика трат опережает 8 МО на 1–3 мес."", ""action"": ""Использовать как ранний сигнал в мониторинге региона: просадка здесь предупреждает о спаде у соседей.""}, {""topic"": ""Ориентир"", ""evidence"": ""похожий по структуре и связям МО с более высокой активностью — Калтасинский"", ""action"": ""Сравнить практики Калтасинский: структуру госзаказа, поддержку МСП, работу с поставщиками.""}]",МР Калтасинский; МР Ермекеевский; МР Гафурийский,МР Калтасинский
МР Янаульский,"Янаульский относится к типу «Западные промышленные районы» (макротип «Урбанизированное и промышленное ядро»). Типичность для своего типа +0.03, устойчивость отнесения 0.82.","[""Локализация госзаказа — 89-й процентиль"", ""Экономическая активность — 76-й процентиль"", ""Внешняя зависимость снабжения низкая — 19-й процентиль""]","[""Конкурентность закупок — 11-й процентиль"", ""Индекс хаба снабжения — 18-й процентиль""]",[],"[{""topic"": ""Конкуренция в закупках"", ""evidence"": ""у единственного поставщика 23.6% (медиана региона 18.0%)"", ""action"": ""Перевести повторяющиеся закупки у единственного поставщика в конкурентные процедуры; проверить дробление закупок; укрупнять лоты совместно с соседними МО.""}, {""topic"": ""Ориентир"", ""evidence"": ""похожий по структуре и связям МО с более высокой активностью — Учалинский"", ""action"": ""Сравнить практики Учалинский: структуру госзаказа, поддержку МСП, работу с поставщиками.""}]",МР Учалинский; МР Краснокамский; ГО Салават,МР Учалинский
