x,y,partial_rho,p,n,q_fdr
proc_single_sh,m_competition,-0.9999999999999999,0.0,63,0.0
proc_local_sh,m_localization,1.0,0.0,63,0.0
sh_Общественное питание,m_online_leakage,-0.9026703092673194,1.2084095511831652e-23,62,9.546435454347005e-22
grants_pc,m_budget_dep,0.6567809301475139,5.057307771151817e-09,63,6.658788565349892e-08
emp_sh_budget,m_budget_dep,0.8908186895610328,7.072902292566989e-22,61,4.190694608345941e-20
sh_Продовольствие,sh_прочее,-0.8412587219658841,1.1413481578657268e-17,62,3.8642787630596745e-16
emp_sh_budget,m_activity,-0.8023438910457741,7.638694194654112e-15,61,2.0115228045922494e-13
wage,m_activity,0.8503752938081147,2.221749993385465e-18,62,1.0531094968647104e-16
wage,emp_sh_budget,-0.8221557859330962,4.568919804820107e-16,61,1.3535424921779568e-14
m_budget_dep,m_activity,-0.6817270522984555,1.0625937281103363e-09,62,1.6788980904143316e-08
emp_per_1000,m_activity,0.7791052101401349,1.4223294102743182e-13,61,3.370920702350134e-12
m_hub,m_supply_reach,0.6763261795466481,1.1768472818805573e-09,63,1.7432050362855755e-08
emp_sh_industry,emp_sh_budget,-0.7013265341634607,3.0776144690396644e-10,61,5.61072791663385e-09
death_rate,m_demo_resilience,-0.7183924488281543,4.91302011877805e-11,62,9.70321473458665e-10
emp_sh_industry,m_activity,0.6409303314689572,2.6369735951574722e-08,61,2.8407397366014586e-07
emp_sh_industry,m_budget_dep,-0.6469102517138153,1.7733848478433848e-08,61,2.101461044694411e-07
supply_out_pc,m_hub,0.8417356362752679,5.6252907958305505e-18,63,2.2219898643530676e-16
grants_pc,m_online_leakage,0.1397812320480634,0.2785555940567156,62,0.4682104666059687
sh_Общественное питание,grants_pc,-0.12039982102100022,0.3512680036377216,62,0.5590202959683802
spend_total,m_activity,0.46145596306799547,0.00016003242903854387,62,0.0010397696442607767
sh_Общественное питание,m_budget_dep,-0.19918332837455632,0.12065019143027175,62,0.27429941945487707
wage,m_budget_dep,-0.6688804645801536,2.816674463496805e-09,62,3.92677557558084e-08
wage,emp_sh_industry,0.6370151095128171,3.4033705000303695e-08,61,3.5069513413356414e-07
m_budget_dep,m_online_leakage,0.16553359073280577,0.19852042608615073,62,0.37068139172289416
spend_total,sh_Продовольствие,-0.47298028762507077,0.00010357690205748929,62,0.0007013635939321417
spend_total,sh_Общественное питание,0.2634439687150031,0.03856057319990797,62,0.11282538084417519
spend_total,m_budget_dep,-0.20555026307354685,0.10899380094778194,62,0.2583153082462432
log_density,m_budget_dep,-0.27538624395089545,0.03028505874577697,62,0.09444156477301503
emp_per_1000,emp_sh_budget,-0.6182228241900742,1.1033202205493326e-07,61,1.089528717792466e-06
grants_pc,log_density,-0.1814228813574535,0.15818723064595416,62,0.3240370979510541
grants_pc,m_activity,-0.1517934163189564,0.23890110939600076,62,0.42495636717332785
emp_per_1000,emp_sh_industry,0.5806843750791206,9.302138318285961e-07,61,8.165210301606566e-06
sh_Общественное питание,death_rate,-0.48205701085432456,7.271781829024694e-05,62,0.0005068859686702508
supply_out_pc,m_supply_reach,0.7390700303628054,4.644148513927085e-12,63,1.0006029070915627e-10
spend_total,grants_pc,0.02978200048070702,0.8182609744419762,62,0.8895772979025154
spend_total,m_sync,0.2754273160579979,0.030259396194224845,62,0.09444156477301503
grants_pc,emp_sh_budget,0.2869304205964743,0.0249608365213838,61,0.08103723637764329
grants_pc,emp_sh_industry,-0.3080971731608768,0.015708659517608862,61,0.05556645232348209
death_rate,m_sync,-0.46107186884816576,0.00016232690648796937,62,0.0010397696442607767
sh_Общественное питание,m_activity,0.20984601728705385,0.10163343163128238,62,0.2457869724144278
wage,emp_per_1000,0.568964762694776,1.7159194817424688e-06,61,1.4524032756177326e-05
death_rate,m_online_leakage,0.398828299755341,0.0013235588111881386,62,0.006674115707480614
spend_total,m_demo_resilience,0.43264024491539993,0.00044498259611906884,62,0.0027041250071851105
sh_Продовольствие,sh_Общественное питание,-0.25508736985403996,0.04540109858006276,62,0.12809595670803423
emp_per_1000,m_budget_dep,-0.5299059490897353,1.1242389179301014e-05,61,9.187745639635655e-05
spend_total,m_online_leakage,-0.06173174731994534,0.6336191006817555,62,0.808490366502494
sh_Общественное питание,m_supply_reach,0.18645318906114744,0.14677584581258699,62,0.3162352314325738
migr_rate,log_density,0.4060634287364073,0.0010581388224931252,62,0.005699520475701606
sh_Продовольствие,m_sync,-0.3006990537098647,0.017560000622623126,62,0.05945314496516687
migr_rate,m_demo_resilience,0.3959139797292312,0.0014463969402051316,62,0.007141584892262837
grants_pc,m_sync,0.08550172102909476,0.5052317162388633,63,0.7085202174474
spend_total,migr_rate,0.33143736020447917,0.008501840352762823,62,0.03444308802483947
m_demo_resilience,m_sync,0.41177042548761605,0.0008837504397394601,62,0.004870903586470978
sh_Общественное питание,emp_sh_budget,-0.22556646789106538,0.08048345896917466,61,0.20961076676587248
m_online_leakage,m_activity,-0.09513606402373438,0.4620180839455924,62,0.6596282282837674
sh_Продовольствие,m_online_leakage,0.18789359939871844,0.14362414722304484,62,0.31228369625561125
log_density,m_online_leakage,-0.05642952135218403,0.6631041750229469,62,0.8167356507755307
migr_rate,m_budget_dep,-0.19335371631234055,0.13213548028786562,62,0.2899639706317051
m_online_leakage,m_supply_reach,-0.12024191864331564,0.35190469595617685,62,0.5590202959683802
log_density,emp_sh_budget,-0.28098843975294063,0.028264860084952832,61,0.09052394378559217
migr_rate,grants_pc,-0.11977036798140915,0.3538103139040381,62,0.5590202959683802
sh_Общественное питание,log_density,0.02500067437809982,0.8470534182385931,62,0.9125075460115754
spend_total,death_rate,-0.3278349096489927,0.009290976667360852,62,0.03609772901909052
grants_pc,m_hub,-0.06611680213733714,0.606664164989997,63,0.7874461140563058
sh_Общественное питание,m_sync,0.01947318044569793,0.8805865404116608,62,0.9275511559002828
spend_total,emp_sh_budget,-0.2151414623851795,0.0958911935102664,61,0.23673138397847016
log_density,m_activity,0.14524087428168656,0.26002220602234083,62,0.45024416707894555
m_budget_dep,m_sync,0.0817825267388221,0.5239954605144505,63,0.7178434921498541
log_density,m_hub,0.2636188600739871,0.038427085110336275,62,0.11282538084417519
emp_sh_budget,m_online_leakage,0.15642654069277237,0.22863473815584062,61,0.4168187149456479
log_density,wage,0.36575890422165547,0.0034622428749312333,62,0.016089246301151026
proc_ufa_sh,m_external_dep,0.634871608700581,2.2959668222563603e-08,63,2.591162556546464e-07
m_online_leakage,m_sync,0.006625679894552106,0.9592382904166329,62,0.9771486792680204
spend_total,m_supply_reach,0.10441011552342402,0.4193175615800383,62,0.637040141631212
spend_total,sh_прочее,0.3007689059726871,0.017532491095748736,62,0.05945314496516687
proc_single_sh,okpd_utilities_sh,0.5777156299847601,7.141195858854936e-07,63,6.509474686725461e-06
okpd_utilities_sh,m_competition,-0.5777156299847603,7.141195858854849e-07,63,6.509474686725461e-06
log_density,m_supply_reach,0.1281941399065059,0.3207275574540705,62,0.5282214152002482
m_online_leakage,m_demo_resilience,-0.20218464789744384,0.11504227585501269,62,0.2673041115454706
sh_Продовольствие,death_rate,0.2996427153178144,0.017980529648456048,62,0.06001951446033921
grants_pc,m_supply_reach,0.27218239331570193,0.030924504960582303,63,0.09518321656698708
log_density,emp_sh_industry,0.1368034971545455,0.29311268927146555,61,0.4892092067418122
log_density,m_sync,0.030358317837101793,0.8148057659312925,62,0.8895772979025154
grants_pc,wage,-0.2011876274974651,0.11688257610717717,62,0.2689434032757378
grants_pc,m_demo_resilience,-0.006413213382230567,0.9605443450141743,62,0.9771486792680204
sh_Общественное питание,m_demo_resilience,0.20322012561072383,0.11315459280276104,62,0.2655211732104393
sh_Продовольствие,m_budget_dep,-0.04595710619992072,0.7228220172404051,62,0.8344002847375057
sh_Общественное питание,m_hub,0.08801613432282356,0.49634131797356806,62,0.7001957878555692
death_rate,grants_pc,0.04850097379750869,0.7081472837358846,62,0.8344002847375057
migr_rate,m_activity,0.19862194040424652,0.12172190094389741,62,0.27429941945487707
spend_total,log_density,-0.05999848962369722,0.6431981617696191,62,0.815176279889838
sh_Продовольствие,m_supply_reach,-0.14402754741100768,0.26406725410959253,62,0.45024416707894555
spend_total,emp_sh_industry,0.07403367753705288,0.570688075445732,61,0.7679718675538876
m_budget_dep,m_hub,0.05560847841635352,0.6651054033741663,63,0.8167356507755307
market_access,log_density,0.686427375029418,7.346646909585486e-10,62,1.2436823696941145e-08
sh_Продовольствие,m_activity,-0.09994381640690844,0.43959277801934826,62,0.6526094496033839
sh_Продовольствие,grants_pc,-0.247174515996571,0.05276799266673976,62,0.14211379843201505
sh_Общественное питание,wage,0.19551173158096627,0.12779129254825206,62,0.28305174143865175
m_online_leakage,m_hub,-0.022344038516889982,0.8631402807369875,62,0.9214605699759731
sh_прочее,m_sync,0.21559055721072626,0.09240061796429339,62,0.23051522586881615
m_activity,m_sync,-0.013968799695665546,0.9141882635734098,62,0.950274642398676
sh_Общественное питание,emp_sh_industry,-0.05090157843345224,0.6968455009445583,61,0.8344002847375057
death_rate,m_budget_dep,0.026032010255687313,0.840824645449186,62,0.9099335204176122
spend_total,m_hub,0.05362491971379248,0.6789121581005236,62,0.8293926879887841
m_budget_dep,m_supply_reach,0.2571962386972526,0.04185848125511559,63,0.11952361515014935
migr_rate,m_hub,0.174715289574992,0.17440494560973738,62,0.3502878992331166
death_rate,m_hub,-0.22013296169098195,0.08557571280268163,62,0.21808004230360803
death_rate,m_activity,-0.16492487473261164,0.20019923266046605,62,0.37068139172289416
spend_total,wage,0.18153647032348166,0.1579225279718642,62,0.3240370979510541
emp_sh_industry,m_online_leakage,0.07656612691677459,0.5575454641757472,61,0.7594153736186902
sh_Продовольствие,m_demo_resilience,-0.20707349583168616,0.10633827024122583,62,0.2545673742138437
birth_rate,m_demo_resilience,0.6564763290156927,6.906800576537096e-09,62,8.615324929680483e-08
migr_rate,m_sync,0.09556482733645537,0.45999322788596136,62,0.6596282282837674
grants_pc,emp_per_1000,-0.12921844399937418,0.32094465733685973,61,0.5282214152002482
okpd_it_office_sh,m_competition,-0.5119752959242483,1.7954746245708102e-05,63,0.00013726693097525493
proc_single_sh,okpd_it_office_sh,0.511975295924248,1.795474624570845e-05,63,0.00013726693097525493
migr_rate,emp_sh_budget,-0.1549310110684553,0.23317049603729462,61,0.42184280580793
wage,m_online_leakage,-0.11715774696195642,0.3644831734757597,62,0.5720696166473844
m_activity,m_supply_reach,-0.03710734693939501,0.7746208403773075,62,0.8742149484258184
okpd_construction_sh,grants_pc,0.067257799883081,0.6004553923793043,63,0.7862316463751112
okpd_construction_sh,spend_total,-0.16809124040996304,0.19157621942964198,62,0.3657935736790387
m_demo_resilience,m_hub,0.1458789011728763,0.25791198153367284,62,0.45024416707894555
death_rate,log_density,-0.10091822838398751,0.43512316471850865,62,0.6526094496033839
sh_Общественное питание,migr_rate,-0.04492925712781384,0.7287799955302264,62,0.8344002847375057
sh_прочее,m_online_leakage,-0.05131060836443735,0.6920615096157109,62,0.8344002847375057
death_rate,m_supply_reach,-0.10965154081979128,0.39622167595386854,62,0.6177930079017555
m_budget_dep,m_demo_resilience,0.14470842985856927,0.26179211754120224,62,0.45024416707894555
sh_прочее,m_budget_dep,0.002113480385258052,0.9869927442477047,62,0.9911749168928221
migr_rate,m_online_leakage,0.0845165361037369,0.5136849211672309,62,0.7140582412966012
okpd_construction_sh,m_budget_dep,0.05766805951142773,0.6534792576906324,63,0.8167356507755307
market_access,migr_rate,0.45971483843144845,0.00017067711431370818,62,0.0010644862129565484
migr_rate,wage,0.18256000398764982,0.15555206450765555,62,0.3240370979510541
m_localization,m_external_dep,-0.5086002342834026,2.0818527059570643e-05,63,0.00014951487615509827
proc_local_sh,m_external_dep,-0.5086002342834026,2.0818527059570643e-05,63,0.00014951487615509827
wage,m_supply_reach,0.12396621913631473,0.3370775453712828,62,0.5480943458627336
sh_Общественное питание,sh_прочее,-0.019902614557875977,0.8779730566699979,62,0.9275511559002828
migr_rate,m_supply_reach,0.012275361199196984,0.9245588622725248,62,0.9526976102547321
sh_прочее,m_supply_reach,0.09758607691009652,0.45051328115871075,62,0.6550407830344445
m_activity,m_hub,-0.030610861059236563,0.8132927894134588,62,0.8895772979025154
sh_Продовольствие,m_hub,-0.035036084752928874,0.7868963297696692,62,0.881963099200588
emp_sh_budget,m_sync,0.06698074352082468,0.608028012119426,61,0.7874461140563058
m_demo_resilience,m_supply_reach,0.048141686878903064,0.7102136413159861,62,0.8344002847375057
death_rate,migr_rate,-0.1060707483013074,0.411917947625461,62,0.6298358295950598
sh_Продовольствие,emp_sh_budget,0.018815293463015945,0.8855599247566825,61,0.9286623989705033
sh_Общественное питание,emp_per_1000,0.05051376564230746,0.699044785072801,61,0.8344002847375057
emp_per_1000,m_online_leakage,-0.05828530379165383,0.655463725039893,61,0.8167356507755307
death_rate,emp_sh_budget,0.07451175489338348,0.5681960308468142,61,0.7679718675538876
sh_прочее,m_activity,0.056310055737527724,0.6637746237692889,62,0.8167356507755307
m_supply_reach,m_sync,-0.17642626508291073,0.1666111229016232,63,0.337494325877647
sh_прочее,grants_pc,0.21606432225742547,0.09166948976409003,62,0.23051522586881615
okpd_construction_sh,sh_Общественное питание,-0.023292725312443325,0.8573889448247742,62,0.9194623525948936
sh_прочее,death_rate,-0.1641609944718741,0.20232023641812136,62,0.37170462039608343
wage,m_hub,0.12382192303795887,0.3376446181264097,62,0.5480943458627336
okpd_construction_sh,m_online_leakage,0.003273972264798188,0.9798518020993712,62,0.9881909663725573
proc_ufa_sh,proc_out_sh,-0.41801623238753727,0.0006520465561980613,63,0.003702487634074677
m_activity,m_demo_resilience,-0.013068700682470893,0.9196987978501762,62,0.9518280134955971
sh_прочее,m_demo_resilience,0.172135409834925,0.18095432083975335,62,0.36038801713463486
emp_sh_budget,m_supply_reach,0.09168390546502435,0.48221630755564754,61,0.6843429035370567
okpd_health_sh,emp_per_1000,0.33374887119997937,0.008574439634875647,61,0.03444308802483947
log_density,m_demo_resilience,-0.01689562204912675,0.8962989402169635,62,0.9357834750282835
emp_sh_industry,m_supply_reach,-0.10706995846242788,0.41147096063673966,61,0.6298358295950598
okpd_construction_sh,migr_rate,-0.07026656402205594,0.5873424207439706,62,0.7808996305120451
proc_local_sh,proc_ufa_sh,-0.39734940832967136,0.001261561625089873,63,0.006499784894484779
proc_ufa_sh,m_localization,-0.39734940832967136,0.001261561625089873,63,0.006499784894484779
emp_sh_industry,m_sync,-0.16899348433708697,0.19292910004168706,61,0.3657935736790387
sh_Продовольствие,emp_sh_industry,0.069405612046051,0.5950706487753049,61,0.7835096875541514
okpd_construction_sh,m_activity,-0.04836555354730443,0.708925877759924,62,0.8344002847375057
spend_total,emp_per_1000,0.030535752409369118,0.8152858924962125,61,0.8895772979025154
emp_sh_budget,m_hub,0.04620715019348798,0.7236294325384683,61,0.8344002847375057
okpd_construction_sh,m_demo_resilience,-0.06176650874868482,0.6334275914877727,62,0.808490366502494
sh_Продовольствие,log_density,0.21257864848268956,0.09715596908713205,62,0.23738107910979686
death_rate,wage,-0.12038645623972467,0.351321865390775,62,0.5590202959683802
sh_Продовольствие,migr_rate,0.03469396092712226,0.7889290170064331,62,0.881963099200588
okpd_fuel_transport_sh,sh_Транспорт,0.42099332270135675,0.000656137049076525,62,0.003702487634074677
sh_прочее,m_hub,0.06156983561842937,0.634511426875375,62,0.808490366502494
m_hub,m_sync,-0.16963707496000852,0.18379973444546982,63,0.3630044755298029
okpd_health_sh,grants_pc,-0.23959056341738508,0.0585900217026352,63,0.1560206195901634
proc_out_sh,spend_total,0.4270636653390672,0.0005368422373782785,62,0.0031807902564663
sh_прочее,emp_sh_budget,-0.05194228217830052,0.6909559761891255,61,0.8344002847375057
sh_прочее,log_density,-0.0698072998843271,0.5897933918213337,62,0.7808996305120451
proc_pc,okpd_utilities_sh,-0.33273313272532945,0.007710606012660755,63,0.03263238616072498
okpd_construction_sh,log_density,-0.0008105094998353011,0.9950115966558384,62,0.9950115966558384
emp_sh_industry,m_hub,-0.08492647311989296,0.5152065791633705,61,0.7140582412966012
okpd_construction_sh,emp_sh_budget,0.0333468002021454,0.798622937068977,61,0.8844562433894746
okpd_construction_sh,sh_Продовольствие,0.04512107755608341,0.7276668738600193,62,0.8344002847375057
sh_прочее,emp_sh_industry,0.006449354369556824,0.9606567184364927,61,0.9771486792680204
migr_rate,emp_sh_industry,-0.046564859816692,0.7215764002474864,61,0.8344002847375057
sh_прочее,migr_rate,0.033730168250521046,0.7946627678009351,62,0.8842022345954067
okpd_construction_sh,emp_sh_industry,-0.04171951768447222,0.7495460760042243,61,0.8499637321196227
proc_out_sh,sh_Продовольствие,-0.3344001729777358,0.007897248702111986,62,0.03283592881404457
proc_local_sh,m_supply_reach,0.2469161201499822,0.05106734307445967,63,0.1391144863062867
m_localization,m_supply_reach,0.2469161201499822,0.05106734307445967,63,0.1391144863062867
okpd_construction_sh,m_sync,0.05631942022210892,0.6610831440618233,63,0.8167356507755307
proc_ufa_sh,okpd_construction_sh,0.3821581211692038,0.0019963406466729375,63,0.009655770066560944
sh_Продовольствие,emp_per_1000,-0.005195949267969737,0.9682985264711974,61,0.980712610143905
sh_Маркетплейсы,m_online_leakage,0.37025406713145537,0.0030554579840271203,62,0.01448287084428855
supply_out_pc,log_density,0.19812197818146365,0.12268244076884798,62,0.27429941945487707
emp_per_1000,m_sync,-0.07348610103988293,0.5735486099453084,61,0.7679718675538876
death_rate,emp_sh_industry,0.09902040550607553,0.4477069626904867,61,0.6550407830344445
okpd_construction_sh,sh_прочее,-0.08281128996373444,0.5222459126733227,62,0.7178434921498541
proc_pc,m_competition,0.31249394219026216,0.01265034531527744,63,0.046125105226473125
proc_pc,proc_single_sh,-0.31249394219026216,0.01265034531527744,63,0.046125105226473125
proc_out_sh,m_sync,0.35433022859880053,0.004383488511762777,63,0.019128404518025655
proc_out_sh,emp_sh_agri,-0.33241428632235015,0.00885978662499698,61,0.034996157168738065
okpd_construction_sh,emp_per_1000,-0.10057370912517107,0.44058021914152495,61,0.6526094496033839
proc_out_sh,m_demo_resilience,0.35662854303449915,0.004439081217263338,62,0.019128404518025655
birth_rate,m_external_dep,0.3618300891096747,0.003856385042198354,62,0.017576216442327115
log_density,emp_per_1000,-0.10344377413269214,0.4275802365385897,61,0.6454555163034762
proc_out_sh,death_rate,-0.31254410913270286,0.013391221485536946,62,0.04808665897079176
sh_Здоровье,sh_Маркетплейсы,-0.3597688041500282,0.0040786591140724695,62,0.018238532264814627
proc_local_sh,m_sync,0.18358457071236464,0.14979643530621573,63,0.3169799568533315
m_localization,m_sync,0.18358457071236464,0.14979643530621573,63,0.3169799568533315
supply_out_pc,sh_Общественное питание,0.14413037584640875,0.26372280841177503,62,0.45024416707894555
market_access,emp_sh_budget,-0.25596354749412975,0.046471389601127455,61,0.12957316865255536
sh_Транспорт,birth_rate,0.27366751987384724,0.03137540323456263,62,0.09533295598194029
wage,m_sync,-0.16854101554692275,0.19037328296015305,62,0.3657935736790387
proc_single_sh,okpd_health_sh,-0.31267240083186176,0.01259699964253712,63,0.046125105226473125
okpd_health_sh,m_competition,0.3126724008318618,0.01259699964253712,63,0.046125105226473125
sh_Продовольствие,wage,0.106379919811932,0.41054869614674294,62,0.6298358295950598
okpd_health_sh,m_budget_dep,-0.04186262956265605,0.7446033766741239,63,0.8484182705373431
emp_sh_budget,m_demo_resilience,0.16634801660168844,0.2000917906770459,61,0.37068139172289416
market_access,wage,0.26058419285862244,0.04079838231035201,62,0.11791727570187106
okpd_construction_sh,death_rate,-0.04597960504516565,0.7226917830881913,62,0.8344002847375057
market_access,m_hub,0.24021760249957003,0.06002349926183012,62,0.158061881389486
proc_ufa_sh,wage,-0.29679415096937056,0.019157637095437396,62,0.0630605554391481
market_access,m_budget_dep,-0.2639471462388661,0.03817755019401233,62,0.11282538084417519
supply_out_pc,sh_Продовольствие,-0.1405350375190658,0.2759458843320453,62,0.4671369613335339
supply_out_pc,m_online_leakage,-0.09654234332943382,0.45539501227627127,62,0.6581013287163189
death_rate,emp_per_1000,0.020618244774485824,0.8746782940813885,61,0.9275511559002828
proc_ufa_sh,emp_sh_budget,0.30621303582611736,0.01639116670521055,61,0.057128036899042646
okpd_it_office_sh,emp_per_1000,-0.22303259702801703,0.08403488886573411,61,0.21648118109977157
proc_local_sh,emp_per_1000,0.17025735069262163,0.1895727116049704,61,0.3657935736790387
emp_per_1000,m_localization,0.17025735069262163,0.1895727116049704,61,0.3657935736790387
okpd_it_office_sh,emp_sh_industry,-0.18276226768920345,0.1586004361279421,61,0.3240370979510541
supply_out_pc,migr_rate,0.15135678347256845,0.24027068861276765,62,0.42495636717332785
okpd_it_office_sh,m_budget_dep,0.15028856518979317,0.23972165129476353,63,0.42495636717332785
wage,m_demo_resilience,-0.09788739099668253,0.4491093741662701,62,0.6550407830344445
