,x,y
ГО Агидель,31.363306722799283,55.783360292423595
ГО Кумертау,32.20892834915975,53.10301677635351
ГО Межгорье,33.78457607374388,53.517056301928406
ГО Нефтекамск,31.448509353303805,55.79990037955868
ГО Октябрьский,31.166267068578467,54.69687178975444
ГО Салават,32.309766149144615,53.64826507255559
ГО Сибай,34.21366600004913,52.57023929580927
ГО Стерлитамак,32.36083203495309,53.845258159882036
ГО Уфа,32.40874405835584,54.737730374995564
МР Абзелиловский,33.946446618656395,53.108617802528826
МР Альшеевский,31.872813563020525,54.22058231434052
МР Архангельский,32.705821350471254,54.29450372350445
МР Аскинский,32.41054643369381,56.04098803250479
МР Аургазинский,32.29333315168223,54.17867846233091
МР Баймакский,33.81671398392965,52.349939637915085
МР Бакалинский,31.239501591737632,55.19345676232911
МР Балтачевский,32.107785087412886,55.87545632008392
МР Белебеевский,31.28407799529763,54.25891040138646
МР Белокатайский,33.96374848818975,55.87091073106297
МР Белорецкий,33.66982131087759,53.60867596756127
МР Бижбулякский,31.410867346127763,53.89593861266918
МР Бирский,32.13948456889621,55.34648426750084
МР Благоварский,31.98944024432795,54.74843956677479
МР Благовещенский,32.333273193471854,54.994969922005794
МР Буздякский,31.63475696114294,54.668148193082914
МР Бураевский,31.948915974762873,55.613845455762814
МР Бурзянский,33.14494345576476,52.68454277185191
МР Гафурийский,32.44493217490055,53.94199023075386
МР Давлекановский,31.917029184801454,54.379823707554884
МР Дуванский,33.50238137722878,55.7861276554912
МР Дюртюлинский,31.81218476453653,55.360400652992176
МР Ермекеевский,31.062945141793968,54.23253568650502
МР Зианчуринский,32.47584574165235,52.34417181377422
МР Зилаирский,32.9687888173915,51.90649722042921
МР Иглинский,32.477517880191904,54.90994333894733
МР Илишевский,31.53619791563319,55.36018295823515
МР Ишимбайский,32.367257416111585,53.692696308238745
МР Калтасинский,31.737429045755267,55.887631578207895
МР Караидельский,32.60746994724046,56.02026337990781
МР Кармаскалинский,32.520054149324416,54.43759518183139
МР Кигинский,33.777856546725616,55.68083592793861
МР Краснокамский,31.422207490651754,55.83716175147252
МР Кугарчинский,32.46319877063054,52.78860231423174
МР Кушнаренковский,32.047256108878805,55.02941883450515
МР Куюргазинский,32.21544954665093,53.06147756676077
МР Мелеузовский,32.25824502086081,53.28863024657346
МР Мечетлинский,33.66661902926134,56.22443956824438
МР Мишкинский,32.250195261763245,55.59041895588366
МР Миякинский,31.670925983046764,53.77891602885311
МР Нуримановский,32.47766872024839,55.11196406185123
МР Салаватский,33.28070101761174,55.49111199628359
МР Стерлибашевский,32.00970784618737,53.597745664235156
МР Стерлитамакский,32.36083203495309,53.845258159882036
МР Татышлинский,32.0686461786274,56.10565986048884
МР Туймазинский,31.25051194027748,54.72380187660142
МР Уфимский,32.40874405835584,54.737730374995564
МР Учалинский,34.627970492680205,53.90890926291424
МР Федоровский,32.02392367191545,53.41354403299694
МР Хайбуллинский,33.85471723869548,51.682228860115295
МР Чекмагушевский,31.68440094416788,55.132802589422646
МР Чишминский,32.136412957962875,54.678572382789184
МР Шаранский,31.314676996294107,54.92406421233743
МР Янаульский,31.75624491477644,55.94165752397272
