run_id,level,mode,from_period,to_period,cluster,l2_shift
v5-20261009T121014Z-d833d0,macro,monitoring,2023Q2,2023Q3,0,0.6280369181155254
v5-20261009T121014Z-d833d0,macro,monitoring,2023Q2,2023Q3,1,0.4119355749649323
v5-20261009T121014Z-d833d0,macro,monitoring,2023Q2,2023Q3,2,1.0903408430785984
v5-20261009T121014Z-d833d0,macro,monitoring,2024Q1,2024Q2,0,0.6045904322148177
v5-20261009T121014Z-d833d0,macro,monitoring,2024Q1,2024Q2,1,0.47127884528406766
v5-20261009T121014Z-d833d0,macro,monitoring,2024Q1,2024Q2,2,0.7732340793982698
v5-20261009T121014Z-d833d0,macro,monitoring,2024Q2,2024Q3,0,0.8960802714257816
v5-20261009T121014Z-d833d0,macro,monitoring,2024Q2,2024Q3,1,0.3219425613710497
v5-20261009T121014Z-d833d0,macro,monitoring,2024Q2,2024Q3,2,0.831101406292849
v5-20261009T121014Z-d833d0,macro,monitoring,2024Q3,2024Q4,0,0.37917459232924494
v5-20261009T121014Z-d833d0,macro,monitoring,2024Q3,2024Q4,1,0.5970931059781436
v5-20261009T121014Z-d833d0,macro,monitoring,2024Q3,2024Q4,2,0.3017398257387409
v5-20261009T121014Z-d833d0,macro,retrospective,2023Q2,2023Q3,0,0.4313715193330054
v5-20261009T121014Z-d833d0,macro,retrospective,2023Q2,2023Q3,1,0.27456322382577325
v5-20261009T121014Z-d833d0,macro,retrospective,2023Q2,2023Q3,2,1.0887290294627916
v5-20261009T121014Z-d833d0,macro,retrospective,2023Q3,2023Q4,0,0.22939325895655838
v5-20261009T121014Z-d833d0,macro,retrospective,2023Q3,2023Q4,1,0.362568482712962
v5-20261009T121014Z-d833d0,macro,retrospective,2023Q3,2023Q4,2,0.2092234740123231
v5-20261009T121014Z-d833d0,macro,retrospective,2023Q4,2024Q1,0,0.36228783996792885
v5-20261009T121014Z-d833d0,macro,retrospective,2023Q4,2024Q1,1,0.4227566682980196
v5-20261009T121014Z-d833d0,macro,retrospective,2023Q4,2024Q1,2,0.5211077359314996
v5-20261009T121014Z-d833d0,macro,retrospective,2024Q1,2024Q2,0,0.7360342426760039
v5-20261009T121014Z-d833d0,macro,retrospective,2024Q1,2024Q2,1,0.44492270090055097
v5-20261009T121014Z-d833d0,macro,retrospective,2024Q1,2024Q2,2,0.5279889343277573
v5-20261009T121014Z-d833d0,macro,retrospective,2024Q2,2024Q3,0,0.8708327554457486
v5-20261009T121014Z-d833d0,macro,retrospective,2024Q2,2024Q3,1,0.36937223789340096
v5-20261009T121014Z-d833d0,macro,retrospective,2024Q2,2024Q3,2,1.0985984295655313
v5-20261009T121014Z-d833d0,macro,retrospective,2024Q3,2024Q4,0,0.2202840938247566
v5-20261009T121014Z-d833d0,macro,retrospective,2024Q3,2024Q4,1,0.6229965484990128
v5-20261009T121014Z-d833d0,macro,retrospective,2024Q3,2024Q4,2,0.3471199605944708
