run_id,level,mode,beta,snapshot_MQ,snapshot_AVU,temporal_ARI,temporal_VI,ARI_vs_static
v5-20261009T142841Z-d833d0,macro,monitoring,0.0,0.2417068783032455,0.6666666666666666,0.6844218081100432,0.728710607724152,0.689358714104263
v5-20261009T142841Z-d833d0,macro,monitoring,0.3,0.2350186774008709,0.6666666666666666,0.7892561645355787,0.465059418219834,0.7138127988129584
v5-20261009T142841Z-d833d0,macro,monitoring,0.5,0.2322486977012852,0.6666666666666666,0.7742722307886333,0.49821847394469165,0.7192774429664379
v5-20261009T142841Z-d833d0,macro,monitoring,0.7,0.22439158972058254,0.6666666666666666,0.7808128384540487,0.5045777066563181,0.6659723934382373
v5-20261009T142841Z-d833d0,macro,monitoring,0.9,0.18153039888928993,0.6666666666666667,0.8410474048800964,0.3582377194041307,0.436352863457937
v5-20261009T142841Z-d833d0,macro,retrospective,0.0,0.23369967239511688,0.6666666666666666,0.6920619235500128,0.731946851798565,0.7183232401041245
v5-20261009T142841Z-d833d0,macro,retrospective,0.3,0.23302481877744277,0.6666666666666667,0.8363021478455884,0.3522145894754965,0.7567345737392275
v5-20261009T142841Z-d833d0,macro,retrospective,0.5,0.23136392157310032,0.6666666666666666,0.8684381697163838,0.3077866444337559,0.7911721480693295
v5-20261009T142841Z-d833d0,macro,retrospective,0.7,0.23134250307520787,0.6666666666666666,0.9772700942643769,0.07382887863299832,0.8271271283232832
v5-20261009T142841Z-d833d0,macro,retrospective,0.9,0.2341458184227511,0.6666666666666667,0.9398970289717259,0.14018856346092695,0.8186638797128307
