run_id,mo_id,mo_name,ext_census_wage_main_share,ext_census_pension_benefit_main_share,ext_census_dependent_main_share,ext_census_business_main_share,ext_census_subsistence_main_share,ext_census_higher_edu_share,ext_market_access_sber,ext_wage_large_medium_orgs_v4,ext_emp_share_budget_sector_v4,ext_emp_share_industry_v4,ext_emp_share_agri_v4,ext_equalization_grants_pc_v4,ext_urban_share_v4,ext_log_density_v4,ext_employees_per_1000_v4,ext_msp2026_per_1000,msp_lq_agri,msp_lq_business_services,msp_lq_construction,msp_lq_consumer_services,msp_lq_industry,msp_lq_social,msp_lq_trade,msp_lq_transport,msp_firms_n,msp_lq_raw_agri,msp_lq_raw_business_services,msp_lq_raw_construction,msp_lq_raw_consumer_services,msp_lq_raw_industry,msp_lq_raw_social,msp_lq_raw_trade,msp_lq_raw_transport,ext_msp2026_eci,ext_msp2026_diversity,ext_old_age_ratio_65_per100_20_64,ext_youth_ratio_0_19_per100_20_64,ext_balance_residual_share_2024
v5-20261009T142841Z-d833d0,0,ГО Агидель,0.38158376675701416,0.36634678778111496,0.2195443557248553,0.0123800454179181,0.00036627353307450004,0.12604668395702112,319.2,57591.65,0.4770674079221682,0.2428769979152189,0.0,5226.838163971445,1.0,5.322500202336777,104.82226107226109,34.69146737525834,0.4424573567832979,0.918294457634251,1.1834644161297379,1.0653866031987782,1.08691863739154,0.8881346767361799,0.9824741372736925,1.281884658112556,459,0.381722864058167,0.909394071755629,1.2034496466449598,1.0725093268587758,1.096386898545303,0.8759489116747616,0.9805650019004563,1.3125910478851657,1.2106518166370737,7.0,21.317494600431967,32.23542116630669,-0.00021124417249417302
v5-20261009T142841Z-d833d0,1,ГО Кумертау,0.42988111330629786,0.30825621295622335,0.23777338740424941,0.010900835326331843,0.000433260545561679,0.17003343054271286,306.7,54382.45,0.3872134512928296,0.4409306417713475,0.0,2275.201083116628,0.9369674369919696,5.885172224904228,167.30451564365504,29.437987055871087,0.41876362432280784,0.7556713270991203,1.035665949949777,1.4123575382240416,1.287303582674095,1.0930215363518678,1.0267376969651782,1.1288795767323376,1743,0.40209017694250976,0.7486624724548038,1.0366890695696787,1.4241864980124537,1.295545223026192,1.0956899682609864,1.0275046991730148,1.132576638600735,1.0390073424353279,9.0,28.5687712585034,36.00659013605442,6.828345027231269e-05
v5-20261009T142841Z-d833d0,2,ГО Межгорье,,,,,,,,,,,,4620.315058477643,1.0,,,21.13085621970921,0.4358107831330237,1.0445587053089918,0.5203181817704245,1.2527025613358298,0.5949376925612877,0.8689627512909209,1.2211611197590941,1.0822544388118158,316,0.3465403374262236,1.051609133364212,0.4444191598986563,1.2926871438256764,0.5308455553083269,0.848229009406573,1.256154967822242,1.0952693816617867,1.5039650654971353,9.0,,,
v5-20261009T142841Z-d833d0,3,ГО Нефтекамск,0.480442874037743,0.24619269083706385,0.2468384278842317,0.014322302596733586,0.0002684524802832536,0.19078843715535415,323.7,59168.4,0.2715297784058995,0.4678117809063072,0.0,906.720304741421,0.9264305177111716,6.891280170573768,190.8428885600077,34.971088258716804,0.28310550134142665,0.9969091060489648,0.9758549657865994,1.1937327994054538,1.1621178176302729,1.3710072925910006,1.008747325419906,0.8864590445125335,4923,0.2758244278226517,0.9968777136667686,0.9756097389512002,1.1957004288936262,1.1637643524426866,1.3747753942829668,1.0088361668318488,0.8853058761651085,1.434466431753695,10.0,20.372330557950217,35.542727441373216,0.00010543448042158256
v5-20261009T142841Z-d833d0,4,ГО Октябрьский,0.5020309370131315,0.24435232584019587,0.22754840863565545,0.010479264040359077,0.0001947473848208324,0.15597444840694438,338.4,62525.95,0.2570542211273067,0.553456967540318,0.0,445.3247845431042,1.0,7.069899896009497,188.26818521476977,38.27997596772809,0.15239838720345708,0.9370926605828338,0.8182241183822117,1.060822397764225,1.2478892200595457,0.9892327264908257,1.1842887616796258,0.871567745648628,4302,0.1425471364736042,0.9363615199573437,0.8161114279868399,1.0615293061529305,1.2507703128077972,0.989107583841951,1.1864306580264368,0.870075041623159,0.46239821067975956,7.0,23.592026061426676,31.324655128497312,-7.937003444218263e-05
v5-20261009T142841Z-d833d0,5,ГО Салават,0.5084115533520875,0.2653190541180403,0.19334735258892013,0.011315210428097931,0.0015249422053867365,0.18315131945374685,313.8,68106.8,0.2508106076032643,0.4817750348522109,0.0,1061.1949202430558,1.0,7.232249051310132,217.689742418146,23.74284334689936,0.24051464694751298,1.017418471784893,1.214332012168273,1.1500623283199294,1.0067297614049977,1.1200486414181676,1.0053292533926628,0.8378434207594738,3345,0.22916210056406774,1.0176788375813788,1.2175357791663037,1.152305412450272,1.0068303557458795,1.1218430904677665,1.0054089133835844,0.8354195555989279,1.9207870305120447,12.0,24.18558125625187,29.030328654958698,-3.009111182339546e-05
v5-20261009T142841Z-d833d0,6,ГО Сибай,0.42778253832238405,0.2555841188231934,0.2855565076644768,0.0127011330096163,0.00043797010377987243,0.1855700135948728,288.3,52067.350000000006,0.5395420792079207,0.2092202970297029,0.0,2625.0838808216754,0.9895696830175316,5.9045122002532535,143.08482380024793,32.7862991168794,0.6154334887350845,0.9156257564800293,0.7456110916499198,1.2900261361259013,1.3142250611967334,1.202368731934146,1.0960787883726069,0.7016964375868486,1775,0.6046006292628333,0.9132490172259456,0.7384452069076641,1.298195886439307,1.3230764713712893,1.2080692595942628,1.0987852331154973,0.693293520335774,0.8919534315326557,9.0,21.93983251145283,44.79005573225176,-0.0003264154418275191
v5-20261009T142841Z-d833d0,7,ГО Стерлитамак,0.5097730284446362,0.2399265000462264,0.2241247804246664,0.011941816388794725,0.00053160343924312,0.18888436876465003,343.8,59793.5,0.3158126149172596,0.3974538332400671,0.0004896474538332,1171.1378539520922,1.0,7.843837942908112,178.38336951910358,31.82322175359286,0.25052266840231074,1.0314351361278837,1.0960466907955049,1.0630273977365257,1.0271608888343293,0.9687774107029802,1.0460086293260387,0.9268605270658424,8717,0.2462237276451828,1.0316154455011077,1.0965976067688645,1.0633889177418974,1.0273166814741959,0.9685983204810172,1.046272531065892,0.9264410050230861,1.9434780731922134,10.0,21.665557190246304,33.517562359101156,-0.00013891257303999687
v5-20261009T142841Z-d833d0,8,ГО Уфа,0.5284879952713913,0.21142247854340307,0.22118013734718275,0.012707690140619052,0.0012632802672412793,0.2946685625195811,374.3,80731.6,0.3054353460625663,0.3055877126300291,0.0017952756427136,0.0,0.980272432723948,7.424255449974004,254.40269989003252,53.64569243203551,0.1947376898384482,1.2328201872511637,1.1088375243348383,0.968063456061252,0.9217360883841398,1.1055388396141568,0.9475329713923759,0.8774954186381746,62063,0.19408894395913076,1.2330077548737821,1.1089252074345393,0.9680377269280013,0.9216730363953416,1.105623865184637,0.9474907022234609,0.8773967249065134,3.099321719997771,11.0,22.366217380370166,33.846160020118894,1.231960917322236e-05
v5-20261009T142841Z-d833d0,9,МР Абзелиловский,0.39060149478258793,0.26194512762959954,0.2879486138637503,0.02822416963155758,0.015520905465746556,0.1432713505223809,294.7,48459.95,0.6090893261361657,0.0708688838586104,0.0393522549190318,3480.4139117386258,0.0,2.327749590089494,130.5731759998181,32.01687995963488,3.460028681311518,0.6347029946994167,1.1774634449681027,0.8870920981061242,0.8856530572272383,0.6929462022466126,0.9600157771257724,1.005904977854487,1376,3.549419258394059,0.6214291209602966,1.1839119713114206,0.88298934004312,0.8814980084346234,0.681788724130574,0.9585628620504006,1.006119548270711,-0.6550967195162,6.0,17.105359362433283,48.501133289464065,-0.0002306692358411209
v5-20261009T142841Z-d833d0,10,МР Альшеевский,0.3909313380776912,0.3287671232876712,0.23979634890720375,0.01803043514950353,0.011138927175044302,0.10853002903717333,324.0,55290.95,0.4655022676831033,0.1841165685612274,0.0228698253401524,4086.253341681675,0.0,2.6905046679530376,145.80988293561458,28.19327610461945,2.8628215536500528,0.5779996164427842,1.0115541021679475,0.7531990814463904,0.610434524248022,0.6122389128621678,1.118024334457476,1.5820787614265877,962,2.9596418007212613,0.5560661245739061,1.0121546272286515,0.7403715908770759,0.5901868383981271,0.5920850102042763,1.1241586553752243,1.6123323353053085,-0.678185432516364,4.0,27.076842059068767,34.414359064378814,-0.0005413777577667721
v5-20261009T142841Z-d833d0,11,МР Архангельский,0.3583909719694212,0.3639121465841524,0.2322533673097925,0.017352263074869555,0.015046717631355419,0.11094665433240826,316.6,43307.75,0.6819360414866033,0.0406222990492653,0.048689138576779,5116.667347135292,0.0,1.9257724414429107,104.4475204622051,23.504273504273502,2.331386229961942,0.7923688304371856,0.930402622276781,1.0266031156410809,1.3299076596930144,1.006143039872971,0.9842268233392691,0.6748479560979561,366,2.513269594710841,0.7640039165624841,0.9208947837900026,1.030237421056529,1.3749770121100928,1.0069822529703714,0.9820720177845247,0.6304282779692616,-0.22496869998528257,6.0,26.548757170172085,37.68642447418738,-0.00017700770341839257
v5-20261009T142841Z-d833d0,12,МР Аскинский,0.3672590525868866,0.32595378176745315,0.21962758537029176,0.02862861648571602,0.04615757869836841,0.13033668864977438,317.4,43477.55,0.7168837000449034,0.0316569375841939,0.0130220026942074,6052.960575554025,0.0,1.9245529815032856,127.85624067057068,24.81563853447267,2.368311328206864,0.6217204480053073,1.0941055586911532,0.7382241989837102,1.2452663382257543,0.7560116405248101,0.8872342138767607,1.899389334873206,415,2.533168114737812,0.5761445983673925,1.1054435778105693,0.7066849458492175,1.2748164994577726,0.726615452636233,0.8736479745848041,2.007749495701303,-0.602242522488344,7.0,22.465870307167236,33.122866894197955,-9.410954185324969e-06
v5-20261009T142841Z-d833d0,13,МР Аургазинский,0.35596020907098297,0.37666498061035236,0.2140617096611027,0.01686056314280897,0.02505479683021413,0.11693817599145413,322.3,43323.35,0.4914205344585091,0.10042194092827,0.2253164556962025,3879.595652451524,0.0,2.692941604135596,119.46768827502773,25.220162423328652,3.5020275854290754,0.6062410881139219,0.6598691112728745,0.7712739082557954,1.0522881904787438,0.5863301562369851,0.952653251153226,1.8272154108729988,721,3.675538513683519,0.5789346448485905,0.6362816710005358,0.7554121820599421,1.0559142785840658,0.5576429271272061,0.9493698427727284,1.8845812507393644,-1.238541869487963,4.0,31.62729658792651,33.44356955380577,-0.0002644419800383103
v5-20261009T142841Z-d833d0,14,МР Баймакский,0.33265712317231877,0.3257674347393401,0.26885095307356655,0.023539768812677025,0.02507081068667228,0.12169176923984427,288.3,44621.100000000006,0.6451867438190426,0.0860950376994564,0.0078905839032088,2688.986517444147,0.3292196483080207,2.249504972926563,106.79975280435964,25.0285062713797,4.4012390073619905,0.548417675265584,0.7080547081933154,0.8971260068767798,1.1639737009678224,0.7624226345337533,1.0053012250570503,0.8695728535280774,1290,4.533069976639587,0.5309144843844051,0.6967389992085601,0.8931386428022363,1.1703292707727768,0.7532142095156816,1.005506698896471,0.8645175377733518,-0.5763821335251957,7.0,19.356810956224017,48.61213010516018,-0.00021782261840109243
v5-20261009T142841Z-d833d0,15,МР Бакалинский,0.3557676619350628,0.35711372165116656,0.22964594550497633,0.023535650187632567,0.018477728830151738,0.12011494252873563,333.9,39965.600000000006,0.7593641512881418,0.0317924355929106,0.0,4796.69358420989,0.0,2.543025647736905,110.2849312860194,22.37521514629948,2.9307735875651915,0.6881558952355412,0.9016819579403699,0.9806906365306022,0.8574821619605649,0.8300266603936328,1.0418352459774856,1.0496122496122497,535,3.111219717244182,0.6590115863790498,0.8924933558787221,0.9788860231222472,0.8441627378447298,0.8141413015519163,1.045745082050148,1.054248908454516,-0.18800422856408064,8.0,29.740852678284355,35.406083210082954,-0.00020104179260871318
v5-20261009T142841Z-d833d0,16,МР Балтачевский,0.3621300485092931,0.3530277429552515,0.2396032048836322,0.0094838393197798,0.019894260642066824,0.12317280453257791,320.2,42029.0,0.7188321935823251,0.0,0.040241977906365,5717.430340584179,0.0,2.4125221042320835,106.57621797387452,23.620245925078642,2.3618455542469463,0.9784445653525888,0.8879044889953414,0.980339293219925,0.9000036144366398,0.91587637765242,0.854890706450306,1.1752974094330768,407,2.5291484478890776,0.9757964775580665,0.8741335416974717,0.9779239729766724,0.8877190461856127,0.9055417803124225,0.8370640119110314,1.1968327177172386,0.4234290635925731,7.0,30.484000356538015,35.25269631874499,0.0003993519089532999
v5-20261009T142841Z-d833d0,17,МР Белебеевский,0.4753059463834954,0.2849428580557893,0.21098318226842336,0.012173950089999894,0.0012887558712948268,0.12942777808025263,327.7,53560.45,0.3342298843125182,0.457597459412165,0.0117307754625878,1391.668253542926,0.821011181536777,3.906018620576492,162.45341026342945,23.919082253652537,0.9613798728148208,0.9526604967240859,0.7791870855906967,1.1590895706655449,0.8867997155878208,1.339188940016636,1.0371931826558514,1.1101181690730597,2189,0.9604977319471831,0.951579192400744,0.7741433917942301,1.16272341193246,0.884214053540946,1.3469365174496335,1.0380427299983788,1.112633431043664,1.4687007292918592,11.0,25.146586118334977,31.100486197483402,-3.419570847985846e-05
v5-20261009T142841Z-d833d0,18,МР Белокатайский,0.35705338502833284,0.364509394572025,0.2289293170295258,0.02153295556218312,0.009961228750372801,0.10728672985781991,307.7,47596.5,0.6598401598401599,0.0297202797202797,0.0184815184815184,7210.342055961771,0.0,1.743816822008264,115.26282457251423,19.69981238273921,3.810200411605221,0.5673339713163924,0.6472730612576523,0.9009822900982289,1.0456640981002716,0.7468118664066073,1.1074555440508316,0.9387112851679782,331,4.2347019843552545,0.5019765651708322,0.5939910463418899,0.8860249321070249,1.0525619981154184,0.7085659247761856,1.123687499345519,0.9294531711450142,-0.37659567181625014,6.0,25.109802822166152,43.02401644706102,5.757383844775695e-07
v5-20261009T142841Z-d833d0,19,МР Белорецкий,0.4216127411996149,0.2923590473400025,0.24990582227617095,0.016795027416181826,0.004227533380771002,0.1442192192192192,302.2,52441.45,0.3540686903235001,0.4343499121181892,0.0084556553132867,2331.21151498736,0.6577206830727957,2.144969046773863,217.2109580560285,30.153445432871564,1.366667179684494,0.8353802594498676,0.6175574812876353,1.374695024336759,1.2463987905630776,0.8360524478363238,1.0621310055640611,0.9342934797802056,2775,1.373273795534665,0.8324141379985139,0.6106666250946198,1.3814462860365206,1.2508384084110609,0.8330984378874287,1.0632504831417922,0.9331095785149841,0.6144617679143025,10.0,26.930593836131294,38.56510481917648,-0.000404022493937987
v5-20261009T142841Z-d833d0,20,МР Бижбулякский,0.36955903271692747,0.3446183025130394,0.23850165955429115,0.016974869606448555,0.018824087245139877,0.13189060642092748,323.0,46924.15,0.5737108190091001,0.178159757330637,0.0208291203235591,3505.104177127584,0.0,2.284188225046313,118.013459978044,24.540477121626907,4.787131246406872,0.6119791183231751,0.5515473455798697,0.7436929600835818,0.991417905243632,0.7237790577360833,0.9811244219496492,1.1300835671136424,482,5.1799871848308205,0.5717279895185251,0.505027360681516,0.717105092872335,0.9905276464514777,0.6951254330199094,0.9791663744340526,1.143577713079788,-1.6857694592854384,4.0,27.948998178506375,33.318761384335154,-0.00010103503412725033
v5-20261009T142841Z-d833d0,21,МР Бирский,0.4012422360248447,0.2817833744575853,0.26364332510848293,0.014651578320428826,0.006245213987917979,0.1650831968273127,327.0,47335.95,0.5862753751103266,0.1552662547808178,0.0297881729920564,2348.581719720876,0.7292527408178535,3.5381411510596035,110.57614105859008,23.595966221201934,1.0183743649944206,0.6703021082684245,0.7786312955870617,1.1130877585789902,0.9173872921304397,1.6785475168491595,1.254966332487977,0.9735888609420056,1397,1.0190320015368122,0.6585018973975736,0.7707082925658396,1.117135280360629,0.9144305022997468,1.702833397910332,1.264091827566287,0.9726435803744322,0.3869542985698572,7.0,22.96793237622434,42.474171474574,-5.211652949022391e-05
v5-20261009T142841Z-d833d0,22,МР Благоварский,0.4078823629990596,0.3293579550312046,0.2163802684449004,0.021843207660083783,0.005385996409335727,0.11992801748146878,329.2,52528.85,0.4636944763153581,0.0932633994427143,0.2147188985412227,3949.9878165618447,0.0,2.648239821160585,127.90356394129978,24.325821156222045,2.3194129459158397,0.6365091081664432,0.8227292495708752,0.7208253320495842,0.8689198115150119,0.9103388600879646,1.0349702216773893,1.9830045283093063,557,2.437852169068069,0.603879764195747,0.8068162558160167,0.6957647693969436,0.8571531877730919,0.902290283794245,1.038109379817191,2.0712455093065505,-0.48087482980262175,6.0,26.148109381133064,35.43111343713202,-0.00055860922431866
v5-20261009T142841Z-d833d0,23,МР Благовещенский,0.4406086663294554,0.2759441915359973,0.2588307199460462,0.012013151239251391,0.0025290844714213456,0.12874373804046355,328.0,69499.45,0.2548270854622707,0.5159468617221535,0.037756144785672,1580.70972648713,0.7233055544152058,3.042758732666245,190.82269387084852,31.760510821792856,1.0177269253248213,0.8119296229545889,0.6612322823286165,1.125067061007358,1.6055924959522443,1.080992308888437,0.9189143809958289,1.59524019269782,1484,1.018324193698299,0.8055930199544066,0.6498182756685295,1.129280910771757,1.6259965557889102,1.08372116026608,0.916182385746362,1.615295455255024,0.31297370081008613,8.0,23.156964759006577,39.12830077549818,-0.00020214951352682788
v5-20261009T142841Z-d833d0,24,МР Буздякский,0.36505594491577525,0.3681708266732243,0.20959875404729703,0.014016967908520842,0.0287306856838395,0.12603889292342452,331.8,48398.4,0.5221119892382714,0.0327896418362199,0.1705061375483437,3984.480144699591,0.0,2.7455894096201736,116.91962881409248,25.418648335398267,2.660068452914239,0.5170696838179873,0.7271887955912121,0.7253211775245535,0.6027201533679327,0.5318387486294051,1.2766867468436567,1.704646745493947,611,2.7959169351494464,0.47755001800931196,0.7048638197803456,0.7028433688113418,0.5702095276206277,0.4935276805958047,1.2993288701532846,1.7623101452888688,-1.4842026514919624,5.0,28.760702456096492,35.50403099806262,-0.0004002414281220503
v5-20261009T142841Z-d833d0,25,МР Бураевский,0.34709508686717727,0.3811881188118812,0.2290771529983187,0.01737343545675322,0.011628993087988045,0.13785158874916004,325.1,61006.2,0.3784342688330872,0.617725258493353,0.021122599704579,5246.525205374281,0.0,2.4535419023324274,162.42802303262957,22.54018032144257,4.278369851218969,0.531696291644231,0.7020035535334956,0.8154994682969348,0.7222633134782749,0.7731936921999926,1.1548043343728802,0.9240937072262375,448,4.644259343542514,0.479430252765239,0.6687450215617876,0.7949078910979319,0.6912659154289752,0.7478804882044561,1.172081603834139,0.9156220227648799,-1.3221070973024118,2.0,35.24192325193387,30.29728499924162,-0.00029186948176583496
v5-20261009T142841Z-d833d0,26,МР Бурзянский,0.32605111294311623,0.3056177128724532,0.28141561653515484,0.025085384524790956,0.03756919090802026,0.1578357511985555,295.4,35888.850000000006,0.6864983534577388,0.0384193194291986,0.0,6775.747256315573,0.0,1.3452402852153889,133.49158900416154,25.412735849056606,5.060136105308868,0.7311534958089425,0.442201511906354,1.1243291767035308,1.4424479717668133,0.7432249743002889,0.8193646974719494,0.48512033078629274,423,5.540057630759088,0.6993749492142547,0.3762678844721169,1.139025296881253,1.4947467863964603,0.7128733164161624,0.7980130068657968,0.42425984979176473,1.3198619957449658,6.0,14.462251399884147,55.28094226684688,0.00012397456186624426
v5-20261009T142841Z-d833d0,27,МР Гафурийский,0.3628512396694215,0.3369421487603306,0.21611570247933884,0.016859504132231404,0.056487603305785124,0.1092737042815046,312.2,44408.1,0.7567244471010162,0.0639569635385535,0.0150926479378362,5264.395442675698,0.0,2.274037957909845,113.3276883996613,24.226110363391655,3.124443063021335,0.5894194293012368,0.7528065532529965,1.2883074776112355,1.1692801037188008,0.47634879789164863,1.033368042183139,0.9362268508609973,688,3.2788357274850943,0.5595807250353382,0.7348419132277783,1.3092600559260055,1.1815824368378995,0.43829275122679756,1.035793045248774,0.9315921743247326,-0.02649901105386102,7.0,26.30474550737114,39.3091574303239,-0.00023914784081287185
v5-20261009T142841Z-d833d0,28,МР Давлекановский,0.4098166765227676,0.32060488299400186,0.2337867139759511,0.01734673763059334,0.009067612852355609,0.11871301775147929,325.1,45218.05,0.470160116448326,0.2942559623782331,0.0132124062255066,2424.676480669197,0.5955293125263602,2.9258306815671964,125.55883593420496,29.4151212553495,2.4556932814663415,0.675441574816732,0.8444132857227412,0.7787838170753224,0.9606774867870214,0.7524961846790745,1.108576085050655,1.3468289500794282,996,2.528770253427503,0.6591484811830337,0.8366027076967745,0.7676785870088225,0.9587034650393819,0.7400712943517188,1.1140266917299047,1.3642400419508856,-1.1777505634620582,4.0,27.717133364973897,32.55813953488372,-0.00025222831435399933
v5-20261009T142841Z-d833d0,29,МР Дуванский,0.37521066901150435,0.2821132849710559,0.2805744852348501,0.03114237561368799,0.011137979043013117,0.13394822345666071,306.3,46873.65,0.5526836651531029,0.1780183956223076,0.0740482011875654,2770.0859406504064,0.0,2.249391166927346,139.65853658536588,25.72505325249877,3.4528930291408604,0.6391883228329279,0.6819086217214063,1.0431411155500665,1.012876647764184,0.8153443516705037,1.1081743481566353,0.702557219411152,751,3.6162014864738072,0.6151662404649471,0.6607307669758274,1.046013360260457,1.0137339478816396,0.8030503670946383,1.1153763686730558,0.6827541048579664,0.16681561500745973,7.0,22.81537082679812,50.50974680708044,-0.00019253983739837377
v5-20261009T142841Z-d833d0,30,МР Дюртюлинский,0.4021516030858518,0.31844079552693044,0.2546889376459764,0.011218062141694388,0.0014863047632528842,0.16214727643246618,331.3,52136.95,0.4418117632980314,0.1996649314904565,0.0682702088194818,2879.1868615556195,0.5249666266750029,3.553474152998894,141.20718498115886,25.829371685516676,1.0890346768491581,0.8280086701718755,0.7132545133455436,1.2229470521493948,0.7659922168000759,0.7854501714881291,1.1663985918184805,1.243774960089359,1464,1.0920754786541156,0.8221346493444124,0.7034612931729186,1.230561364039743,0.7580001477017179,0.7781226500225599,1.172081603834139,1.2521006076333945,0.0722332512143978,9.0,27.194715898324354,35.91943910560082,-9.36102333598067e-05
v5-20261009T142841Z-d833d0,31,МР Ермекеевский,0.39297635605006953,0.3389429763560501,0.22037552155771906,0.02364394993045897,0.017246175243393603,0.11571497285783,330.3,52353.15,,,,5766.4222291043225,0.0,2.302515501150182,,19.423738532110093,4.399943837605006,0.5704170172891565,0.9612241846043038,0.8237511395179711,1.1828278112175294,0.6905562836755497,0.8532970350763153,1.1760879618022475,265,5.0414426748889705,0.4893636243248463,0.9539079930202102,0.7904966375402297,1.2173236246547992,0.6321706768218799,0.8256172303737332,1.2093121055385208,0.0868899882202227,8.0,31.4708386547467,30.92805449127288,2.6449300577611433e-06
v5-20261009T142841Z-d833d0,32,МР Зианчуринский,0.34377460845218305,0.307507218479307,0.2719398022574153,0.03180505731035086,0.02786770496106396,0.1200570465447945,296.6,40725.45,0.6541862652869238,0.0291627469426152,0.095766698024459,6137.92446559172,0.0,1.9453542965556996,113.66066464223088,21.430438191480096,3.7175235576128287,0.6728910428621864,0.7892296231420837,1.0508666567976923,1.1499165553567632,1.305315345170405,0.9447790587999082,0.6312007281589032,476,4.00297771282426,0.6385308582888866,0.7670898776738152,1.0562097930159373,1.1656640926841544,1.337386284789145,0.9389785397662851,0.5924613088478635,0.9433158274338788,7.0,23.649099399599734,39.939959973315545,-0.0003965149052649588
v5-20261009T142841Z-d833d0,33,МР Зилаирский,0.35482817729164967,0.28128316055832175,0.28438494816749654,0.019998367480205698,0.04432291241531303,0.1495445880110146,290.4,42496.2,0.6846198156682027,0.0,0.0480990783410138,7143.981126765511,0.0,0.9020576024607796,121.9872110181997,19.645663666238033,4.5246360996716835,0.6327344082778005,0.6026470079999221,0.9537276289170667,0.9340790443211283,0.9004282313320171,0.9297245999920916,1.0912350991464914,266,5.187161682316736,0.5636995226157329,0.5279565959698322,0.9450298148037333,0.9216878872386336,0.8817117334620955,0.9165149383364697,1.1083845538732757,0.4661696634121694,6.0,22.188744216076618,40.15925965780695,-0.0003418108354999641
v5-20261009T142841Z-d833d0,34,МР Иглинский,0.4323327667840233,0.26224657035328397,0.2757375257982275,0.01798288211727571,0.0028985067378900086,0.13185489698585262,328.2,60881.9,0.5561718529660619,0.044091379148256,0.0080849863683369,2935.76737324013,0.0,3.3655392617277813,74.80414633117202,37.30146556412365,1.229510534236057,0.7983038456029767,1.3092031308883807,0.9224925600863872,0.8622096838754771,0.7070517455867686,1.0134364601834756,1.3690234388777536,2627,1.233878835230272,0.7944649389718952,1.3150882304484943,0.9210173518657245,0.8595871045811392,0.7014760270025808,1.0136921979106068,1.3760471053961727,-0.12036192796856206,7.0,22.448075712720577,39.779482039208375,-0.00013751557687168676
v5-20261009T142841Z-d833d0,35,МР Илишевский,0.3506470945887258,0.29514461912620515,0.30487275254060625,0.016199079301658995,0.024494050204117084,0.1514152706513983,332.5,55789.100000000006,0.5008454514710856,0.1965956487430954,0.0759779055348889,4956.635835388916,0.0,2.734545127560783,145.8806117414899,26.854134737122678,2.8960979941683838,0.43896680586010844,0.8120897244903559,0.8260418552660559,1.1120466050973372,0.5420390293269971,1.2029892539389686,1.3664151164151166,784,3.0170226111434073,0.40318662766241126,0.8001056507971387,0.8149475858314933,1.1191924345040551,0.5128323347687699,1.215934997174872,1.3897834274109784,-1.0229732861016327,7.0,28.814009020960466,36.84797028389493,-3.277881927314584e-05
v5-20261009T142841Z-d833d0,36,МР Ишимбайский,0.45029751709613164,0.2891688552252629,0.23683375835775639,0.011672312513480252,0.002727768685215494,0.15801747808969746,315.0,57089.7,0.3846932419806914,0.3936468389909685,0.0035425101214574,2929.811306179776,0.7555576987992477,3.0057645868388523,154.8439986497565,27.282497191148455,1.5594289225158002,0.760809589809156,0.8437579437083582,1.0307931694760781,1.2530677684769522,0.8665238726078899,1.1079286227739755,0.962415409783831,2173,1.5723011940877238,0.7553058988245532,0.840162866481215,1.0315017099610315,1.2588907728137435,0.8634526317567139,1.110412024126345,0.9615506009891652,-0.344595006688583,7.0,28.463158686576147,32.29773949674653,-4.539711626561227e-05
v5-20261009T142841Z-d833d0,37,МР Калтасинский,0.3879538115275467,0.31030433506213917,0.26230550934533714,0.00895390938447989,0.0193756727664155,0.09543311586266012,320.4,61364.8,0.4430848494606343,0.2188053453550153,0.0373530832394139,5374.199793137766,0.0,2.631268209110284,147.17311975735748,17.366486068111456,3.287030155808172,0.7421583565478684,1.027271775875623,0.7364654437731266,0.6165935603040836,0.6355196841249564,1.0840295295455247,0.9378929315638176,345,3.618483801577472,0.7047900024243711,1.0312242071619449,0.6982720298272029,0.5610274096235162,0.5826964499401676,1.0962077222332818,0.9288919071527768,0.6885421832256651,7.0,25.684931506849313,35.842320023316816,-0.00019176105397848394
v5-20261009T142841Z-d833d0,38,МР Караидельский,0.3921510141469235,0.33658598943241863,0.23444690642577126,0.01440259076188853,0.01141980569285836,0.11919891318637978,315.0,41378.05,0.7146917358985571,0.0419763882815916,0.0102754700480979,5227.3802683401855,0.0,1.8087389915350989,98.98290413330449,28.336501480924802,3.8152526093359804,0.5809515665462612,0.9009511312399141,0.7369447116915256,1.0808430225788896,0.7644633905770764,0.9482395865625387,1.357396414833823,629,4.039040575101956,0.5476408802621803,0.8930776122605749,0.7160341164364801,1.0872693359794374,0.7457402896690538,0.9441250862892908,1.3858063047252238,-0.3682763978890109,6.0,22.70793796217525,35.82226294090701,-0.00039381995239125853
v5-20261009T142841Z-d833d0,39,МР Кармаскалинский,0.4116843584139869,0.29552372775522945,0.251697627224477,0.020039806431470495,0.007297845769591009,0.138253491606038,324.2,51600.45,0.5046414362950117,0.080077527287565,0.1077221258798327,4272.620238584585,0.0,3.3828500056536006,95.0363548230732,30.997885172710898,1.6885949145502297,0.7687866613862281,1.3252639754297504,0.8762704050754458,1.0319263115986665,0.7646507851811052,0.9441102505575034,1.3219587487880171,1549,1.7108219937803855,0.7613233515536338,1.3357631353855202,0.8722765511398566,1.032956857486293,0.7570539738570607,0.9423061915051311,1.332351219697895,-0.29378789735912925,7.0,24.20483363378044,36.860276818723456,8.267396994667979e-05
v5-20261009T142841Z-d833d0,40,МР Кигинский,0.3697256385998108,0.36316619362976976,0.19337748344370861,0.02131819615263324,0.03140964995269631,0.11246928359901708,310.7,40981.7,0.7423439340400471,0.0594817432273262,0.0,5911.992587061632,0.0,2.270010491874921,103.9231287104474,25.987785117786363,4.498745398542559,0.5238986887912556,0.8432407208434443,0.9304289675527007,1.0366444529504328,0.6199026603505826,1.0282121511553162,0.7512642512642513,409,4.926464884916955,0.4656955945114579,0.8240769947851857,0.9219239513610993,1.0411242149248134,0.5734359929117785,1.0316610693894623,0.7208564580202723,-0.8041842570459717,6.0,24.18687167356594,42.43051448846836,0.0001301349531795087
v5-20261009T142841Z-d833d0,41,МР Краснокамский,0.3870262390670554,0.2961266139108705,0.27400041649312784,0.022386505622657225,0.013536026655560184,0.12801611278952668,325.6,58493.25,0.3423170503462474,0.3855511884708965,0.0383679580759872,4610.835796818254,0.0,2.765194682417376,210.9189957366177,27.5049115913556,2.1957708909258455,0.7941953576236245,0.7155542683423155,1.1015269076210452,1.0503460516911491,0.6829333281719764,1.0022739803575715,1.2782749048571835,661,2.286222546820387,0.778627684221478,0.6940379497600399,1.1092067039615174,1.0541543763273933,0.6589494649474663,1.0024459909746344,1.2993244438025076,-0.3470923214926157,7.0,26.833445470670988,33.08459232980611,-0.0004698294647086688
v5-20261009T142841Z-d833d0,42,МР Кугарчинский,0.3273414972100513,0.33280904767254615,0.2838257873647156,0.012433059955810209,0.02531550762086657,0.12009452601402394,301.3,43914.8,0.6372048500319081,0.0598276962348436,0.0735481812380344,5257.8508628931295,0.0,2.056007216568124,118.89677150119503,24.18015373324578,3.553802030282569,0.6641092195791033,0.8767879342052541,0.8918749661340615,0.8840440416411842,0.5367105539603614,1.049789912192018,0.9570104951784342,605,3.7648600493141857,0.6363496509492772,0.8666051188503164,0.8829390129220004,0.8744609045867366,0.49842216999014327,1.0539047809682176,0.9534576435402883,-1.0188049886936055,5.0,25.83790371724558,41.67580743449116,-0.00015108463902272458
v5-20261009T142841Z-d833d0,43,МР Кушнаренковский,0.3650145552153038,0.35352160598843146,0.20415107179312691,0.032361725454614194,0.018033344675059543,0.11877469582567192,332.0,46328.100000000006,0.5959952885747939,0.1395759717314487,0.0,3660.889181266591,0.0,2.731066176803132,96.58703071672356,36.77852348993289,3.8816313784462677,0.5791486191084704,0.9877458037256195,0.8130776463229314,0.7290078684628163,0.6603547276926931,0.954406036256323,1.4762971840828263,939,4.035072878896015,0.5567390674103059,0.9870932906119676,0.8031243793539714,0.7145780425023699,0.6422692499340504,0.9519782426597481,1.5016591214674282,-1.3857467834968393,3.0,31.20519576006372,35.51252986949329,-7.022184300340795e-06
v5-20261009T142841Z-d833d0,44,МР Куюргазинский,0.3903429120820425,0.29355838051490224,0.26108321760495673,0.015062493323362888,0.025210981732720864,0.10884082527658726,307.0,56046.4,0.3989090909090909,0.0316363636363636,0.1298181818181818,5092.817603433311,0.0,2.2277265380705544,132.60680875687146,27.271827360918632,4.43685335032832,0.5672001584458695,0.9515832857122759,0.7440189827642676,1.0537562859192637,0.5540772943771377,0.9093348300996748,1.2260524812789622,524,4.764797372306213,0.5259024636410861,0.9469633702268061,0.7195933131807054,1.0588857025146134,0.5115274178864065,0.9006835734297965,1.2476223745307715,-1.2863862963152604,5.0,25.695344052427036,36.26457364931799,-0.00027553187385476175
v5-20261009T142841Z-d833d0,45,МР Мелеузовский,0.4183508847702646,0.30159677849620814,0.25285501962627505,0.015167490250377917,0.00137193379149147,0.14925489991387636,309.6,50232.25,0.412940901658491,0.3222611539359962,0.059472085961224,1778.3418078357977,0.6930623421974902,3.20402601112672,134.4383172756849,29.66289292264879,1.60405448888459,0.8163266177878282,0.9235201667173187,1.1252256815548263,1.031596015778081,1.0590809904310938,1.076798920728085,0.8099248557313073,2275,1.6173304117172185,0.8122898401567916,0.9218392912605564,1.127977894336251,1.0322904337072698,1.0603794737372718,1.0784868090957354,0.8057473800330944,0.2982220320757528,8.0,24.150943396226417,36.7688679245283,-0.00014732655855493712
v5-20261009T142841Z-d833d0,46,МР Мечетлинский,0.36098644115840695,0.34610478575140546,0.2330986913591912,0.03968441441867057,0.012566731232579014,0.11428037906727044,308.9,41771.850000000006,0.718096019696348,0.0344686089454247,0.0,5251.729970464328,0.0,2.6408906787400133,111.59446835790824,22.98904391796985,3.1044406230153783,0.5591876369873654,0.6762045834810074,0.7652701252697591,1.070099780333257,0.48555178961191064,1.0760913981747544,1.708348241230253,467,3.32975546487998,0.5119914525106379,0.6415369799993166,0.7401384470331167,1.0776051101333919,0.4304716814333143,1.0842382288144499,1.784188524017218,-1.2773172739012926,6.0,28.108741848025208,37.73723162599839,-0.0003669072259364408
v5-20261009T142841Z-d833d0,47,МР Мишкинский,0.3511062178882248,0.3225857187794904,0.27891370451924086,0.013631120897556883,0.019293278808849745,0.11404399323181048,322.6,41494.75,0.7778397990510745,0.0,0.0,5201.913408717899,0.0,2.506769710735982,86.47905000965437,15.77099915953923,2.679162076420353,0.653085512821122,0.888150493795817,0.8325357202701466,1.314419347801792,0.6008984236403264,1.1051428333659195,0.8817482726322506,312,2.948258563026179,0.5974902424398915,0.8702258934425826,0.805698495954465,1.364807063795669,0.5369398376852504,1.1219926464053298,0.8627976752976754,-0.5019354912897658,6.0,24.313518406759204,41.55099577549789,0.00023952910793589505
v5-20261009T142841Z-d833d0,48,МР Миякинский,0.3513107004727116,0.3570262140094542,0.24941985388912763,0.025440481306403095,0.00618822518263859,0.12902804389479186,319.7,43687.5,0.5637019230769231,0.0823317307692307,0.141025641025641,5039.583892402322,0.0,2.4208988941024767,108.11747379364115,25.764966740576497,3.031051961703877,0.6144555026522344,0.7585335521872925,0.7184580895797992,0.738936852317844,0.9623657371838328,1.12908438831818,1.450272644853926,559,3.212720294593311,0.5799703061095003,0.7369354799321309,0.6932754500073304,0.7155859446539661,0.9589995240517962,1.1406303980067471,1.490547478919572,-0.9710963492162981,5.0,29.64772958664223,35.09807914206204,0.0001684821970025109
v5-20261009T142841Z-d833d0,49,МР Нуримановский,0.4002958730806509,0.31683925929704637,0.25439983675967964,0.012549099627608019,0.006223537213691782,0.11414146671524489,316.4,41980.5,0.6074989163415692,0.0520156046814044,0.0,5340.5359503635,0.0,2.0718992367514177,115.66808723990977,27.02565146579805,2.4830399615007313,0.7100021141319076,0.9633312275111929,1.3628069680267285,1.1577965252257865,0.6200095464621458,0.8985114439206041,1.0603253222300841,517,2.626467423928268,0.6819558969299645,0.9597849245625656,1.3978946825360834,1.1730573110309883,0.5832599861586784,0.8886963031005466,1.0661594926585256,-0.7578127516892064,6.0,25.14736339015453,38.330412617492435,-5.1337678616194895e-05
v5-20261009T142841Z-d833d0,50,МР Салаватский,0.3791618210793815,0.3035275875436103,0.2642029547314468,0.020286858767282593,0.01645346082611879,0.1235262831309281,311.5,47905.05,0.686172457448305,0.0548600365733577,0.0,4679.490583805356,0.0,2.3683831322462545,152.52746309646412,23.595849932145516,5.476606160891436,0.5650621237855694,0.8612200776584468,0.7689648094096619,0.6548168023436235,0.9122506892826623,0.9997213649043566,0.6060286315119355,519,5.907878430726833,0.5231605942851425,0.8478501429434611,0.7467070839192632,0.6215621590241267,0.9037969984621095,0.9996945214462023,0.5680737790564381,-0.4025031136650214,4.0,21.10705596107056,42.94403892944039,-0.00020677394438723063
v5-20261009T142841Z-d833d0,51,МР Стерлибашевский,0.331514897188418,0.42040844873408867,0.16736606518394181,0.03538956497412225,0.03580920408448734,0.13908959537572255,316.9,40293.55,0.723741794310722,0.049781181619256,0.0,5545.028943765281,0.0,2.319226463164355,111.7359413202934,31.53630414459333,4.687326956959477,0.7715947286176866,0.637952134415476,0.702866011527477,1.0802052512706506,0.5192250385053238,0.718632488670342,1.6818835140003026,498,5.057540506855006,0.7486624724548038,0.6016019471077928,0.6730332817611594,1.088257987342001,0.47095446004200286,0.6903827385368423,1.750345714201136,-0.24588781009378843,5.0,35.953969635431775,32.008509815298325,-0.0001171577017114918
v5-20261009T142841Z-d833d0,52,МР Стерлитамакский,0.4272603819870335,0.28776064482214825,0.2375810408270545,0.019537410198002453,0.012528473804100227,0.1358485535261965,485.7,54926.3,0.2849066128218072,0.1881877839475012,0.2069661786976274,4259.198984241863,0.0,3.063874933863979,104.19515684500642,41.2707089395341,1.5132172932941088,0.857570015630201,1.00577028186023,0.854689718768257,1.086560009109234,0.6586755348558255,1.0200297435324053,1.2825291099039824,1908,1.5266663837892374,0.8538375736917891,1.0059214946972381,0.8508817973523307,1.0888283531634593,0.6497309734002654,1.0205546319897536,1.289932912574422,-0.5911264232026792,5.0,22.239207736532517,37.42314977900369,-0.0002721108329300875
v5-20261009T142841Z-d833d0,53,МР Татышлинский,0.4161558109833972,0.36104725415070243,0.17503192848020435,0.01896551724137931,0.022796934865900384,0.12633076583427366,317.6,64056.45,0.3723834006610356,0.5588199289998775,0.0490880156689925,5033.604480632526,0.0,2.709937953060473,197.51922239953572,21.23998230001475,2.534904402809256,0.6077771125981403,0.5258231052007794,0.9775887792087712,1.0695673022322612,1.1781997613505215,1.219545858367029,0.9812338298479023,419,2.7180672193736064,0.5609724720967249,0.4692387502128056,0.9749144091859516,1.0778688896108126,1.1994646493398438,1.2457446481482974,0.9789944300684159,-0.37659567181625014,6.0,25.26039715249157,37.48220307231173,-0.00020081145123071716
v5-20261009T142841Z-d833d0,54,МР Туймазинский,0.4254180863979948,0.29210041906552303,0.2548858340187209,0.015282183840520111,0.0018799201033956056,0.1185015043188509,336.0,56696.3,0.3731214240305149,0.333502860775588,0.0211570247933884,2319.933344679614,0.5186678191428331,3.996023058698394,150.40196430893502,32.676200125291,0.9445607001647119,0.9820254513760964,0.762013300582404,0.9518479689399088,1.1046615127043509,1.1081756647900192,1.1330758856975072,0.7829389174108925,4107,0.943885763473267,0.9818066231727375,0.7591159704214887,0.9512617499106892,1.1059356971784724,1.1094926317341391,1.134695996309846,0.780296342750689,1.077403147826652,8.0,26.417556495225668,38.868464308568704,-0.00017752946845861448
v5-20261009T142841Z-d833d0,55,МР Уфимский,0.4608546214584301,0.2237250348351138,0.2805387830933581,0.022879702740362284,0.0011797491871806782,0.26632288852517205,889.7,82760.35,0.1965507448428988,0.2955877417189477,0.0649833475331113,2604.176537118463,0.0,4.293863306706769,165.34898612593383,63.97813056454242,0.5145721421576297,1.0415395783965475,1.1396890196046172,0.8986988412493324,1.0952949562453382,0.922102412857487,0.9410383535119193,1.2623951238505418,7453,0.5113155484514552,1.0418182552944177,1.1406261524343813,0.898019241365053,1.0959342622714037,0.9215798206990105,0.9406427970481592,1.2641554560915893,1.7342811541171896,9.0,19.507727532913567,39.6751574127075,0.00019350779082177215
v5-20261009T142841Z-d833d0,56,МР Учалинский,0.40053583389149366,0.3003200119074198,0.2676936816253628,0.01809927811267396,0.0033936146461263673,0.1454534356736301,299.6,74217.2,0.2993896887749941,0.4849782513403243,0.0173989277404997,2386.7326607354166,0.5276913412514062,2.7103318044788978,216.62941374121635,28.578169699472085,2.5039587088624615,0.6937452734124516,0.7436273484745354,1.167405012256664,1.08230968516711,0.724818474902182,0.9810077439649713,1.3360098177616426,1868,2.544214562954069,0.6855478770905151,0.7367651254679651,1.1718858744691014,1.0845128351983493,0.7174528023888572,0.980499385934055,1.3450036565668257,-0.0609779406481743,9.0,24.18842998519076,40.760677934228156,1.7679434924252274e-05
v5-20261009T142841Z-d833d0,57,МР Федоровский,0.37880524773914154,0.36090943828811617,0.2196535473188129,0.02483760030569354,0.00796076932874793,0.11901816524513315,313.8,41767.9,0.672,0.0438260869565217,0.0097391304347826,5868.816069330578,0.0,2.213757106973228,92.795816925957,24.108388125124527,5.423553993174562,0.5582197325510169,0.7860891901077891,0.7368653563271225,0.8163321987029319,0.3680076714295328,0.9170105088753087,1.1878632832178064,359,6.039647864090239,0.4966904473909913,0.756296598200796,0.7002170772640476,0.7907517249846773,0.27998645575119474,0.9054520839275801,1.2140280858943813,-1.6857694592854384,4.0,29.92181947405828,34.907097167225096,0.00011967464979665453
v5-20261009T142841Z-d833d0,58,МР Хайбуллинский,0.39680813749561555,0.2641529287969134,0.2900736583654858,0.020729568572430725,0.017432479831638023,0.12860947574992992,283.6,72911.85,0.3028416347381865,0.5610632183908046,0.0,3071.569099798284,0.0,2.0117966328866825,214.1611679031762,19.899630584791243,4.087396664106167,0.7166252698917838,0.8073051469318884,1.0141686065239446,0.9114358919807148,0.579152245212581,0.962881732040144,0.7370345269851036,557,4.364541786557349,0.6911876819107947,0.7900075838198497,1.015440474254999,0.9034857925175834,0.541374170276547,0.9595497510742683,0.7134290087611452,0.28683084352711447,7.0,19.368286034952703,44.733044733044736,-0.0001666921946049423
v5-20261009T142841Z-d833d0,59,МР Чекмагушевский,0.4059463803053547,0.3346482577251808,0.22744539411206077,0.013404923661333917,0.007305135510263716,0.12292899408284023,332.7,50333.55,0.4551584625758597,0.041402562373567,0.2455832771409305,3079.151752556829,0.0,2.798026073790198,133.9850384879477,28.6568470176462,2.9686322490399135,0.6631061957377543,0.8135449450951179,1.0304873495773585,0.6581461096357528,0.5506218641397267,1.0240735550792925,1.5441867116653964,771,3.096299710067145,0.6412583485093337,0.8014531775915587,1.0324644799001443,0.6359765966419625,0.5214793131760254,1.0256347454216592,1.5794776786994689,-0.8748624168971033,5.0,29.86893007679427,35.44661931982216,-5.278088974016207e-06
v5-20261009T142841Z-d833d0,60,МР Чишминский,0.44230150337915497,0.254838857983541,0.27150475840191257,0.015815364810813297,0.007080134246701301,0.15094457130994396,331.1,56722.850000000006,0.388076109936575,0.2071035940803382,0.0965750528541226,2110.459388257876,0.4430702865284154,3.32165406194426,116.99580497071396,33.075411939221425,1.9455341689830596,0.7658717109143426,1.0804656430319028,0.8450882857151012,1.0263357623230587,0.7576487644005709,0.9105140474315128,1.7001453539451128,1608,1.974935107073329,0.7585916024228733,1.0829676841709546,0.8402713791763916,1.0271546604052435,0.7501129672737231,0.9077315240307512,1.7219160428115654,0.2809880228852728,6.0,27.96985246953175,36.54265554842848,-0.00017716815735317412
v5-20261009T142841Z-d833d0,61,МР Шаранский,0.3637648849980969,0.33413082485998585,0.23223315752270132,0.014463596324289054,0.039367081724756676,0.10677596210145313,332.9,50606.2,0.5634739247870351,0.0301267400789528,0.0,5647.977269410313,0.0,2.60017099490305,129.12485915115093,23.206521739130434,4.042883103902594,0.7310184382895011,0.6756451265199582,1.0830854096072422,0.946123187532957,1.051007784264665,0.9606480928317549,0.6076553024604974,412,4.41216503398786,0.6983750448780327,0.6362816710005358,1.09316859038482,0.9395847394180246,1.0571980493453281,0.9558723759424047,0.560040654700849,0.9536141063983898,7.0,28.028227480282276,36.31382316313823,0.0003219367387455059
v5-20261009T142841Z-d833d0,62,МР Янаульский,0.3852494451969911,0.2882669971467274,0.2901979998270744,0.014496930570366315,0.010346715854396634,0.13602413449139966,321.6,55956.95,0.3502858862473668,0.2673788745109841,0.0595094793860969,3898.795165129391,0.6003396947465264,3.0078599631074003,156.7785614871081,22.42034562707651,1.443731571714143,0.6852931011364792,0.7640181375376531,1.1431333799383379,0.952649206489415,1.099116016819572,1.2241649371674725,0.9734279937404939,910,1.468112427302832,0.6680015132868352,0.7510521011386231,1.1509978513635213,0.950047514538284,1.1045619518096583,1.236481691956894,0.9719679933965648,0.36759824154877946,6.0,28.11442048004869,37.70778652668417,-1.6319501781042466e-06
