run_id,feature,sber_spend_pc_log,sber_rel_trend,sber_ilr1,sber_ilr2,sber_ilr3,sber_ilr4,sber_ilr5,proc44_pc_log,proc44_muni_share,supplier_hhi,procgeo_ilr1,procgeo_ilr2,proc223_pc_log,pop_growth,natinc_rate,migr_rate,age_ilr1,age_ilr2
v5-20261009T121014Z-d833d0,sber_spend_pc_log,1.0,0.7884213442119312,-0.39361889652741056,-0.7723552668026491,0.3939210798015663,0.3464279418800836,-0.015537256679509457,0.08785978696079172,-0.3738258920702072,-0.5432499811135454,0.38097756289189394,-0.2063156304298557,0.5205006841248386,0.6363727934325502,0.6389119831166488,0.5556213092695629,0.04489939815164564,0.3711062426028053
v5-20261009T121014Z-d833d0,sber_rel_trend,0.7884213442119312,1.0,-0.3408879151872277,-0.6855783032409156,0.37906373548890737,0.11797738661831735,0.18068041600564075,0.08327667396942913,-0.37342298103799954,-0.44690388053687896,0.2950567852736018,-0.21825186975900884,0.45204755307285666,0.5089521794968649,0.5598035575817467,0.39594062027036514,0.2604064365037395,0.4785827604442094
v5-20261009T121014Z-d833d0,sber_ilr1,-0.39361889652741056,-0.3408879151872277,1.0,0.28820729772607084,-0.48094986275842966,-0.10614187504721613,0.31056886001359824,-0.16063559215330764,0.31716652816599933,0.17262219536148674,-0.26534209664828384,0.05597945153735741,-0.34579157076663447,-0.23300848631361587,-0.08913235210697808,-0.3161380491556423,0.1861197149404447,0.1013573065397497
v5-20261009T121014Z-d833d0,sber_ilr2,-0.7723552668026491,-0.6855783032409156,0.28820729772607084,1.0,-0.6938379794011735,-0.3905970637858528,-0.2116038377275818,-0.09370199692780339,0.2938480521769787,0.40021656467981165,-0.3134396011180781,0.01679635365515852,-0.4056565790486658,-0.650071768527612,-0.6845233675941105,-0.5042243235816015,-0.0055148447533429025,-0.43330563319986903
v5-20261009T121014Z-d833d0,sber_ilr3,0.3939210798015663,0.37906373548890737,-0.48094986275842966,-0.6938379794011735,1.0,0.2281231900480975,0.041122107224698445,0.09763037949182846,-0.26927047921230896,-0.2642844551887386,0.23315957795069375,0.10991916597416333,0.3708507559751415,0.4652866963813553,0.35884649698226156,0.4233640976903504,-0.09737856009669865,0.0975800156128025
v5-20261009T121014Z-d833d0,sber_ilr4,0.3464279418800836,0.11797738661831735,-0.10614187504721613,-0.3905970637858528,0.2281231900480975,1.0,0.05290725491677369,0.07365717307547028,-0.08106066329228677,-0.13031653697967818,-0.0045579310518496135,0.1279997985444839,0.12126630832056409,0.17775931102213494,0.03878604754019391,0.24318505183176978,-0.4421696759084385,-0.21392057616277604
v5-20261009T121014Z-d833d0,sber_ilr5,-0.015537256679509457,0.18068041600564075,0.31056886001359824,-0.2116038377275818,0.041122107224698445,0.05290725491677369,1.0,-0.09486036614540051,-0.053561985344111204,-0.16375815265291732,-0.17257183148246077,-0.015285437284379644,-0.018662167074878087,-0.003298834076200549,0.08452336074343555,-0.06826909759924696,-0.0277253154037924,0.06811714638261439
v5-20261009T121014Z-d833d0,proc44_pc_log,0.08785978696079172,0.08327667396942913,-0.16063559215330764,-0.09370199692780339,0.09763037949182846,0.07365717307547028,-0.09486036614540051,1.0,0.06358439727027776,0.2315982977008889,0.07562136435748282,0.21417239555790588,-0.027905102724649015,0.0064717584548361915,-0.0854048618238945,0.14026516917292717,-0.0991916597416333,0.029538415048727052
v5-20261009T121014Z-d833d0,proc44_muni_share,-0.3738258920702072,-0.37342298103799954,0.31716652816599933,0.2938480521769787,-0.26927047921230896,-0.08106066329228677,-0.053561985344111204,0.06358439727027776,1.0,0.45672483694694166,-0.32854876482586687,0.027272040492558738,-0.16254470486000427,-0.2800483493238649,-0.2051630800405322,-0.2432605986015218,0.1620457807660346,0.0843846793080003
v5-20261009T121014Z-d833d0,supplier_hhi,-0.5432499811135454,-0.44690388053687896,0.17262219536148674,0.40021656467981165,-0.2642844551887386,-0.13031653697967818,-0.16375815265291732,0.2315982977008889,0.45672483694694166,1.0,-0.35242124348417314,0.0876079675656619,-0.20775197867836617,-0.39925965097831834,-0.28522856389136103,-0.3753918988978142,-0.06343330563319986,-0.060562564528720005
v5-20261009T121014Z-d833d0,procgeo_ilr1,0.38097756289189394,0.2950567852736018,-0.26534209664828384,-0.3134396011180781,0.23315957795069375,-0.0045579310518496135,-0.17257183148246077,0.07562136435748282,-0.32854876482586687,-0.35242124348417314,1.0,0.22107224698446273,0.340930844389507,0.3672785877968321,0.2360408036017515,0.3223328842753084,-0.02873259298431165,0.08715469265442824
v5-20261009T121014Z-d833d0,procgeo_ilr2,-0.2063156304298557,-0.21825186975900884,0.05597945153735741,0.01679635365515852,0.10991916597416333,0.1279997985444839,-0.015285437284379644,0.21417239555790588,0.027272040492558738,0.0876079675656619,0.22107224698446273,1.0,-0.03679544682374748,-0.1069980609906575,-0.2586072312615007,-0.03172964329585067,-0.08247085190501373,-0.19171010551232656
v5-20261009T121014Z-d833d0,proc223_pc_log,0.5205006841248386,0.45204755307285666,-0.34579157076663447,-0.4056565790486658,0.3708507559751415,0.12126630832056409,-0.018662167074878087,-0.027905102724649015,-0.16254470486000427,-0.20775197867836617,0.340930844389507,-0.03679544682374748,1.0,0.40026696534552964,0.34007556685851553,0.401203866021281,-0.07265904454928918,0.13479071279992919
v5-20261009T121014Z-d833d0,pop_growth,0.6363727934325502,0.5089521794968649,-0.23300848631361587,-0.650071768527612,0.4652866963813553,0.17775931102213494,-0.003298834076200549,0.0064717584548361915,-0.2800483493238649,-0.39925965097831834,0.3672785877968321,-0.1069980609906575,0.40026696534552964,1.0,0.7684422704538028,0.8780045580580392,0.11858175316662889,0.3851577648510488
v5-20261009T121014Z-d833d0,natinc_rate,0.6389119831166488,0.5598035575817467,-0.08913235210697808,-0.6845233675941105,0.35884649698226156,0.03878604754019391,0.08452336074343555,-0.0854048618238945,-0.2051630800405322,-0.28522856389136103,0.2360408036017515,-0.2586072312615007,0.34007556685851553,0.7684422704538028,1.0,0.4283141750472026,0.36670444947092423,0.702682289851565
v5-20261009T121014Z-d833d0,migr_rate,0.5556213092695629,0.39594062027036514,-0.3161380491556423,-0.5042243235816015,0.4233640976903504,0.24318505183176978,-0.06826909759924696,0.14026516917292717,-0.2432605986015218,-0.3753918988978142,0.3223328842753084,-0.03172964329585067,0.401203866021281,0.8780045580580392,0.4283141750472026,1.0,-0.13487616626394935,0.07723398094315397
v5-20261009T121014Z-d833d0,age_ilr1,0.04489939815164564,0.2604064365037395,0.1861197149404447,-0.0055148447533429025,-0.09737856009669865,-0.4421696759084385,-0.0277253154037924,-0.0991916597416333,0.1620457807660346,-0.06343330563319986,-0.02873259298431165,-0.08247085190501373,-0.07265904454928918,0.11858175316662889,0.36670444947092423,-0.13487616626394935,1.0,0.694543073707537
v5-20261009T121014Z-d833d0,age_ilr2,0.3711062426028053,0.4785827604442094,0.1013573065397497,-0.43330563319986903,0.0975800156128025,-0.21392057616277604,0.06811714638261439,0.029538415048727052,0.0843846793080003,-0.060562564528720005,0.08715469265442824,-0.19171010551232656,0.13479071279992919,0.3851577648510488,0.702682289851565,0.07723398094315397,0.694543073707537,1.0
