run_id,matrix,role,n,edges,density,components,largest_component,isolates,degree_min,degree_median,degree_max,weighted_degree_cv,symmetric,laplacian_eigs,eigengap_k
v5-20261009T121014Z-d833d0,W_exact[C1_v4features_v4graph],расчётная W (кластеризация и сетевые ICVI),62,1054,0.5573770491803278,1,62,0,19,34.0,61,0.33556479063271905,True,-0.0;0.37778;0.5338;0.6184;0.69217;0.71585;0.7459;0.76927;0.80597;0.82344,2.0
v5-20261009T121014Z-d833d0,W_display[C1_v4features_v4graph],визуальная проекция (union-kNN k=4); ICVI по ней не считаются,62,170,0.0898995240613432,1,62,0,4,5.0,14,0.5545188885396716,True,0.0;0.08012;0.13474;0.21152;0.28059;0.3368;0.37412;0.44741;0.51079;0.52365,3.0
v5-20261009T121014Z-d833d0,W_exact[C2_v5features_v4graph],расчётная W (кластеризация и сетевые ICVI),62,1045,0.5526176626123744,1,62,0,16,33.0,61,0.2921514295773875,True,-0.0;0.34126;0.47533;0.62954;0.69743;0.72627;0.75468;0.7766;0.81185;0.8362,3.0
v5-20261009T121014Z-d833d0,W_display[C2_v5features_v4graph],визуальная проекция (union-kNN k=4); ICVI по ней не считаются,62,167,0.08831306187202538,1,62,0,4,5.0,9,0.40955649833874025,True,-0.0;0.05352;0.15463;0.24752;0.32163;0.37757;0.40097;0.43129;0.45998;0.51823,2.0
v5-20261009T121014Z-d833d0,W_exact[C3_v4features_v5graph],расчётная W (кластеризация и сетевые ICVI),62,1090,0.5764145954521417,1,62,0,28,34.0,61,0.3043868232013237,True,-0.0;0.4413;0.59513;0.68226;0.74191;0.75709;0.79991;0.81457;0.85558;0.85753,2.0
v5-20261009T121014Z-d833d0,W_display[C3_v4features_v5graph],визуальная проекция (union-kNN k=4); ICVI по ней не считаются,62,161,0.08514013749338974,1,62,0,4,5.0,13,0.4885755480881467,True,-0.0;0.05112;0.15347;0.16862;0.22946;0.2924;0.33488;0.3793;0.46181;0.50078,2.0
v5-20261009T121014Z-d833d0,W_exact[C4_v5features_v5graph],расчётная W (кластеризация и сетевые ICVI),62,1082,0.5721840296139609,1,62,0,28,34.0,61,0.31341772381713856,True,-0.0;0.41854;0.56368;0.69894;0.73823;0.7839;0.79112;0.81918;0.84423;0.85879,2.0
v5-20261009T121014Z-d833d0,W_display[C4_v5features_v5graph],визуальная проекция (union-kNN k=4); ICVI по ней не считаются,62,164,0.08672659968270756,1,62,0,4,5.0,11,0.41981609007907417,True,0.0;0.06095;0.15733;0.23465;0.26323;0.34208;0.39363;0.39756;0.43833;0.46956,2.0
v5-20261009T121014Z-d833d0,layer_v5[comovement] (полная),структурный слой v5 до kNN,62,843,0.44579587519830777,1,62,0,22,27.0,34,0.4170682116059591,True,-0.0;0.14725;0.56508;0.60096;0.61236;0.67848;0.75114;0.77724;0.80757;0.82132,2.0
v5-20261009T121014Z-d833d0,layer_v5[lead_lag] (полная),структурный слой v5 до kNN,62,1885,0.9968270756213644,1,62,0,59,61.0,61,0.08777294589164274,True,-0.0;0.87889;0.90252;0.92019;0.93135;0.93765;0.94028;0.95187;0.95808;0.9637,2.0
v5-20261009T121014Z-d833d0,layer_v5[dtw] (полная),структурный слой v5 до kNN,62,1891,1.0,1,62,0,61,61.0,61,0.07973625957655978,True,0.0;0.40094;0.90511;0.91731;0.96374;0.98019;0.99571;0.99914;1.00804;1.01236,2.0
v5-20261009T121014Z-d833d0,layer_v5[procurement_flow] (полная),структурный слой v5 до kNN,62,633,0.3347435219460603,1,62,0,7,16.0,61,0.661225728132639,True,0.0;0.51727;0.5398;0.58342;0.61458;0.71876;0.72859;0.76417;0.77931;0.79646,5.0
v5-20261009T121014Z-d833d0,layer_v4[comovement],"структурный слой v4 (архив, после kNN)",62,312,0.16499206768905342,2,61,1,0,10.0,17,0.6086208126482271,True,,
v5-20261009T121014Z-d833d0,layer_v4[lead_lag],"структурный слой v4 (архив, после kNN)",62,306,0.16181914331041777,2,61,1,0,9.0,18,0.3185583253203343,True,,
v5-20261009T121014Z-d833d0,layer_v4[dtw],"структурный слой v4 (архив, после kNN)",62,348,0.18402961396086726,2,61,1,0,11.0,19,0.3564620596794946,True,,
v5-20261009T121014Z-d833d0,layer_v4[procurement_flow],"структурный слой v4 (архив, после kNN)",62,332,0.17556848228450556,1,62,0,7,9.0,61,0.8150915541052697,True,-0.0;0.39612;0.42703;0.43887;0.51054;0.59082;0.61328;0.63012;0.6682;0.68191,5.0
v5-20261009T121014Z-d833d0,attr_rule[cosine_union_kNN (v4)],сравнение правил ребра (атрибуты v5),62,313,0.165520888418826,1,62,0,8,10.0,15,0.22224851978204557,True,-0.0;0.08934;0.26252;0.39528;0.50549;0.5441;0.57535;0.60755;0.65532;0.68884,2.0
v5-20261009T121014Z-d833d0,attr_rule[self_tuning_union_kNN],сравнение правил ребра (атрибуты v5),62,367,0.1940772078265468,1,62,0,8,10.5,31,0.38726443874736527,True,0.0;0.12213;0.31208;0.43913;0.52607;0.54046;0.5866;0.60734;0.62534;0.68313,2.0
v5-20261009T121014Z-d833d0,attr_rule[self_tuning_mutual_kNN],сравнение правил ребра (атрибуты v5),62,129,0.06821787414066631,4,59,3,0,4.0,8,0.5274387934415586,True,,
v5-20261009T121014Z-d833d0,attr_rule[self_tuning_threshold (равное число рёбер)],сравнение правил ребра (атрибуты v5),62,367,0.1940772078265468,1,62,0,1,12.0,24,0.4168583622290194,True,-0.0;0.14404;0.30282;0.34534;0.49473;0.52384;0.57817;0.60903;0.61954;0.64416,2.0
