run_id,mo,macro,macro_name,detailed,detailed_name,v4_published
v5-20261009T142841Z-d833d0,ГО Агидель,0,Тип 1: отставание роста трат; сильная естественная убыль,0,Тип 1: отставание роста трат; сильная естественная убыль,0
v5-20261009T142841Z-d833d0,ГО Кумертау,1,Тип 2: высокие безналичные траты на жителя; выше доля общепита,1,Тип 2: высокие безналичные траты на жителя; меньший миграционный отток,6
v5-20261009T142841Z-d833d0,ГО Нефтекамск,1,Тип 2: высокие безналичные траты на жителя; выше доля общепита,1,Тип 2: высокие безналичные траты на жителя; меньший миграционный отток,6
v5-20261009T142841Z-d833d0,ГО Октябрьский,1,Тип 2: высокие безналичные траты на жителя; выше доля общепита,1,Тип 2: высокие безналичные траты на жителя; меньший миграционный отток,6
v5-20261009T142841Z-d833d0,ГО Салават,1,Тип 2: высокие безналичные траты на жителя; выше доля общепита,1,Тип 2: высокие безналичные траты на жителя; меньший миграционный отток,6
v5-20261009T142841Z-d833d0,ГО Сибай,2,Тип 3: молодое население; много детей,2,Тип 3: опережающий рост трат; высокие безналичные траты на жителя,6
v5-20261009T142841Z-d833d0,ГО Стерлитамак,1,Тип 2: высокие безналичные траты на жителя; выше доля общепита,1,Тип 2: высокие безналичные траты на жителя; меньший миграционный отток,6
v5-20261009T142841Z-d833d0,ГО Уфа,1,Тип 2: высокие безналичные траты на жителя; выше доля общепита,1,Тип 2: высокие безналичные траты на жителя; меньший миграционный отток,6
v5-20261009T142841Z-d833d0,МР Абзелиловский,2,Тип 3: молодое население; много детей,3,Тип 4: молодое население; много детей,3
v5-20261009T142841Z-d833d0,МР Альшеевский,0,Тип 1: отставание роста трат; сильная естественная убыль,0,Тип 1: отставание роста трат; сильная естественная убыль,0
v5-20261009T142841Z-d833d0,МР Архангельский,0,Тип 1: отставание роста трат; сильная естественная убыль,0,Тип 1: отставание роста трат; сильная естественная убыль,4
v5-20261009T142841Z-d833d0,МР Аскинский,2,Тип 3: молодое население; много детей,4,Тип 5: поставщики внутри РБ; выше доля транспорта в тратах,1
v5-20261009T142841Z-d833d0,МР Аургазинский,0,Тип 1: отставание роста трат; сильная естественная убыль,0,Тип 1: отставание роста трат; сильная естественная убыль,5
v5-20261009T142841Z-d833d0,МР Баймакский,2,Тип 3: молодое население; много детей,3,Тип 4: молодое население; много детей,3
v5-20261009T142841Z-d833d0,МР Бакалинский,0,Тип 1: отставание роста трат; сильная естественная убыль,0,Тип 1: отставание роста трат; сильная естественная убыль,3
v5-20261009T142841Z-d833d0,МР Балтачевский,0,Тип 1: отставание роста трат; сильная естественная убыль,4,Тип 5: поставщики внутри РБ; выше доля транспорта в тратах,1
v5-20261009T142841Z-d833d0,МР Белебеевский,1,Тип 2: высокие безналичные траты на жителя; выше доля общепита,1,Тип 2: высокие безналичные траты на жителя; меньший миграционный отток,0
v5-20261009T142841Z-d833d0,МР Белокатайский,2,Тип 3: молодое население; много детей,3,Тип 4: молодое население; много детей,3
v5-20261009T142841Z-d833d0,МР Белорецкий,1,Тип 2: высокие безналичные траты на жителя; выше доля общепита,2,Тип 3: опережающий рост трат; высокие безналичные траты на жителя,2
v5-20261009T142841Z-d833d0,МР Бижбулякский,0,Тип 1: отставание роста трат; сильная естественная убыль,0,Тип 1: отставание роста трат; сильная естественная убыль,5
v5-20261009T142841Z-d833d0,МР Бирский,1,Тип 2: высокие безналичные траты на жителя; выше доля общепита,2,Тип 3: опережающий рост трат; высокие безналичные траты на жителя,6
v5-20261009T142841Z-d833d0,МР Благоварский,0,Тип 1: отставание роста трат; сильная естественная убыль,2,Тип 3: опережающий рост трат; высокие безналичные траты на жителя,5
v5-20261009T142841Z-d833d0,МР Благовещенский,1,Тип 2: высокие безналичные траты на жителя; выше доля общепита,2,Тип 3: опережающий рост трат; высокие безналичные траты на жителя,0
v5-20261009T142841Z-d833d0,МР Буздякский,0,Тип 1: отставание роста трат; сильная естественная убыль,0,Тип 1: отставание роста трат; сильная естественная убыль,5
v5-20261009T142841Z-d833d0,МР Бураевский,0,Тип 1: отставание роста трат; сильная естественная убыль,0,Тип 1: отставание роста трат; сильная естественная убыль,2
v5-20261009T142841Z-d833d0,МР Бурзянский,2,Тип 3: молодое население; много детей,3,Тип 4: молодое население; много детей,2
v5-20261009T142841Z-d833d0,МР Гафурийский,0,Тип 1: отставание роста трат; сильная естественная убыль,4,Тип 5: поставщики внутри РБ; выше доля транспорта в тратах,3
v5-20261009T142841Z-d833d0,МР Давлекановский,0,Тип 1: отставание роста трат; сильная естественная убыль,0,Тип 1: отставание роста трат; сильная естественная убыль,4
v5-20261009T142841Z-d833d0,МР Дуванский,2,Тип 3: молодое население; много детей,3,Тип 4: молодое население; много детей,3
v5-20261009T142841Z-d833d0,МР Дюртюлинский,1,Тип 2: высокие безналичные траты на жителя; выше доля общепита,2,Тип 3: опережающий рост трат; высокие безналичные траты на жителя,0
v5-20261009T142841Z-d833d0,МР Ермекеевский,0,Тип 1: отставание роста трат; сильная естественная убыль,0,Тип 1: отставание роста трат; сильная естественная убыль,5
v5-20261009T142841Z-d833d0,МР Зианчуринский,2,Тип 3: молодое население; много детей,3,Тип 4: молодое население; много детей,2
v5-20261009T142841Z-d833d0,МР Зилаирский,2,Тип 3: молодое население; много детей,3,Тип 4: молодое население; много детей,2
v5-20261009T142841Z-d833d0,МР Иглинский,1,Тип 2: высокие безналичные траты на жителя; выше доля общепита,2,Тип 3: опережающий рост трат; высокие безналичные траты на жителя,4
v5-20261009T142841Z-d833d0,МР Илишевский,0,Тип 1: отставание роста трат; сильная естественная убыль,4,Тип 5: поставщики внутри РБ; выше доля транспорта в тратах,5
v5-20261009T142841Z-d833d0,МР Ишимбайский,1,Тип 2: высокие безналичные траты на жителя; выше доля общепита,1,Тип 2: высокие безналичные траты на жителя; меньший миграционный отток,6
v5-20261009T142841Z-d833d0,МР Калтасинский,0,Тип 1: отставание роста трат; сильная естественная убыль,0,Тип 1: отставание роста трат; сильная естественная убыль,1
v5-20261009T142841Z-d833d0,МР Караидельский,0,Тип 1: отставание роста трат; сильная естественная убыль,4,Тип 5: поставщики внутри РБ; выше доля транспорта в тратах,1
v5-20261009T142841Z-d833d0,МР Кармаскалинский,0,Тип 1: отставание роста трат; сильная естественная убыль,2,Тип 3: опережающий рост трат; высокие безналичные траты на жителя,4
v5-20261009T142841Z-d833d0,МР Кигинский,2,Тип 3: молодое население; много детей,4,Тип 5: поставщики внутри РБ; выше доля транспорта в тратах,3
v5-20261009T142841Z-d833d0,МР Краснокамский,0,Тип 1: отставание роста трат; сильная естественная убыль,2,Тип 3: опережающий рост трат; высокие безналичные траты на жителя,0
v5-20261009T142841Z-d833d0,МР Кугарчинский,2,Тип 3: молодое население; много детей,4,Тип 5: поставщики внутри РБ; выше доля транспорта в тратах,3
v5-20261009T142841Z-d833d0,МР Кушнаренковский,0,Тип 1: отставание роста трат; сильная естественная убыль,0,Тип 1: отставание роста трат; сильная естественная убыль,5
v5-20261009T142841Z-d833d0,МР Куюргазинский,0,Тип 1: отставание роста трат; сильная естественная убыль,0,Тип 1: отставание роста трат; сильная естественная убыль,4
v5-20261009T142841Z-d833d0,МР Мелеузовский,1,Тип 2: высокие безналичные траты на жителя; выше доля общепита,1,Тип 2: высокие безналичные траты на жителя; меньший миграционный отток,6
v5-20261009T142841Z-d833d0,МР Мечетлинский,2,Тип 3: молодое население; много детей,3,Тип 4: молодое население; много детей,3
v5-20261009T142841Z-d833d0,МР Мишкинский,0,Тип 1: отставание роста трат; сильная естественная убыль,0,Тип 1: отставание роста трат; сильная естественная убыль,1
v5-20261009T142841Z-d833d0,МР Миякинский,0,Тип 1: отставание роста трат; сильная естественная убыль,0,Тип 1: отставание роста трат; сильная естественная убыль,5
v5-20261009T142841Z-d833d0,МР Нуримановский,0,Тип 1: отставание роста трат; сильная естественная убыль,0,Тип 1: отставание роста трат; сильная естественная убыль,4
v5-20261009T142841Z-d833d0,МР Салаватский,2,Тип 3: молодое население; много детей,3,Тип 4: молодое население; много детей,3
v5-20261009T142841Z-d833d0,МР Стерлибашевский,0,Тип 1: отставание роста трат; сильная естественная убыль,0,Тип 1: отставание роста трат; сильная естественная убыль,5
v5-20261009T142841Z-d833d0,МР Стерлитамакский,1,Тип 2: высокие безналичные траты на жителя; выше доля общепита,1,Тип 2: высокие безналичные траты на жителя; меньший миграционный отток,6
v5-20261009T142841Z-d833d0,МР Татышлинский,2,Тип 3: молодое население; много детей,4,Тип 5: поставщики внутри РБ; выше доля транспорта в тратах,1
v5-20261009T142841Z-d833d0,МР Туймазинский,1,Тип 2: высокие безналичные траты на жителя; выше доля общепита,1,Тип 2: высокие безналичные траты на жителя; меньший миграционный отток,6
v5-20261009T142841Z-d833d0,МР Уфимский,1,Тип 2: высокие безналичные траты на жителя; выше доля общепита,2,Тип 3: опережающий рост трат; высокие безналичные траты на жителя,6
v5-20261009T142841Z-d833d0,МР Учалинский,1,Тип 2: высокие безналичные траты на жителя; выше доля общепита,1,Тип 2: высокие безналичные траты на жителя; меньший миграционный отток,6
v5-20261009T142841Z-d833d0,МР Федоровский,0,Тип 1: отставание роста трат; сильная естественная убыль,0,Тип 1: отставание роста трат; сильная естественная убыль,5
v5-20261009T142841Z-d833d0,МР Хайбуллинский,2,Тип 3: молодое население; много детей,3,Тип 4: молодое население; много детей,2
v5-20261009T142841Z-d833d0,МР Чекмагушевский,0,Тип 1: отставание роста трат; сильная естественная убыль,0,Тип 1: отставание роста трат; сильная естественная убыль,5
v5-20261009T142841Z-d833d0,МР Чишминский,1,Тип 2: высокие безналичные траты на жителя; выше доля общепита,2,Тип 3: опережающий рост трат; высокие безналичные траты на жителя,4
v5-20261009T142841Z-d833d0,МР Шаранский,0,Тип 1: отставание роста трат; сильная естественная убыль,0,Тип 1: отставание роста трат; сильная естественная убыль,1
v5-20261009T142841Z-d833d0,МР Янаульский,1,Тип 2: высокие безналичные траты на жителя; выше доля общепита,4,Тип 5: поставщики внутри РБ; выше доля транспорта в тратах,0
