run_id,section,pci,ubiquity
v5-20261009T142841Z-d833d0,A,-1.4130596697307591,51.0
v5-20261009T142841Z-d833d0,B,-0.7486161040398429,17.0
v5-20261009T142841Z-d833d0,C,-0.6970243537065157,37.0
v5-20261009T142841Z-d833d0,D,-1.440282810737356,31.0
v5-20261009T142841Z-d833d0,E,-0.9788079029302731,34.0
v5-20261009T142841Z-d833d0,F,0.13321514153852163,14.0
v5-20261009T142841Z-d833d0,G,-0.8777773463446071,37.0
v5-20261009T142841Z-d833d0,H,-1.3539030122216202,35.0
v5-20261009T142841Z-d833d0,I,-0.38708333067560685,30.0
v5-20261009T142841Z-d833d0,J,1.0502676054792333,9.0
v5-20261009T142841Z-d833d0,K,0.5790358778454475,13.0
v5-20261009T142841Z-d833d0,L,2.5282830283725626,4.0
v5-20261009T142841Z-d833d0,M,0.9514463045396654,4.0
v5-20261009T142841Z-d833d0,N,0.7742552013494776,16.0
v5-20261009T142841Z-d833d0,O,0.8160783680694146,7.0
v5-20261009T142841Z-d833d0,P,0.696691805846264,17.0
v5-20261009T142841Z-d833d0,Q,0.08712197042267159,22.0
v5-20261009T142841Z-d833d0,R,0.7398387652702592,14.0
v5-20261009T142841Z-d833d0,S,-0.17443603354926085,27.0
v5-20261009T142841Z-d833d0,T,-0.28524350479767624,6.0
