run_id,mo_id,A,B,C,D,E,F,G,H,I,J,K,L,M,N,O,P,Q,R,S,T
v5-20261009T142841Z-d833d0,0,0.42748091603053445,0.3840004476513119,0.3390401602768417,0.418526031431078,0.4493988835825612,0.4022159923954543,0.4505054184500502,0.3208264388891373,0.4098062271199998,0.3689879202244489,0.40676593867925015,0.3975402257126689,0.29423581411743704,0.39207957271157806,0.341482235786249,0.42895045608114685,0.38334339261770445,0.46963584323658375,0.37680458620964774,0.3476507362756773
v5-20261009T142841Z-d833d0,1,0.6068702290076337,0.5150679063853928,0.5155268190510881,0.5990039056512979,0.5995758267564231,0.4498853331782164,0.5155268190510883,0.4847368185680426,0.49987352978373606,0.4179499346455628,0.5506334812594068,0.43854373884150205,0.36389795624097554,0.5433845945231841,0.4582133233616058,0.5640250775537382,0.5014259021699483,0.48536599840879446,0.5129849079090949,0.4793126355328186
v5-20261009T142841Z-d833d0,2,0.47709923664122145,0.4626183795942836,0.5015936617794371,0.5064199721004056,0.48644252956544715,0.44136591825700905,0.41335033239231406,0.36081570591655115,0.42331632251956025,0.421120107965408,0.4590144669351708,0.35678329396031555,0.3685584038355884,0.4315448750506284,0.544843490931063,0.4716295174040177,0.5123594678692301,0.5256481722559291,0.44233986567770195,0.6322759531165858
v5-20261009T142841Z-d833d0,3,0.6297709923664122,0.5685542170881145,0.5712594481376922,0.5993279574470364,0.5649513576540522,0.5332795172012097,0.5991257626809946,0.5803765484548993,0.5942940854095528,0.5720650663315274,0.6319034525953563,0.4498570292674972,0.3289993713127205,0.5868849867047633,0.5103491788342032,0.6008577721006269,0.6275984292959286,0.5696644049986082,0.6313361027820318,0.7138373614553697
v5-20261009T142841Z-d833d0,4,0.5343511450381679,0.3832978693752769,0.42263910390674797,0.49006849365057975,0.44852847027926773,0.38027138469178623,0.4365722611783991,0.4678592191762444,0.41656127481978,0.3459405657270636,0.41671178613212106,0.25962581019683306,0.20182339193858648,0.3368604896738025,0.35701225589030483,0.4353966830966829,0.4347317089031596,0.4110158150034271,0.5044493764440933,0.44599221915092746
v5-20261009T142841Z-d833d0,5,0.6793893129770993,0.6425471370325909,0.6362808487387303,0.6443171484220478,0.639038649619824,0.655419922108732,0.6502140060103817,0.6535128124860248,0.6442814383879264,0.6961914919623167,0.7531612793568391,0.5948968907530375,0.659862870688504,0.719431572751521,0.6316809992250209,0.6840283726903753,0.7308857307955273,0.721593682711498,0.6947794659510013,0.5912641607397775
v5-20261009T142841Z-d833d0,6,0.6221374045801527,0.4797627131547426,0.5294599763227391,0.5864739028827474,0.5596594082279256,0.429357534034095,0.5341043620799565,0.5691248155270338,0.5387525821002488,0.4437307318354,0.5077599043083197,0.3703649665826416,0.3609213296029927,0.5238013174097823,0.46749163903855073,0.5058056571409143,0.5673475034211627,0.5293361187821719,0.5425153943454748,0.5331487080039807
v5-20261009T142841Z-d833d0,7,0.5572519083969466,0.5078800227336437,0.5108824332938711,0.5222036300613023,0.5014479645405334,0.5715980756035696,0.5155268190510883,0.5353696167434372,0.583185784747692,0.5419754505903818,0.6200870141536196,0.5134520734932505,0.5834627869802781,0.5822068719031129,0.49719228208950667,0.6099669331175993,0.5862835086960891,0.5560205600589017,0.5450531288722336,0.46676824315021526
v5-20261009T142841Z-d833d0,8,0.28244274809160314,0.4944072378108206,0.36690647482014377,0.3149243368250807,0.37043645982885953,0.6141311000764594,0.34832893179127594,0.3431778542998971,0.4332237258125712,0.6694870529621566,0.6108203528383274,0.8593975203771833,0.7977305285829944,0.589210492373142,0.6031272479888015,0.5605914507283042,0.47340013187316027,0.6049039818457792,0.4631365511334761,0.5765449835897227
v5-20261009T142841Z-d833d0,9,0.39312977099236646,0.32933555338850784,0.4101630088334395,0.41352609711725286,0.41917279406756797,0.2457045120137499,0.4055186230762227,0.4083717186172353,0.30017705830276975,0.264408158393013,0.2853456864175959,0.1931363574288786,0.24455434060293632,0.26610879967974177,0.2541363617203206,0.2593364088127961,0.3018219146793457,0.29562496876262956,0.32806014478982776,0.27980699110011814
v5-20261009T142841Z-d833d0,10,0.2519083969465649,0.22162069885660693,0.31727529368909924,0.35620396189812614,0.30475226593510174,0.1543283638357596,0.20116564975867413,0.25723357631590715,0.25963224511978783,0.1461650848047892,0.20076834662345477,0.14298762815132526,0.14918377675202996,0.18912822128295745,0.14137083116616106,0.1608179026075135,0.20594422386709846,0.1917819294788285,0.23887326803227804,0.19570572902101255
v5-20261009T142841Z-d833d0,11,0.40076335877862596,0.3474346343030891,0.3683635370184864,0.4742989460531611,0.4077184819120214,0.2807693510701175,0.47982879519169486,0.464782433701534,0.351651006007905,0.2799010267338705,0.3052218473263856,0.16585575268931435,0.17636451883556895,0.3060051105834747,0.22692301310406537,0.33873895808697524,0.3287668925660647,0.3053345904088496,0.4135004407215819,0.3063056473850639
v5-20261009T142841Z-d833d0,12,0.5381679389312979,0.41892105542178437,0.46589563792004357,0.511024816236844,0.4582187992927721,0.28149151400514316,0.5680721245788181,0.5379186977326595,0.4878172721855535,0.273356715561199,0.3657550265932576,0.21759197472456102,0.24401503187273121,0.3317826236589379,0.2480980123755561,0.3280969565390326,0.4085173585745959,0.331887963696732,0.3816501182163859,0.32981350811584287
v5-20261009T142841Z-d833d0,13,0.3282442748091604,0.24941803905196433,0.27083143611692917,0.39533832515824296,0.2782925188044689,0.1968541963870273,0.3637191512612695,0.30163230624748444,0.30166365302953135,0.1349532884839018,0.17241950755837387,0.06540154307723091,0.12033693172756316,0.15698294430847273,0.09516922648489577,0.1840992483324431,0.23064395614144598,0.15859419854440707,0.2780941770438101,0.1884955407436248
v5-20261009T142841Z-d833d0,14,0.47709923664122145,0.34422555720127274,0.4148073945906565,0.46347824352249173,0.5155598296768709,0.2923913849320693,0.4240961661050907,0.544304816421448,0.3890434635976561,0.2636304411968687,0.25007132298015206,0.12359101208064494,0.16992031208146727,0.3063333620862096,0.3455973015136938,0.31078015481464055,0.37282030300744823,0.3018663877389428,0.4279381250929766,0.3608599004021404
v5-20261009T142841Z-d833d0,15,0.5496183206106872,0.43537995192318385,0.5820052818504688,0.5490147803624612,0.5905175349459362,0.4346813125867084,0.47982879519169486,0.5103975671928804,0.4902190669232531,0.37786785172143855,0.4057449599685405,0.23932732935883788,0.2450871870702481,0.41434662776464604,0.36887357047497593,0.4294434953822815,0.3958040538816832,0.3333273202343786,0.5238772278681061,0.38310578187517497
v5-20261009T142841Z-d833d0,16,0.40076335877862596,0.40077733696856865,0.4705400236772606,0.41352609711725286,0.49855203545946647,0.42711720902070194,0.493761952463346,0.3971199856893699,0.4612474178997514,0.3149303883186284,0.3590325276302896,0.26767454328402895,0.24708457512037027,0.32523270564501244,0.32940971334061914,0.40042239106381383,0.35869368809764324,0.403855922735325,0.3940412424855559,0.3112617409193249
v5-20261009T142841Z-d833d0,17,0.66793893129771,0.6092588936660642,0.6920134778253345,0.6527293578762833,0.6134493157924846,0.6549483375337994,0.5991257626809946,0.5239658333706007,0.6343740350949154,0.5766025169551866,0.6638300992230528,0.5498656134969017,0.4630313591689694,0.6280772461943384,0.6119879029606599,0.6698347798484182,0.6764040055450632,0.6397982445482341,0.657487506071295,0.5693506736048379
v5-20261009T142841Z-d833d0,18,0.44274809160305345,0.3564730048257524,0.41480739459065646,0.41848905254748026,0.5208517791029974,0.27750700262336037,0.4380293233767417,0.5161754841017844,0.46680156823068175,0.22627235366200238,0.3046893930489029,0.14667204119552085,0.13526315748838774,0.3172585094890229,0.242779439492167,0.3211694789960535,0.3264047749261471,0.3018477313412043,0.3924098417183538,0.32592083316706805
v5-20261009T142841Z-d833d0,19,0.5992366412213741,0.49988473693631974,0.5820052818504688,0.6241539255761043,0.6637344136084146,0.5339256512505163,0.6005828248793372,0.6849514780197665,0.5889928755111504,0.4782479824495554,0.5272053375384174,0.3637737837931176,0.32872294948416875,0.48618613709241626,0.4882149582399095,0.583174873148261,0.6259379492749831,0.48833144108008686,0.5548248514309152,0.7359565933327259
v5-20261009T142841Z-d833d0,20,0.33206106870229013,0.2612620670395894,0.3451416082324013,0.30918141888949496,0.2551223618576445,0.183436854609915,0.3451416082324015,0.3183578551943115,0.3057312086337001,0.12425437003371655,0.17221261979627742,0.046448695902239524,0.1256310192092414,0.13597215156110687,0.11121281215122014,0.15557118331511005,0.20076237850620904,0.1354140559116645,0.2665947217667145,0.14810088523316806
v5-20261009T142841Z-d833d0,21,0.45419847328244284,0.4235014298816451,0.5587833530643839,0.5364847775939107,0.48709772330392,0.30503489462296335,0.47982879519169486,0.5160234336568134,0.4540275067023518,0.3568234744780128,0.42382307404732966,0.20695417300676183,0.1814298494507549,0.4166440085284101,0.3266493569317916,0.3680443148513311,0.4457965402361555,0.4069070463443234,0.46254044576570413,0.3698621218301858
v5-20261009T142841Z-d833d0,22,0.45419847328244284,0.3701316497903273,0.47982879519169463,0.44618234384814925,0.4899704958495315,0.2775503409562518,0.3869410800473546,0.4316354366978221,0.3735819099737147,0.2676070042359781,0.2873667538414372,0.1260420270409402,0.18594122919864126,0.285150757553781,0.2712339950316441,0.22529747575289913,0.34416040313188395,0.315697024371439,0.42871218311465203,0.3162476723939429
v5-20261009T142841Z-d833d0,23,0.5496183206106872,0.4509528291525868,0.5076951097349967,0.6331383345975896,0.5428899901107971,0.41315637625749174,0.6191603679082052,0.5154152318769286,0.4849506139502346,0.4051795785935292,0.37580496183555545,0.26518498370593924,0.29332897385922047,0.4499610408818588,0.3173545680106307,0.3998587481692349,0.5336837981337869,0.4631544752528694,0.4785752046577533,0.37654793277830906
v5-20261009T142841Z-d833d0,24,0.43893129770992373,0.30205816344140884,0.4473180948911756,0.40610793844183646,0.3523798107702408,0.22965214295330183,0.3451416082324015,0.4035061043781583,0.3957985112974363,0.15440586748423862,0.21710726417120593,0.0674322052745514,0.13930741187024362,0.19328959417592106,0.1564265535744978,0.2047028508449614,0.2775299674586134,0.18140345889502577,0.354558087457745,0.22539930009885686
v5-20261009T142841Z-d833d0,25,0.10687022900763361,0.1049232936870325,0.196521264001457,0.21021862791798676,0.1960405048669589,0.0845338467457468,0.09434477734268285,0.2009749116765798,0.16521168949397103,0.04655745929860025,0.08211821506114374,0.020983509372311884,0.033520570247554365,0.08377950613930059,0.06489501710164564,0.08477621063974354,0.1250358376924129,0.07935426397129,0.14842115882851886,0.1221618085916572
v5-20261009T142841Z-d833d0,26,0.28625954198473286,0.36357854410915674,0.3126309079318822,0.38583280581658386,0.4024265324858949,0.35380632734312223,0.41945178034787367,0.39727203613434103,0.323880254353253,0.340291478828866,0.39734791872947495,0.26889125589369806,0.1913684566779986,0.3001413578706623,0.35755109039466165,0.3306379255619998,0.39711878326432853,0.3494814199688718,0.40771589878558756,0.3947670103792268
v5-20261009T142841Z-d833d0,27,0.5114503816793894,0.39629464901405254,0.47982879519169463,0.5084674344975033,0.56318737451201,0.34994525142132815,0.4984063382205629,0.58931174813291,0.4612474178997513,0.29835205357375366,0.37721492801253204,0.18986082704429005,0.1652742546306475,0.3805741514187964,0.3246143541634761,0.4049521575988001,0.46239972190061857,0.31216050655565497,0.4342824614098736,0.3979790178301737
v5-20261009T142841Z-d833d0,28,0.3282442748091604,0.22362050750375495,0.2801202076313632,0.41022573175615157,0.3755499677170652,0.20714583622820168,0.2708314361169293,0.2967666920084075,0.3084187007293116,0.12408988131422842,0.1544993764003142,0.06355005695614456,0.10424705800873707,0.1689368494527388,0.12070169222980555,0.17976410119745623,0.22943975866768282,0.17330404435158514,0.2904853013129801,0.2321464103148373
v5-20261009T142841Z-d833d0,29,0.4885496183206107,0.41782789868269926,0.45660686640560966,0.5455173564769246,0.5049759308246178,0.3567499481724804,0.4844731809489118,0.5330530834935826,0.4361641583407108,0.3087905271191558,0.32219881368665265,0.2307527149335459,0.20835861388415777,0.40230684321204113,0.23882998030241273,0.39975213998679077,0.4055344815184691,0.3897531636372359,0.5268411516802001,0.31630897166180005
v5-20261009T142841Z-d833d0,30,0.633587786259542,0.47399578556424066,0.6470266824515071,0.6310538933168941,0.5799336360936831,0.43774320316611764,0.563427738821601,0.5947855641518716,0.5235439689088355,0.3881744645981367,0.3872062562001373,0.3928081211169499,0.2527669212422443,0.4189311898164623,0.3476841761770831,0.4442253794216813,0.5203188835761885,0.4135739032814641,0.49159575190271876,0.34615660154458844
v5-20261009T142841Z-d833d0,31,0.5687022900763359,0.5015190779079519,0.49376195246334564,0.5431599526475666,0.49526244527565805,0.4165568294848901,0.5959384391221201,0.5547962971244577,0.4767089715236927,0.29741011253528615,0.4134855068684665,0.26031395571115157,0.31844644716959275,0.3664143242556666,0.34015223300876907,0.4386830513972536,0.4463256115309305,0.3316628832853055,0.5123434463444627,0.3870143351164525
v5-20261009T142841Z-d833d0,32,0.3778625954198474,0.42762103569477,0.4008742373190054,0.44859083692458307,0.4235943301904011,0.3232694981870207,0.507695109734997,0.47603416662939946,0.4738423132883738,0.3085810785571775,0.40889108243837907,0.2907716354439409,0.29068903082031683,0.3897438905739576,0.3271517318364947,0.370731035668323,0.40285321623429526,0.4011857456160361,0.4096938389314437,0.37621776927469797
v5-20261009T142841Z-d833d0,33,0.37404580152671757,0.36188727736756876,0.34978599398961835,0.4675478669752782,0.44234295101439236,0.3319955407524932,0.44267370913395876,0.3635168373507446,0.3405427053460442,0.3278405256405925,0.32742909120168445,0.20719599128385607,0.20311550108860943,0.33319193517063306,0.2816727436275253,0.28786447383012925,0.35752531768948237,0.2928877640208203,0.40300296323589274,0.3202016466105749
v5-20261009T142841Z-d833d0,34,0.46183206106870234,0.41452740175701325,0.4844731809489117,0.4783174802588718,0.47938659699727837,0.2693392212986032,0.4008742373190057,0.4653906354814185,0.36802775964278434,0.2909138865439621,0.32057651917206464,0.22390629344121826,0.2709877045695792,0.3383111530270796,0.2403062761084945,0.30846807634264756,0.3441604031318839,0.3496576864484379,0.4223678467977552,0.4532412496643107
v5-20261009T142841Z-d833d0,35,0.6335877862595422,0.43872508638750424,0.5262726527638648,0.588670253942752,0.5396003999269887,0.3231830836482514,0.540205810035516,0.5780600152050445,0.47235571856161207,0.247875509580857,0.3188684580877106,0.11184730011261156,0.18352774814081735,0.30323487046433734,0.23931841285050692,0.3333550321175722,0.4198058989837362,0.3168805751835108,0.5178304399158331,0.35989854196515536
v5-20261009T142841Z-d833d0,36,0.45419847328244284,0.29957874204146573,0.4380293233767415,0.5326633019126356,0.4308886388588459,0.2934386215192305,0.4287405518623077,0.5105496176378517,0.46948906032629323,0.27352302058124744,0.28164298143269423,0.14971893942117956,0.16891387798523175,0.3341679842563849,0.3283027038297755,0.3464133416383965,0.4365844295618669,0.28387148645880456,0.3517374693338447,0.3639593337858969
v5-20261009T142841Z-d833d0,37,0.3893129770992367,0.39497553986938055,0.4798287951916947,0.4850685593367546,0.4024265324858949,0.3400194135936245,0.39622985156178864,0.4878941013371495,0.3707152517383958,0.31977306322380006,0.3967820198507993,0.3300411628928739,0.26192078481705994,0.34362751921278406,0.3184311208438813,0.3905271804268186,0.4595044228425837,0.43361014401879155,0.4498517731319102,0.36111946508475046
v5-20261009T142841Z-d833d0,38,0.4122137404580153,0.30861237500754557,0.3590747655040524,0.4788896798261214,0.3735476084747471,0.2974404121932222,0.43338493761952473,0.38602030320647557,0.4127466596481394,0.2990129069646837,0.2701313806096889,0.17957652054422205,0.2394019972468763,0.2817326723524801,0.2329381562334714,0.2316253058122993,0.3597530830159443,0.2837124272491399,0.3732592217972642,0.32308572192153
v5-20261009T142841Z-d833d0,39,0.43893129770992373,0.37965073895075185,0.4705400236772606,0.43129493725024054,0.3715452492324289,0.3325199958940967,0.4566068664056099,0.4533786503286973,0.43347666624509934,0.30193679612049185,0.38869925690104035,0.27581807027789135,0.2890797140627628,0.25363382687534103,0.32261080001797576,0.32191238449460685,0.38151515613050657,0.34197084597867433,0.3871371117877562,0.36350526002012795
v5-20261009T142841Z-d833d0,40,0.5000000000000001,0.3430197466540294,0.4473180948911756,0.461966001809046,0.44676448713722555,0.25791228525851717,0.4612512521628268,0.566808282277179,0.4834640192234729,0.2039005875055321,0.2919995394058751,0.11657136531785955,0.1420282180292578,0.2837513511300953,0.2168359397343184,0.30118693210111397,0.4043765613523147,0.26544970117255473,0.3791613747036572,0.33356800255217633
v5-20261009T142841Z-d833d0,41,0.5343511450381679,0.39312352387357496,0.48447318094891156,0.5259122228347527,0.5713520964837482,0.38338845752695927,0.49376195246334587,0.5105496176378516,0.5167889212090553,0.25502273647856144,0.3669036665791407,0.17761420148503304,0.18726231211717542,0.27143839095951794,0.33038987137147335,0.37128786688390186,0.44174226160069885,0.36368985324661013,0.4257629240700405,0.4398581947413345
v5-20261009T142841Z-d833d0,42,0.4122137404580153,0.3200278725707817,0.4426737091339586,0.3886631501045871,0.3600909370768824,0.2005710941657965,0.3637191512612696,0.4822682348732167,0.32914870732627155,0.17034308756522887,0.2464872967485401,0.06928075252877887,0.11280126037963462,0.21807752715089915,0.18351173772234705,0.23836714155985958,0.31540197800846625,0.22293079480321565,0.37576629743137185,0.2499139402419753
v5-20261009T142841Z-d833d0,43,0.16412213740458018,0.12163026649920619,0.21974319278754204,0.2849855514743627,0.22866261472701166,0.16559091309591267,0.19652126400145709,0.1608335942041948,0.1917815437797732,0.1218728594428665,0.09904128629010839,0.05676127451216131,0.12275041278538708,0.10487617829500531,0.10740353298766503,0.1235677494476262,0.14639118516462715,0.10736335625044216,0.14456556602435064,0.14484467117241226
v5-20261009T142841Z-d833d0,44,0.3816793893129772,0.2558625836922897,0.2940533649030142,0.37114245774311067,0.4000073556053799,0.25780851610368455,0.3822966942901376,0.3691427038146774,0.3489635139122935,0.18655268461898644,0.17579664602788939,0.10075895545410558,0.18275007091107406,0.1880789175745743,0.17770360836192262,0.20422116782996286,0.24957342838022442,0.19915672107610272,0.29973354047762846,0.25904684539333317
v5-20261009T142841Z-d833d0,45,0.5000000000000001,0.4770222346382805,0.4984063382205627,0.5583714110412135,0.5102678802507443,0.37856073476310936,0.5262726527638649,0.5499306828853808,0.45838075966443237,0.32771171922919895,0.42601767880367486,0.21395581921003662,0.1621350367654821,0.35410808464958377,0.4132444721142132,0.447278197466647,0.43135630689336874,0.42203813515122496,0.5585628332646847,0.4235605222879433
v5-20261009T142841Z-d833d0,46,0.5458015267175573,0.3632523080441381,0.4473180948911756,0.49226484471058446,0.44963725968283713,0.2824696153457439,0.4473180948911758,0.49929788470998615,0.47235571856161207,0.1920952392973912,0.2555883879211447,0.09890746933301924,0.16666019719224798,0.24539636018938848,0.18355479842846445,0.2592935925447962,0.3440618778840306,0.23889021262422735,0.4378918023229317,0.30269771496454567
v5-20261009T142841Z-d833d0,47,0.46183206106870234,0.33534640680793554,0.3915854658045715,0.41054978355189,0.41501279058046614,0.2999182446182471,0.40551862307622266,0.5274272170296498,0.45013911723789046,0.2166140394219916,0.22168835033191298,0.1773996296663705,0.2011367299003128,0.2966936103737181,0.18061342096444463,0.2783040155367388,0.36644079320894357,0.2783918248295787,0.4299160652388327,0.27001152810705437
v5-20261009T142841Z-d833d0,48,0.3816793893129772,0.31551142161313184,0.41480739459065646,0.3626309891802707,0.42646710273601274,0.24924686031814497,0.3219196794463165,0.35287330620276375,0.3791360603046451,0.17677763364070886,0.22979711781423384,0.09753288115221269,0.13254235132937356,0.22679675253484866,0.18237005333234646,0.22468539773990098,0.19955818103244585,0.2178014890636753,0.3678065544724415,0.2177521307137486
v5-20261009T142841Z-d833d0,49,0.48854961832061083,0.3686058698595403,0.4148073945906565,0.4932559761038563,0.5217221924062909,0.28628133380543813,0.535561424278299,0.47040830016546675,0.3767342655669455,0.228357505920756,0.281470227253756,0.09678397475710662,0.15882681237617505,0.27195945861965265,0.23638296732890846,0.3130470383370781,0.3632532176233012,0.3026341302233873,0.3542948328029421,0.31250905625011216
v5-20261009T142841Z-d833d0,50,0.20610687022900764,0.21076771135699376,0.2894089791457972,0.29173663055224563,0.22049789275527354,0.18723841037516797,0.2847645933885804,0.2902285228746478,0.2750937987437292,0.1864313846372521,0.203460653409881,0.12144065785125419,0.13214418256499524,0.19605983429505838,0.14403115382805629,0.21008677681436447,0.18649096104094193,0.16985747412036456,0.25022808826349374,0.17180640551876536
v5-20261009T142841Z-d833d0,51,0.33587786259541996,0.27901520702975496,0.2801202076313632,0.40819237972253203,0.28887641765672206,0.2317514549320337,0.36836353701848656,0.31850990563928266,0.3072178033604618,0.1969313665766416,0.20892724034677726,0.2594990047711158,0.12033693172756316,0.16903263394908707,0.1429666102752179,0.2078622770723712,0.2392512312664125,0.17378712631569607,0.2844385133607071,0.1884955407436248
v5-20261009T142841Z-d833d0,52,0.3587786259541985,0.28281484345933616,0.31727529368909924,0.4423608681668741,0.40200971484769804,0.20714583622820168,0.3033421364174484,0.3530253566477349,0.3361894523839636,0.1838544566179418,0.23924947037339353,0.17446289220979308,0.17653656207403431,0.2412349872964249,0.16849907602012767,0.2154086443073484,0.27247613429251555,0.24926868320803008,0.32220698289746474,0.27300414388670136
v5-20261009T142841Z-d833d0,53,0.44274809160305345,0.3564730048257524,0.41480739459065646,0.41848905254748026,0.5208517791029974,0.27750700262336037,0.4380293233767417,0.5161754841017844,0.46680156823068175,0.22627235366200238,0.3046893930489029,0.14667204119552085,0.13526315748838774,0.3172585094890229,0.242779439492167,0.3211694789960535,0.3264047749261471,0.3018477313412043,0.3924098417183538,0.32592083316706805
v5-20261009T142841Z-d833d0,54,0.4809160305343512,0.40468051327442656,0.3901284036062288,0.3630401897211355,0.45911236913152087,0.37072964805475106,0.41335033239231406,0.4622333527123116,0.48052358669533335,0.3901766126555865,0.38382811973454906,0.2904843220666871,0.25586646891639864,0.38770945783343475,0.4563500357130281,0.3665352611359163,0.4588893038104362,0.4422164367860567,0.42711709333431935,0.5930346390342837
v5-20261009T142841Z-d833d0,55,0.465648854961832,0.4285127302294017,0.3297513887624077,0.3542557586096329,0.42293913645192827,0.41963599935650825,0.3947727893634461,0.3995885693841957,0.40711873502438833,0.45230322534857037,0.43914829550502066,0.5605397774124492,0.6601915340351451,0.39764900995153357,0.4544910726640494,0.33491782589956753,0.3906652323894801,0.45088268120824376,0.3915398189456663,0.38589275027330333
v5-20261009T142841Z-d833d0,56,0.5992366412213741,0.4984479912952777,0.623804753665422,0.6112517011502867,0.5567634791468586,0.41728097193081043,0.6470266824515073,0.5658959796073522,0.527897221870916,0.4226716349895171,0.42748005262168465,0.24220578617671729,0.31606353609791094,0.44969891157982883,0.3336046006246302,0.48042458782157177,0.46076584487371713,0.42721877294048843,0.4924530946482454,0.5255845874646766
v5-20261009T142841Z-d833d0,57,0.33206106870229013,0.2612620670395894,0.3451416082324013,0.30918141888949496,0.2551223618576445,0.183436854609915,0.3451416082324015,0.3183578551943115,0.3057312086337001,0.12425437003371655,0.17221261979627742,0.046448695902239524,0.1256310192092414,0.13597215156110687,0.11121281215122014,0.15557118331511005,0.20076237850620904,0.1354140559116645,0.2665947217667145,0.14810088523316806
v5-20261009T142841Z-d833d0,58,0.3969465648854962,0.3680232801023341,0.4333849376195245,0.40099609434870215,0.38454832496519703,0.3514226776059752,0.44267370913395865,0.4983855820401592,0.3668268622739345,0.2701772878340955,0.2842719295708781,0.26981621653259513,0.34895797528266126,0.3266205184127765,0.2974303620404033,0.3674581895794691,0.4021726164304263,0.3512132103728751,0.3956566491275893,0.303467090410361
v5-20261009T142841Z-d833d0,59,0.3969465648854963,0.26629049867493904,0.4566068664056096,0.48965929310971507,0.35767176019636737,0.23548919934075807,0.3497859939896185,0.3584991726666965,0.3929318530621174,0.1790638125318878,0.2491442172573258,0.08366496790128013,0.12540226234274915,0.23359918915049713,0.1752142946342541,0.2609306625766551,0.3390663286865702,0.21011936299798775,0.2827238278696539,0.2520520151887467
v5-20261009T142841Z-d833d0,60,0.2977099236641222,0.31601166700199324,0.28476459338858023,0.39042353958954423,0.34179591191798764,0.265622323519834,0.3637191512612696,0.31288403917534996,0.323880254353253,0.2643780986187408,0.27910491997154435,0.23666400927771758,0.19900492144568077,0.3044144410877542,0.29057617786297746,0.2732106061071735,0.26456674633984356,0.21847220799595782,0.30403131669230055,0.2365634625928766
v5-20261009T142841Z-d833d0,61,0.3625954198473283,0.3830959119428756,0.45196248064839256,0.38322725421571446,0.4639275663570955,0.38126401525067016,0.4705400236772609,0.4758821161844282,0.4001517642595169,0.393308805725624,0.3636333549243184,0.29549048395242117,0.2616278445545407,0.4348839608482744,0.35673452340987705,0.36063732021893413,0.44820934939729534,0.3722317487928501,0.3835277708746981,0.3106772786877488
v5-20261009T142841Z-d833d0,62,0.36641221374045807,0.34802865153827894,0.47982879519169463,0.44007936836174305,0.39713458305976834,0.2643214263204559,0.3869410800473546,0.4372613031617548,0.4540275067023518,0.301043204194547,0.3605430038807637,0.19401434222716948,0.16456229850218557,0.3588054982534612,0.27088574250974906,0.29398287527855516,0.37005251913644976,0.3289166837850399,0.38260180817280276,0.3126612948295761
