month,parts,first_page,last_page,pages_covered,gaps,overlaps,bytes,starts_at_page_1
2025-01,12,1,1189,1189,[],[],19321995,True
2025-02,18,1,1737,1737,[],[],27553089,True
2025-03,14,1,1377,1377,[],[],21640239,True
2025-04,16,1,1511,1511,[],[],24236031,True
2025-05,13,1,1213,1213,[],[],19225085,True
2025-06,14,1,1361,1361,[],[],21739396,True
2025-07,13,1,1204,1204,[],[],19397890,True
2025-08,12,1,1105,1105,[],[],17710641,True
2025-09,15,1,1425,1425,[],[],22622635,True
2025-10,14,1,1402,1402,[],[],22212353,True
2025-11,15,1,1428,1428,[],[],22489325,True
2025-12,26,1,2509,2509,[],[],40150147,True
2026-01,13,1,1290,1290,[],[],21006160,True
2026-02,23,1,2274,2274,[],[],36806822,True
2026-03,19,1,1823,1823,[],[],29579377,True
2026-04,18,1,1743,1743,[],[],27994755,True
2026-05,14,1,1382,1382,[],[],22402448,True
2026-06,21,1,2019,2019,[],[],32770822,True
2026-07,14,1,1403,1403,[],[],22656947,True
2026-08,14,1,1373,1373,[],[],22340331,True
2026-09,17,1,1668,1668,[],[],27014490,True
2026-10,5,1,442,442,[],[],7090014,True
