month,p0,p1,part,size,src
2026-10,1,100,1,1561956,drive_search_20261009
2026-10,101,200,2,1634479,drive_search_20261009
2026-10,201,300,3,1601968,drive_search_20261009
2026-10,301,400,4,1597718,drive_search_20261009
2026-10,401,442,5,693893,drive_search_20261009
2026-09,1,100,6,1632632,drive_search_20261009
2026-09,101,201,7,1599777,drive_search_20261009
2026-09,202,302,8,1655909,drive_search_20261009
2026-09,303,403,9,1603525,drive_search_20261009
2026-09,404,504,10,1633624,drive_search_20261009
2026-09,505,604,11,1607772,drive_search_20261009
2026-09,605,705,12,1598624,drive_search_20261009
2026-09,706,805,13,1596574,drive_search_20261009
2026-09,806,905,14,1617047,drive_search_20261009
2026-09,906,1005,15,1682448,drive_search_20261009
2026-09,1006,1105,16,1662258,drive_search_20261009
2026-09,1106,1205,17,1610597,drive_search_20261009
2026-09,1206,1305,18,1617729,drive_search_20261009
2026-09,1306,1405,19,1596667,drive_search_20261009
2026-09,1406,1505,20,1620163,drive_search_20261009
2026-09,1506,1605,21,1635824,drive_search_20261009
2026-09,1606,1668,22,1043320,drive_search_20261009
2026-08,1,100,23,1594969,drive_search_20261009
2026-08,101,201,24,1629489,drive_search_20261009
2026-08,202,301,25,1599643,drive_search_20261009
2026-08,302,402,26,1628921,drive_search_20261009
2026-08,403,502,27,1620777,drive_search_20261009
2026-08,503,603,28,1653404,drive_search_20261009
2026-08,604,703,29,1671003,drive_search_20261009
2026-08,704,803,30,1614549,drive_search_20261009
2026-08,804,903,31,1628192,drive_search_20261009
2026-08,904,1003,32,1635639,drive_search_20261009
2026-08,1004,1103,33,1612735,drive_search_20261009
2026-08,1104,1203,34,1634314,drive_search_20261009
2026-08,1204,1303,35,1655394,drive_search_20261009
2026-08,1304,1373,36,1161302,drive_search_20261009
2026-07,1,100,37,1609400,drive_search_20261009
2026-07,101,200,38,1620898,drive_search_20261009
2026-07,201,300,39,1612205,drive_search_20261009
2026-07,301,401,40,1655401,drive_search_20261009
2026-07,402,501,41,1590081,drive_search_20261009
2026-07,502,602,42,1628460,drive_search_20261009
2026-07,603,703,43,1641599,drive_search_20261009
2026-07,704,803,44,1624511,drive_search_20261009
2026-07,804,903,45,1620441,drive_search_20261009
2026-07,904,1003,46,1639774,drive_search_20261009
2026-07,1004,1103,47,1626107,drive_search_20261009
2026-07,1104,1203,48,1608223,drive_search_20261009
2026-07,1204,1303,49,1577480,drive_search_20261009
2026-07,1304,1403,50,1602367,drive_search_20261009
2026-06,1,100,52,1573416,drive_search_20261009
2026-06,101,200,53,1557097,drive_search_20261009
2026-06,201,301,54,1592655,drive_search_20261009
2026-06,302,402,55,1661654,drive_search_20261009
2026-06,403,503,56,1625865,drive_search_20261009
2026-06,504,604,57,1642986,drive_search_20261009
2026-06,605,705,58,1598161,drive_search_20261009
2026-06,706,806,59,1626144,drive_search_20261009
2026-06,807,906,60,1632204,drive_search_20261009
2026-06,907,1007,61,1651927,drive_search_20261009
2026-06,1008,1107,62,1621479,drive_search_20261009
2026-06,1108,1207,63,1603310,drive_search_20261009
2026-06,1208,1307,64,1666928,drive_search_20261009
2026-06,1308,1407,65,1660044,drive_search_20261009
2026-06,1408,1507,66,1642684,DRIVE_INVENTORY.json
2026-06,1508,1607,67,1660733,DRIVE_INVENTORY.json
2026-06,1608,1707,68,1630581,DRIVE_INVENTORY.json
2026-06,1708,1807,69,1636118,DRIVE_INVENTORY.json
2026-06,1808,1907,70,1647691,DRIVE_INVENTORY.json
2026-06,1908,2007,71,1634183,DRIVE_INVENTORY.json
2026-06,2008,2019,72,204962,DRIVE_INVENTORY.json
2026-05,1,100,73,1633724,DRIVE_INVENTORY.json
2026-05,101,201,74,1632729,DRIVE_INVENTORY.json
2026-05,202,302,75,1641753,DRIVE_INVENTORY.json
2026-05,303,403,76,1661765,DRIVE_INVENTORY.json
2026-05,404,504,77,1610681,DRIVE_INVENTORY.json
2026-05,505,604,78,1609513,DRIVE_INVENTORY.json
2026-05,605,704,79,1639385,DRIVE_INVENTORY.json
2026-05,705,804,80,1631411,DRIVE_INVENTORY.json
2026-05,805,904,81,1613386,DRIVE_INVENTORY.json
2026-05,905,1004,82,1622741,DRIVE_INVENTORY.json
2026-05,1005,1104,83,1622378,DRIVE_INVENTORY.json
2026-05,1105,1204,84,1609675,DRIVE_INVENTORY.json
2026-05,1205,1304,85,1613327,DRIVE_INVENTORY.json
2026-05,1305,1382,86,1259980,DRIVE_INVENTORY.json
2026-04,1,100,87,1613571,DRIVE_INVENTORY.json
2026-04,101,200,88,1605043,DRIVE_INVENTORY.json
2026-04,201,300,89,1615351,DRIVE_INVENTORY.json
2026-04,301,400,90,1614165,DRIVE_INVENTORY.json
2026-04,401,500,91,1587302,DRIVE_INVENTORY.json
2026-04,501,601,92,1612646,DRIVE_INVENTORY.json
2026-04,602,701,93,1597879,DRIVE_INVENTORY.json
2026-04,702,801,94,1589073,DRIVE_INVENTORY.json
2026-04,802,901,95,1567453,DRIVE_INVENTORY.json
2026-04,902,1001,96,1583890,DRIVE_INVENTORY.json
2026-04,1002,1101,97,1633706,DRIVE_INVENTORY.json
2026-04,1102,1201,98,1587538,DRIVE_INVENTORY.json
2026-04,1202,1301,99,1638054,DRIVE_INVENTORY.json
2026-04,1302,1401,100,1612263,DRIVE_INVENTORY.json
2026-04,1402,1501,101,1642653,DRIVE_INVENTORY.json
2026-04,1502,1601,102,1644662,DRIVE_INVENTORY.json
2026-04,1602,1701,103,1584985,DRIVE_INVENTORY.json
2026-04,1702,1743,104,664521,DRIVE_INVENTORY.json
2026-03,1,100,105,1610584,DRIVE_INVENTORY.json
2026-03,101,200,106,1598824,DRIVE_INVENTORY.json
2026-03,201,300,107,1601463,DRIVE_INVENTORY.json
2026-03,301,401,108,1640642,DRIVE_INVENTORY.json
2026-03,402,502,109,1611152,DRIVE_INVENTORY.json
2026-03,503,602,110,1614602,DRIVE_INVENTORY.json
2026-03,603,703,111,1632188,DRIVE_INVENTORY.json
2026-03,704,803,112,1615801,DRIVE_INVENTORY.json
2026-03,804,904,113,1628790,DRIVE_INVENTORY.json
2026-03,905,1004,114,1651993,DRIVE_INVENTORY.json
2026-03,1005,1104,115,1607613,DRIVE_INVENTORY.json
2026-03,1105,1204,116,1598016,DRIVE_INVENTORY.json
2026-03,1205,1304,117,1646520,DRIVE_INVENTORY.json
2026-03,1305,1404,118,1604131,DRIVE_INVENTORY.json
2026-03,1405,1504,119,1641757,DRIVE_INVENTORY.json
2026-03,1505,1604,120,1649152,DRIVE_INVENTORY.json
2026-03,1605,1704,121,1641944,DRIVE_INVENTORY.json
2026-03,1705,1804,122,1676667,DRIVE_INVENTORY.json
2026-03,1805,1823,123,307538,DRIVE_INVENTORY.json
2026-02,1,100,124,1641767,DRIVE_INVENTORY.json
2026-02,101,200,125,1633515,DRIVE_INVENTORY.json
2026-02,201,300,126,1627013,DRIVE_INVENTORY.json
2026-02,301,401,127,1612258,DRIVE_INVENTORY.json
2026-02,402,502,128,1608737,DRIVE_INVENTORY.json
2026-02,503,603,129,1634064,DRIVE_INVENTORY.json
2026-02,604,704,130,1603318,DRIVE_INVENTORY.json
2026-02,705,804,131,1592118,DRIVE_INVENTORY.json
2026-02,805,904,132,1605611,DRIVE_INVENTORY.json
2026-02,905,1005,133,1589651,DRIVE_INVENTORY.json
2026-02,1006,1106,134,1633093,DRIVE_INVENTORY.json
2026-02,1107,1206,135,1623028,DRIVE_INVENTORY.json
2026-02,1207,1306,136,1593306,DRIVE_INVENTORY.json
2026-02,1307,1406,137,1637835,DRIVE_INVENTORY.json
2026-02,1407,1506,138,1625138,DRIVE_INVENTORY.json
2026-02,1507,1606,139,1604576,DRIVE_INVENTORY.json
2026-02,1607,1706,140,1588172,DRIVE_INVENTORY.json
2026-02,1707,1806,141,1621064,DRIVE_INVENTORY.json
2026-02,1807,1906,142,1620365,DRIVE_INVENTORY.json
2026-02,1907,2006,143,1652230,DRIVE_INVENTORY.json
2026-02,2007,2106,144,1651906,DRIVE_INVENTORY.json
2026-02,2107,2206,145,1669424,DRIVE_INVENTORY.json
2026-02,2207,2274,146,1138633,DRIVE_INVENTORY.json
2026-01,1,100,147,1670888,DRIVE_INVENTORY.json
2026-01,101,201,148,1678129,DRIVE_INVENTORY.json
2026-01,202,301,149,1626532,DRIVE_INVENTORY.json
2026-01,302,402,150,1646695,DRIVE_INVENTORY.json
2026-01,403,503,151,1649901,DRIVE_INVENTORY.json
2026-01,504,604,152,1610909,DRIVE_INVENTORY.json
2026-01,605,704,153,1599521,DRIVE_INVENTORY.json
2026-01,705,804,154,1614693,DRIVE_INVENTORY.json
2026-01,805,904,155,1646754,DRIVE_INVENTORY.json
2026-01,905,1004,156,1670196,DRIVE_INVENTORY.json
2026-01,1005,1104,157,1649779,DRIVE_INVENTORY.json
2026-01,1105,1204,158,1610540,DRIVE_INVENTORY.json
2026-01,1205,1290,159,1331623,DRIVE_INVENTORY.json
2025-12,1,100,160,1600614,DRIVE_INVENTORY.json
2025-12,101,200,161,1596555,DRIVE_INVENTORY.json
2025-12,201,300,162,1563336,DRIVE_INVENTORY.json
2025-12,301,401,163,1621826,DRIVE_INVENTORY.json
2025-12,402,502,164,1579283,DRIVE_INVENTORY.json
2025-12,503,603,165,1596416,DRIVE_INVENTORY.json
2025-12,604,703,166,1584890,DRIVE_INVENTORY.json
2025-12,704,803,167,1617603,DRIVE_INVENTORY.json
2025-12,804,903,168,1600636,DRIVE_INVENTORY.json
2025-12,904,1003,169,1612003,DRIVE_INVENTORY.json
2025-12,1004,1104,170,1607637,DRIVE_INVENTORY.json
2025-12,1105,1204,171,1600409,DRIVE_INVENTORY.json
2025-12,1205,1304,172,1616143,DRIVE_INVENTORY.json
2025-12,1305,1404,173,1602197,DRIVE_INVENTORY.json
2025-12,1405,1504,174,1588082,DRIVE_INVENTORY.json
2025-12,1505,1604,175,1614085,DRIVE_INVENTORY.json
2025-12,1605,1704,176,1651615,DRIVE_INVENTORY.json
2025-12,1705,1804,177,1591966,DRIVE_INVENTORY.json
2025-12,1805,1904,178,1598530,DRIVE_INVENTORY.json
2025-12,1905,2004,179,1595690,DRIVE_INVENTORY.json
2025-12,2005,2104,180,1590543,DRIVE_INVENTORY.json
2025-12,2105,2204,181,1602855,DRIVE_INVENTORY.json
2025-12,2205,2304,182,1625294,DRIVE_INVENTORY.json
2025-12,2305,2404,183,1591420,DRIVE_INVENTORY.json
2025-12,2405,2504,184,1623383,DRIVE_INVENTORY.json
2025-12,2505,2509,185,77136,DRIVE_INVENTORY.json
2025-11,1,100,186,1583055,DRIVE_INVENTORY.json
2025-11,101,201,187,1588072,DRIVE_INVENTORY.json
2025-11,202,302,188,1593270,DRIVE_INVENTORY.json
2025-11,303,402,189,1583580,DRIVE_INVENTORY.json
2025-11,403,503,190,1624124,DRIVE_INVENTORY.json
2025-11,504,604,191,1597787,DRIVE_INVENTORY.json
2025-11,605,704,192,1594874,DRIVE_INVENTORY.json
2025-11,705,804,193,1592888,DRIVE_INVENTORY.json
2025-11,805,904,194,1585808,DRIVE_INVENTORY.json
2025-11,905,1004,195,1574604,DRIVE_INVENTORY.json
2025-11,1005,1104,196,1571342,DRIVE_INVENTORY.json
2025-11,1105,1204,197,1546414,DRIVE_INVENTORY.json
2025-11,1205,1304,198,1525039,DRIVE_INVENTORY.json
2025-11,1305,1404,199,1563946,DRIVE_INVENTORY.json
2025-11,1405,1428,200,364522,DRIVE_INVENTORY.json
2025-10,1,100,201,1574584,DRIVE_INVENTORY.json
2025-10,101,201,202,1586035,DRIVE_INVENTORY.json
2025-10,202,302,203,1562918,DRIVE_INVENTORY.json
2025-10,303,402,204,1556182,DRIVE_INVENTORY.json
2025-10,403,502,205,1570947,DRIVE_INVENTORY.json
2025-10,503,602,206,1588984,DRIVE_INVENTORY.json
2025-10,603,702,207,1586507,DRIVE_INVENTORY.json
2025-10,703,802,208,1586657,DRIVE_INVENTORY.json
2025-10,803,902,209,1563462,DRIVE_INVENTORY.json
2025-10,903,1002,210,1619149,DRIVE_INVENTORY.json
2025-10,1003,1102,211,1621605,DRIVE_INVENTORY.json
2025-10,1103,1202,212,1600469,DRIVE_INVENTORY.json
2025-10,1203,1302,213,1614591,DRIVE_INVENTORY.json
2025-10,1303,1402,214,1580263,DRIVE_INVENTORY.json
2025-09,1,100,215,1580322,DRIVE_INVENTORY.json
2025-09,101,201,216,1610485,DRIVE_INVENTORY.json
2025-09,202,301,217,1587700,DRIVE_INVENTORY.json
2025-09,302,402,218,1596436,DRIVE_INVENTORY.json
2025-09,403,502,219,1589964,DRIVE_INVENTORY.json
2025-09,503,602,220,1598593,DRIVE_INVENTORY.json
2025-09,603,702,221,1578365,DRIVE_INVENTORY.json
2025-09,703,802,222,1601758,DRIVE_INVENTORY.json
2025-09,803,902,223,1591395,DRIVE_INVENTORY.json
2025-09,903,1002,224,1599332,DRIVE_INVENTORY.json
2025-09,1003,1102,225,1583519,DRIVE_INVENTORY.json
2025-09,1103,1202,226,1568487,DRIVE_INVENTORY.json
2025-09,1203,1302,227,1564888,DRIVE_INVENTORY.json
2025-09,1303,1402,228,1598516,DRIVE_INVENTORY.json
2025-09,1403,1425,229,372875,DRIVE_INVENTORY.json
2025-08,1,100,230,1610435,DRIVE_INVENTORY.json
2025-08,101,201,231,1625163,DRIVE_INVENTORY.json
2025-08,202,302,232,1610218,DRIVE_INVENTORY.json
2025-08,303,402,233,1607007,DRIVE_INVENTORY.json
2025-08,403,503,234,1636170,DRIVE_INVENTORY.json
2025-08,504,603,235,1581675,DRIVE_INVENTORY.json
2025-08,604,703,236,1611881,DRIVE_INVENTORY.json
2025-08,704,803,237,1626367,DRIVE_INVENTORY.json
2025-08,804,903,238,1595307,DRIVE_INVENTORY.json
2025-08,904,1003,239,1596555,DRIVE_INVENTORY.json
2025-08,1004,1103,240,1591257,DRIVE_INVENTORY.json
2025-08,1104,1105,241,18606,DRIVE_INVENTORY.json
2025-07,1,100,242,1613649,DRIVE_INVENTORY.json
2025-07,101,200,243,1631635,DRIVE_INVENTORY.json
2025-07,201,301,244,1595705,DRIVE_INVENTORY.json
2025-07,302,401,245,1642930,DRIVE_INVENTORY.json
2025-07,402,501,246,1574844,DRIVE_INVENTORY.json
2025-07,502,601,247,1636363,DRIVE_INVENTORY.json
2025-07,602,701,248,1647848,DRIVE_INVENTORY.json
2025-07,702,801,249,1616188,DRIVE_INVENTORY.json
2025-07,802,901,250,1599448,DRIVE_INVENTORY.json
2025-07,902,1001,251,1588847,DRIVE_INVENTORY.json
2025-07,1002,1101,252,1583524,DRIVE_INVENTORY.json
2025-07,1102,1201,253,1620861,DRIVE_INVENTORY.json
2025-07,1202,1204,254,46048,DRIVE_INVENTORY.json
2025-06,1,100,255,1590719,DRIVE_INVENTORY.json
2025-06,101,201,256,1629031,DRIVE_INVENTORY.json
2025-06,202,302,257,1647759,DRIVE_INVENTORY.json
2025-06,303,403,258,1613040,DRIVE_INVENTORY.json
2025-06,404,504,259,1594645,DRIVE_INVENTORY.json
2025-06,505,604,260,1580665,DRIVE_INVENTORY.json
2025-06,605,705,261,1623627,DRIVE_INVENTORY.json
2025-06,706,805,262,1591367,DRIVE_INVENTORY.json
2025-06,806,905,263,1596533,DRIVE_INVENTORY.json
2025-06,906,1005,264,1581524,DRIVE_INVENTORY.json
2025-06,1006,1105,265,1600422,DRIVE_INVENTORY.json
2025-06,1106,1205,266,1579644,DRIVE_INVENTORY.json
2025-06,1206,1305,267,1596626,DRIVE_INVENTORY.json
2025-06,1306,1361,268,913794,DRIVE_INVENTORY.json
2025-05,1,101,269,1599127,DRIVE_INVENTORY.json
2025-05,102,201,270,1584195,DRIVE_INVENTORY.json
2025-05,202,302,271,1609871,DRIVE_INVENTORY.json
2025-05,303,402,272,1585232,DRIVE_INVENTORY.json
2025-05,403,503,273,1594022,DRIVE_INVENTORY.json
2025-05,504,603,274,1610205,DRIVE_INVENTORY.json
2025-05,604,703,275,1580798,DRIVE_INVENTORY.json
2025-05,704,803,276,1592144,DRIVE_INVENTORY.json
2025-05,804,903,277,1555247,DRIVE_INVENTORY.json
2025-05,904,1003,278,1611878,DRIVE_INVENTORY.json
2025-05,1004,1103,279,1559269,DRIVE_INVENTORY.json
2025-05,1104,1203,280,1580166,DRIVE_INVENTORY.json
2025-05,1204,1213,281,162931,DRIVE_INVENTORY.json
2025-04,1,100,282,1585494,DRIVE_INVENTORY.json
2025-04,101,200,283,1613459,DRIVE_INVENTORY.json
2025-04,201,301,284,1619709,DRIVE_INVENTORY.json
2025-04,302,401,285,1601809,DRIVE_INVENTORY.json
2025-04,402,501,286,1613406,DRIVE_INVENTORY.json
2025-04,502,602,287,1600318,DRIVE_INVENTORY.json
2025-04,603,703,288,1614421,DRIVE_INVENTORY.json
2025-04,704,803,289,1588575,DRIVE_INVENTORY.json
2025-04,804,903,290,1621476,DRIVE_INVENTORY.json
2025-04,904,1003,291,1651170,DRIVE_INVENTORY.json
2025-04,1004,1103,292,1622789,DRIVE_INVENTORY.json
2025-04,1104,1203,293,1588929,DRIVE_INVENTORY.json
2025-04,1204,1303,294,1589201,DRIVE_INVENTORY.json
2025-04,1304,1403,295,1601284,DRIVE_INVENTORY.json
2025-04,1404,1503,296,1587652,DRIVE_INVENTORY.json
2025-04,1504,1511,297,136339,DRIVE_INVENTORY.json
2025-03,1,100,298,1560688,DRIVE_INVENTORY.json
2025-03,101,200,299,1571195,DRIVE_INVENTORY.json
2025-03,201,300,300,1580610,DRIVE_INVENTORY.json
2025-03,301,401,301,1563347,DRIVE_INVENTORY.json
2025-03,402,502,302,1574606,DRIVE_INVENTORY.json
2025-03,503,603,303,1567873,DRIVE_INVENTORY.json
2025-03,604,704,304,1606541,DRIVE_INVENTORY.json
2025-03,705,804,305,1579226,DRIVE_INVENTORY.json
2025-03,805,904,306,1558233,DRIVE_INVENTORY.json
2025-03,905,1004,307,1547531,DRIVE_INVENTORY.json
2025-03,1005,1104,308,1585850,DRIVE_INVENTORY.json
2025-03,1105,1204,309,1575472,DRIVE_INVENTORY.json
2025-03,1205,1304,310,1572275,DRIVE_INVENTORY.json
2025-03,1305,1377,311,1196792,DRIVE_INVENTORY.json
2025-02,1,100,312,1608255,DRIVE_INVENTORY.json
2025-02,101,201,313,1602074,DRIVE_INVENTORY.json
2025-02,202,302,314,1591693,DRIVE_INVENTORY.json
2025-02,303,403,315,1567851,DRIVE_INVENTORY.json
2025-02,404,504,316,1617430,DRIVE_INVENTORY.json
2025-02,505,604,317,1575033,DRIVE_INVENTORY.json
2025-02,605,705,318,1620494,DRIVE_INVENTORY.json
2025-02,706,806,319,1623281,DRIVE_INVENTORY.json
2025-02,807,906,320,1561415,DRIVE_INVENTORY.json
2025-02,907,1006,321,1555388,DRIVE_INVENTORY.json
2025-02,1007,1106,322,1612051,DRIVE_INVENTORY.json
2025-02,1107,1206,323,1626012,DRIVE_INVENTORY.json
2025-02,1207,1306,324,1579722,DRIVE_INVENTORY.json
2025-02,1307,1406,325,1578194,DRIVE_INVENTORY.json
2025-02,1407,1506,326,1554324,DRIVE_INVENTORY.json
2025-02,1507,1606,327,1570657,DRIVE_INVENTORY.json
2025-02,1607,1706,328,1594094,DRIVE_INVENTORY.json
2025-02,1707,1737,329,515121,DRIVE_INVENTORY.json
2025-01,1,100,330,1617024,DRIVE_INVENTORY.json
2025-01,101,200,331,1586919,DRIVE_INVENTORY.json
2025-01,201,301,332,1600242,DRIVE_INVENTORY.json
2025-01,302,402,333,1628840,DRIVE_INVENTORY.json
2025-01,403,503,334,1641921,DRIVE_INVENTORY.json
2025-01,504,604,335,1646057,DRIVE_INVENTORY.json
2025-01,605,704,336,1639707,DRIVE_INVENTORY.json
2025-01,705,804,337,1641873,DRIVE_INVENTORY.json
2025-01,805,904,338,1623425,DRIVE_INVENTORY.json
2025-01,905,1004,339,1647204,DRIVE_INVENTORY.json
2025-01,1005,1104,340,1654766,DRIVE_INVENTORY.json
2025-01,1105,1189,341,1394017,DRIVE_INVENTORY.json
