"url";"filename";"source";"status";"path";"bytes";"sha256";"checked_at";"error"
"https://02.rosstat.gov.ru/storage/mediabank/braki-i-razvody-dinamika-2023.pdf";"braki-i-razvody-dinamika-2023.pdf";"https://02.rosstat.gov.ru/folder/25491";"downloaded";"D:\Users\mardanova.er\Documents\КОНКУРСЫ 2026\3. сбер\ДОПОЛНИТЕЛЬНЫЕ ДАННЫЕ ИЗ РОСТАТА К ЕР\braki-i-razvody-dinamika-2023.pdf";"85997";"0f9be16906c6245836529d4651e47be5e84f59f5fc544a3b3c534d28b59920d3";"2026-10-08T10:04:16.2102210Z";""
"https://02.rosstat.gov.ru/storage/mediabank/PWZr22R8/Chislennost_naseleniya_po_munitsipalnym_rayonam_i_gorodskim_okrugam_Respubliki_Bashkortostan_na_1_yanvarya_2021.pdf";"Chislennost_naseleniya_po_munitsipalnym_rayonam_i_gorodskim_okrugam_Respubliki_Bashkortostan_na_1_yanvarya_2021.pdf";"https://02.rosstat.gov.ru/folder/25491";"downloaded";"D:\Users\mardanova.er\Documents\КОНКУРСЫ 2026\3. сбер\ДОПОЛНИТЕЛЬНЫЕ ДАННЫЕ ИЗ РОСТАТА К ЕР\Chislennost_naseleniya_po_munitsipalnym_rayonam_i_gorodskim_okrugam_Respubliki_Bashkortostan_na_1_yanvarya_2021.pdf";"232890";"b109b48b1d74073cd8d5bd4f9a19ba14888de959a41e76c896fa9e6187c03049";"2026-10-08T10:04:17.7365366Z";""
"https://02.rosstat.gov.ru/storage/mediabank/Chislennost-muzhchin-i-zhenshchin.pdf";"Chislennost-muzhchin-i-zhenshchin.pdf";"https://02.rosstat.gov.ru/folder/25491";"downloaded";"D:\Users\mardanova.er\Documents\КОНКУРСЫ 2026\3. сбер\ДОПОЛНИТЕЛЬНЫЕ ДАННЫЕ ИЗ РОСТАТА К ЕР\Chislennost-muzhchin-i-zhenshchin.pdf";"333789";"c7ea04fa3ad748399bcb0d81d0a3e57da04f770711283e8ab78d0bac3a6d41f5";"2026-10-08T10:04:19.1761541Z";""
"https://02.rosstat.gov.ru/storage/mediabank/CHislennost-naseleniya-po-municipalnym-%20rajonam-i-gorodskim-okrugam-Respubliki-Bashkortostan-na-1-yanvarya-2023-goda.pdf";"CHislennost-naseleniya-po-municipalnym- rajonam-i-gorodskim-okrugam-Respubliki-Bashkortostan-na-1-yanvarya-2023-goda.pdf";"https://02.rosstat.gov.ru/folder/25491";"downloaded";"D:\Users\mardanova.er\Documents\КОНКУРСЫ 2026\3. сбер\ДОПОЛНИТЕЛЬНЫЕ ДАННЫЕ ИЗ РОСТАТА К ЕР\CHislennost-naseleniya-po-municipalnym- rajonam-i-gorodskim-okrugam-Respubliki-Bashkortostan-na-1-yanvarya-2023-goda.pdf";"211297";"a91cc81ca889f4ba614f83e62aee501f2c4e746f7705bba1418c64838b204243";"2026-10-08T10:04:20.3372451Z";""
"https://02.rosstat.gov.ru/storage/mediabank/CHislennost-naseleniya-po-municipalnym-rajonam-i-gorodskim-okrugam-Respubliki-%20Bashkortostan-na-1-yanvarya-2022-g-s-uchetom-VPN-2020.pdf";"CHislennost-naseleniya-po-municipalnym-rajonam-i-gorodskim-okrugam-Respubliki- Bashkortostan-na-1-yanvarya-2022-g-s-uchetom-VPN-2020.pdf";"https://02.rosstat.gov.ru/folder/25491";"downloaded";"D:\Users\mardanova.er\Documents\КОНКУРСЫ 2026\3. сбер\ДОПОЛНИТЕЛЬНЫЕ ДАННЫЕ ИЗ РОСТАТА К ЕР\CHislennost-naseleniya-po-municipalnym-rajonam-i-gorodskim-okrugam-Respubliki- Bashkortostan-na-1-yanvarya-2022-g-s-uchetom-VPN-2020.pdf";"212924";"2a4687bf810b2c307d4ecd893688f7bec314f90f167d2c196cf22d37c5185a68";"2026-10-08T10:04:21.4308042Z";""
"https://02.rosstat.gov.ru/storage/mediabank/CHislennost-naseleniya-po-municipalnym-rajonam-i-gorodskim-okrugam-Respubliki-Bashkortostan-na-1-yanvarya-2024-goda.pdf";"CHislennost-naseleniya-po-municipalnym-rajonam-i-gorodskim-okrugam-Respubliki-Bashkortostan-na-1-yanvarya-2024-goda.pdf";"https://02.rosstat.gov.ru/folder/25491";"downloaded";"D:\Users\mardanova.er\Documents\КОНКУРСЫ 2026\3. сбер\ДОПОЛНИТЕЛЬНЫЕ ДАННЫЕ ИЗ РОСТАТА К ЕР\CHislennost-naseleniya-po-municipalnym-rajonam-i-gorodskim-okrugam-Respubliki-Bashkortostan-na-1-yanvarya-2024-goda.pdf";"211093";"3adcab82858240b7b9fcbc13a4a76f39f0ad4296c8774848dd7e9d5910b353c1";"2026-10-08T10:04:23.2529685Z";""
"https://02.rosstat.gov.ru/storage/mediabank/CHislennost-naseleniya-po-municipalnym-rajonam-i-gorodskim-okrugam-Respubliki-Bashkortostan-na-1-yanvarya-2025-goda.pdf";"CHislennost-naseleniya-po-municipalnym-rajonam-i-gorodskim-okrugam-Respubliki-Bashkortostan-na-1-yanvarya-2025-goda.pdf";"https://02.rosstat.gov.ru/folder/25491";"downloaded";"D:\Users\mardanova.er\Documents\КОНКУРСЫ 2026\3. сбер\ДОПОЛНИТЕЛЬНЫЕ ДАННЫЕ ИЗ РОСТАТА К ЕР\CHislennost-naseleniya-po-municipalnym-rajonam-i-gorodskim-okrugam-Respubliki-Bashkortostan-na-1-yanvarya-2025-goda.pdf";"350183";"e8f2f80e64eedfa0585eed00e927c61809bb5a5d432836be7b6864fa66ac74b3";"2026-10-08T10:04:24.7529788Z";""
"https://02.rosstat.gov.ru/storage/mediabank/eb1CreHi/Demograficheskie-pokazateli-za-2019-god.pdf";"Demograficheskie-pokazateli-za-2019-god.pdf";"https://02.rosstat.gov.ru/folder/25491";"downloaded";"D:\Users\mardanova.er\Documents\КОНКУРСЫ 2026\3. сбер\ДОПОЛНИТЕЛЬНЫЕ ДАННЫЕ ИЗ РОСТАТА К ЕР\Demograficheskie-pokazateli-za-2019-god.pdf";"319666";"6720a00fc91943afb15ce9514b04d5c2dbe6fc73d3eb04f7e075547142b4a4ca";"2026-10-08T10:04:26.2697388Z";""
"https://02.rosstat.gov.ru/storage/mediabank/demograficheskiye_pokazateli_za_2020_god.pdf";"demograficheskiye_pokazateli_za_2020_god.pdf";"https://02.rosstat.gov.ru/folder/25491";"downloaded";"D:\Users\mardanova.er\Documents\КОНКУРСЫ 2026\3. сбер\ДОПОЛНИТЕЛЬНЫЕ ДАННЫЕ ИЗ РОСТАТА К ЕР\demograficheskiye_pokazateli_za_2020_god.pdf";"239327";"c407be938af3e85cc5451dffbc3e693df044e1bfea15be726e4d575ec2d09e3d";"2026-10-08T10:04:27.3339085Z";""
"https://02.rosstat.gov.ru/storage/mediabank/demograficheskiye_pokazateli_za_2021_god.pdf";"demograficheskiye_pokazateli_za_2021_god.pdf";"https://02.rosstat.gov.ru/folder/25491";"downloaded";"D:\Users\mardanova.er\Documents\КОНКУРСЫ 2026\3. сбер\ДОПОЛНИТЕЛЬНЫЕ ДАННЫЕ ИЗ РОСТАТА К ЕР\demograficheskiye_pokazateli_za_2021_god.pdf";"210321";"2a7ad50d325c309003d3763b37af3f670a676a688698237737cb61ca23789207";"2026-10-08T10:04:28.8982489Z";""
"https://02.rosstat.gov.ru/storage/mediabank/demograficheskiye_pokazateli_za_2022_god.pdf";"demograficheskiye_pokazateli_za_2022_god.pdf";"https://02.rosstat.gov.ru/folder/25491";"downloaded";"D:\Users\mardanova.er\Documents\КОНКУРСЫ 2026\3. сбер\ДОПОЛНИТЕЛЬНЫЕ ДАННЫЕ ИЗ РОСТАТА К ЕР\demograficheskiye_pokazateli_za_2022_god.pdf";"205270";"94e34506ff0116f14b9cfb04ae84105a9ef5ff11ce20e1e3a2afe6c11975f1f5";"2026-10-08T10:04:30.3229980Z";""
"https://02.rosstat.gov.ru/storage/mediabank/demograficheskiye_pokazateli_za_2023_god.pdf";"demograficheskiye_pokazateli_za_2023_god.pdf";"https://02.rosstat.gov.ru/folder/25491";"downloaded";"D:\Users\mardanova.er\Documents\КОНКУРСЫ 2026\3. сбер\ДОПОЛНИТЕЛЬНЫЕ ДАННЫЕ ИЗ РОСТАТА К ЕР\demograficheskiye_pokazateli_za_2023_god.pdf";"201479";"fa7beeb2d9101a8f4c631f229cf978fc3d48667e2a9cf15c9e12041e4de02e79";"2026-10-08T10:04:31.8382831Z";""
"https://02.rosstat.gov.ru/storage/mediabank/Dinamika-koefficientov-migracionnogo-prirosta-(ubyli)-naseleniya-municipalnyh-obrazovanij-Respubliki-Bashkortostan.pdf";"Dinamika-koefficientov-migracionnogo-prirosta-(ubyli)-naseleniya-municipalnyh-obrazovanij-Respubliki-Bashkortostan.pdf";"https://02.rosstat.gov.ru/folder/25491";"downloaded";"D:\Users\mardanova.er\Documents\КОНКУРСЫ 2026\3. сбер\ДОПОЛНИТЕЛЬНЫЕ ДАННЫЕ ИЗ РОСТАТА К ЕР\Dinamika-koefficientov-migracionnogo-prirosta-(ubyli)-naseleniya-municipalnyh-obrazovanij-Respubliki-Bashkortostan.pdf";"373502";"180906bb37b350950ce96a1f261c0b1fcf385ede07a00728b9a3217677de6093";"2026-10-08T10:04:33.5185682Z";""
"https://02.rosstat.gov.ru/storage/mediabank/Dinamika-raspredeleniya-migracionnyh-peredvizhenij-naseleniya-v-vozraste-14-let-i-starshe-2023.pdf";"Dinamika-raspredeleniya-migracionnyh-peredvizhenij-naseleniya-v-vozraste-14-let-i-starshe-2023.pdf";"https://02.rosstat.gov.ru/folder/25491";"downloaded";"D:\Users\mardanova.er\Documents\КОНКУРСЫ 2026\3. сбер\ДОПОЛНИТЕЛЬНЫЕ ДАННЫЕ ИЗ РОСТАТА К ЕР\Dinamika-raspredeleniya-migracionnyh-peredvizhenij-naseleniya-v-vozraste-14-let-i-starshe-2023.pdf";"364720";"8835170d4744c3e1a3f523965d386d86c5b3dd0efde5e3c762de9f6236632788";"2026-10-08T10:04:34.7626520Z";""
"https://02.rosstat.gov.ru/storage/mediabank/edn_oi_03-2024(1).pdf";"edn_oi_03-2024(1).pdf";"https://02.rosstat.gov.ru/folder/25491";"downloaded";"D:\Users\mardanova.er\Documents\КОНКУРСЫ 2026\3. сбер\ДОПОЛНИТЕЛЬНЫЕ ДАННЫЕ ИЗ РОСТАТА К ЕР\edn_oi_03-2024(1).pdf";"394578";"bbbfdbc4a315c347d5cb70c7ebdb1ce918769a98be64996c08717bccda6b5a66";"2026-10-08T10:04:35.9427623Z";""
"https://02.rosstat.gov.ru/storage/mediabank/edn_oi_04-2024.pdf";"edn_oi_04-2024.pdf";"https://02.rosstat.gov.ru/folder/25491";"downloaded";"D:\Users\mardanova.er\Documents\КОНКУРСЫ 2026\3. сбер\ДОПОЛНИТЕЛЬНЫЕ ДАННЫЕ ИЗ РОСТАТА К ЕР\edn_oi_04-2024.pdf";"383557";"7181db2519b2d45a662c79af04d5c930dcd01a9be67eec4893741fe0f37194e8";"2026-10-08T10:04:37.5436428Z";""
"https://02.rosstat.gov.ru/storage/mediabank/EDN-05-2024.pdf";"EDN-05-2024.pdf";"https://02.rosstat.gov.ru/folder/25491";"downloaded";"D:\Users\mardanova.er\Documents\КОНКУРСЫ 2026\3. сбер\ДОПОЛНИТЕЛЬНЫЕ ДАННЫЕ ИЗ РОСТАТА К ЕР\EDN-05-2024.pdf";"435447";"decb626e2989d71e5abea939b9eea0a60874fe357bd50d2355a97f604e2d8d3a";"2026-10-08T10:04:39.2579162Z";""
"https://02.rosstat.gov.ru/storage/mediabank/EDN-po-MO_03-2024.pdf";"EDN-po-MO_03-2024.pdf";"https://02.rosstat.gov.ru/folder/25491";"downloaded";"D:\Users\mardanova.er\Documents\КОНКУРСЫ 2026\3. сбер\ДОПОЛНИТЕЛЬНЫЕ ДАННЫЕ ИЗ РОСТАТА К ЕР\EDN-po-MO_03-2024.pdf";"435240";"c1f3bf02cef0782a3a349c3f0588fa44aea335dab2e9b7ec09b5a825de79a0d6";"2026-10-08T10:04:40.5357084Z";""
"https://02.rosstat.gov.ru/storage/mediabank/EDN-po-MO_04-2024.pdf";"EDN-po-MO_04-2024.pdf";"https://02.rosstat.gov.ru/folder/25491";"downloaded";"D:\Users\mardanova.er\Documents\КОНКУРСЫ 2026\3. сбер\ДОПОЛНИТЕЛЬНЫЕ ДАННЫЕ ИЗ РОСТАТА К ЕР\EDN-po-MO_04-2024.pdf";"435721";"f9b83c0d76a41b4766be0d7214a0226f6d506bd42b982755855145389f6d7efd";"2026-10-08T10:04:41.7932915Z";""
"https://02.rosstat.gov.ru/storage/mediabank/EDN-RB-06-2024.pdf";"EDN-RB-06-2024.pdf";"https://02.rosstat.gov.ru/folder/25491";"downloaded";"D:\Users\mardanova.er\Documents\КОНКУРСЫ 2026\3. сбер\ДОПОЛНИТЕЛЬНЫЕ ДАННЫЕ ИЗ РОСТАТА К ЕР\EDN-RB-06-2024.pdf";"434339";"29e5229ba8421a9939f02173097fb8838850942d8e381bf9414dad215b1dc566";"2026-10-08T10:04:43.2487672Z";""
"https://02.rosstat.gov.ru/storage/mediabank/EDN-RB-07-2024.pdf";"EDN-RB-07-2024.pdf";"https://02.rosstat.gov.ru/folder/25491";"downloaded";"D:\Users\mardanova.er\Documents\КОНКУРСЫ 2026\3. сбер\ДОПОЛНИТЕЛЬНЫЕ ДАННЫЕ ИЗ РОСТАТА К ЕР\EDN-RB-07-2024.pdf";"433597";"7f6d3ceaf0c59f231f5ae7cbaa15e0ea51467812fde905561475687ef3a219a9";"2026-10-08T10:04:44.6802443Z";""
"https://02.rosstat.gov.ru/storage/mediabank/Estestvennoe-dvizhenie-naseleniya-municipalnyh-obrazovanij-RB-09-2024.pdf";"Estestvennoe-dvizhenie-naseleniya-municipalnyh-obrazovanij-RB-09-2024.pdf";"https://02.rosstat.gov.ru/folder/25491";"downloaded";"D:\Users\mardanova.er\Documents\КОНКУРСЫ 2026\3. сбер\ДОПОЛНИТЕЛЬНЫЕ ДАННЫЕ ИЗ РОСТАТА К ЕР\Estestvennoe-dvizhenie-naseleniya-municipalnyh-obrazovanij-RB-09-2024.pdf";"433303";"9cbdb065aa07478d1ab2d59debb5a2c1fdc920dc17103b4a191cebfa8d61f75b";"2026-10-08T10:04:46.3978187Z";""
"https://02.rosstat.gov.ru/storage/mediabank/Estestvennoe-dvizhenie-naseleniya-municipalnyh-obrazovanij-RB-10-2024.pdf";"Estestvennoe-dvizhenie-naseleniya-municipalnyh-obrazovanij-RB-10-2024.pdf";"https://02.rosstat.gov.ru/folder/25491";"downloaded";"D:\Users\mardanova.er\Documents\КОНКУРСЫ 2026\3. сбер\ДОПОЛНИТЕЛЬНЫЕ ДАННЫЕ ИЗ РОСТАТА К ЕР\Estestvennoe-dvizhenie-naseleniya-municipalnyh-obrazovanij-RB-10-2024.pdf";"432956";"163ffeb58317df99ce522d990e355e778b0e9803baacdbd9bba75c2fb2ae6e3d";"2026-10-08T10:04:47.7747275Z";""
"https://02.rosstat.gov.ru/storage/mediabank/Estestvennoe-dvizhenie-naseleniya-municipalnyh-obrazovanij-RB-yanvar-2024.pdf";"Estestvennoe-dvizhenie-naseleniya-municipalnyh-obrazovanij-RB-yanvar-2024.pdf";"https://02.rosstat.gov.ru/folder/25491";"existing_identical";"D:\Users\mardanova.er\Documents\КОНКУРСЫ 2026\3. сбер\ДОПОЛНИТЕЛЬНЫЕ ДАННЫЕ ИЗ РОСТАТА К ЕР\Estestvennoe-dvizhenie-naseleniya-municipalnyh-obrazovanij-RB-yanvar-2024.pdf";"405209";"c61fb9c80abfb148554a071f6e077880d8d37fd1d60dfcdf2521f00a4cb61f03";"2026-10-08T10:04:49.3345246Z";""
"https://02.rosstat.gov.ru/storage/mediabank/Estestvennoe-dvizhenie-naseleniya-municipalnyh-obrazovanij-RB-yanvar-avgust-2024.pdf";"Estestvennoe-dvizhenie-naseleniya-municipalnyh-obrazovanij-RB-yanvar-avgust-2024.pdf";"https://02.rosstat.gov.ru/folder/25491";"downloaded";"D:\Users\mardanova.er\Documents\КОНКУРСЫ 2026\3. сбер\ДОПОЛНИТЕЛЬНЫЕ ДАННЫЕ ИЗ РОСТАТА К ЕР\Estestvennoe-dvizhenie-naseleniya-municipalnyh-obrazovanij-RB-yanvar-avgust-2024.pdf";"433485";"a5c2330bac282a5570f7c8909f8d2443b7fcd50926a90d189bdbd6cd5db39c2c";"2026-10-08T10:04:50.7263400Z";""
"https://02.rosstat.gov.ru/storage/mediabank/Estestvennoe-dvizhenie-naseleniya-municipalnyh-obrazovanij-RB-yanvar-dekabr-2024.pdf";"Estestvennoe-dvizhenie-naseleniya-municipalnyh-obrazovanij-RB-yanvar-dekabr-2024.pdf";"https://02.rosstat.gov.ru/folder/25491";"downloaded";"D:\Users\mardanova.er\Documents\КОНКУРСЫ 2026\3. сбер\ДОПОЛНИТЕЛЬНЫЕ ДАННЫЕ ИЗ РОСТАТА К ЕР\Estestvennoe-dvizhenie-naseleniya-municipalnyh-obrazovanij-RB-yanvar-dekabr-2024.pdf";"433117";"31d145b2be3531fb06bd6cdf14ce1689bf626bc9ca6d4ec6a00f3edddd784169";"2026-10-08T10:04:51.9903185Z";""
"https://02.rosstat.gov.ru/storage/mediabank/Estestvennoe-dvizhenie-naseleniya-municipalnyh-obrazovanij-RB-yanvar-fevral-2025.pdf";"Estestvennoe-dvizhenie-naseleniya-municipalnyh-obrazovanij-RB-yanvar-fevral-2025.pdf";"https://02.rosstat.gov.ru/folder/25491";"existing_identical";"D:\Users\mardanova.er\Documents\КОНКУРСЫ 2026\3. сбер\ДОПОЛНИТЕЛЬНЫЕ ДАННЫЕ ИЗ РОСТАТА К ЕР\Estestvennoe-dvizhenie-naseleniya-municipalnyh-obrazovanij-RB-yanvar-fevral-2025.pdf";"433125";"6999e3f9a92fdb25fcce61d21928a7ce902a3b0ed9e3754ad987fe776a16374b";"2026-10-08T10:04:53.5937693Z";""
"https://02.rosstat.gov.ru/storage/mediabank/Estestvennoe-dvizhenie-naseleniya-municipalnyh-obrazovanij-RB-yanvar-noyabr-2024.pdf";"Estestvennoe-dvizhenie-naseleniya-municipalnyh-obrazovanij-RB-yanvar-noyabr-2024.pdf";"https://02.rosstat.gov.ru/folder/25491";"downloaded";"D:\Users\mardanova.er\Documents\КОНКУРСЫ 2026\3. сбер\ДОПОЛНИТЕЛЬНЫЕ ДАННЫЕ ИЗ РОСТАТА К ЕР\Estestvennoe-dvizhenie-naseleniya-municipalnyh-obrazovanij-RB-yanvar-noyabr-2024.pdf";"433079";"66d94c08c540272292faf945d7c877fec9592943ee90fca66ce558fd5464094f";"2026-10-08T10:04:54.9209550Z";""
"https://02.rosstat.gov.ru/storage/mediabank/Itogi_migratsionnogo_dvizhenija_naselenija_RespublikiBashkortostan_janvar-fevral_2025.pdf";"Itogi_migratsionnogo_dvizhenija_naselenija_RespublikiBashkortostan_janvar-fevral_2025.pdf";"https://02.rosstat.gov.ru/folder/25491";"existing_identical";"D:\Users\mardanova.er\Documents\КОНКУРСЫ 2026\3. сбер\ДОПОЛНИТЕЛЬНЫЕ ДАННЫЕ ИЗ РОСТАТА К ЕР\Itogi_migratsionnogo_dvizhenija_naselenija_RespublikiBashkortostan_janvar-fevral_2025.pdf";"297361";"fb7eb7d987a4df4baf3acba5a86bb0634eeb9074aad915ddd44d9d3b5105d2fe";"2026-10-08T10:04:57.2264751Z";""
"https://02.rosstat.gov.ru/storage/mediabank/itogi-migr_RB-01-05_2024_1044543.pdf";"itogi-migr_RB-01-05_2024_1044543.pdf";"https://02.rosstat.gov.ru/folder/25491";"downloaded";"D:\Users\mardanova.er\Documents\КОНКУРСЫ 2026\3. сбер\ДОПОЛНИТЕЛЬНЫЕ ДАННЫЕ ИЗ РОСТАТА К ЕР\itogi-migr_RB-01-05_2024_1044543.pdf";"297133";"cd91c7826ad0c78bcdaaf9e5b77e44844d1834858a98fc3f39a93e4d91070d3a";"2026-10-08T10:04:58.3818258Z";""
"https://02.rosstat.gov.ru/storage/mediabank/itogi-migr_RB-01-06_2024_1044545.pdf";"itogi-migr_RB-01-06_2024_1044545.pdf";"https://02.rosstat.gov.ru/folder/25491";"downloaded";"D:\Users\mardanova.er\Documents\КОНКУРСЫ 2026\3. сбер\ДОПОЛНИТЕЛЬНЫЕ ДАННЫЕ ИЗ РОСТАТА К ЕР\itogi-migr_RB-01-06_2024_1044545.pdf";"227562";"fcafc3eb4d8d395de55298c2b8b773988c63ba2282352adedc431f73ea6515e5";"2026-10-08T10:04:59.3905511Z";""
"https://02.rosstat.gov.ru/storage/mediabank/itogi-migracionnogo-dvizheniya-naseleniya-RB-03-2024_1044539.pdf";"itogi-migracionnogo-dvizheniya-naseleniya-RB-03-2024_1044539.pdf";"https://02.rosstat.gov.ru/folder/25491";"downloaded";"D:\Users\mardanova.er\Documents\КОНКУРСЫ 2026\3. сбер\ДОПОЛНИТЕЛЬНЫЕ ДАННЫЕ ИЗ РОСТАТА К ЕР\itogi-migracionnogo-dvizheniya-naseleniya-RB-03-2024_1044539.pdf";"228557";"172924b3ca4c170654d0bf8f432fc095f2bd712a942899cbc1e44656f67ccd93";"2026-10-08T10:05:00.9822402Z";""
"https://02.rosstat.gov.ru/storage/mediabank/itogi-migracionnogo-dvizheniya-naseleniya-RB-10-2024_1044547.pdf";"itogi-migracionnogo-dvizheniya-naseleniya-RB-10-2024_1044547.pdf";"https://02.rosstat.gov.ru/folder/25491";"downloaded";"D:\Users\mardanova.er\Documents\КОНКУРСЫ 2026\3. сбер\ДОПОЛНИТЕЛЬНЫЕ ДАННЫЕ ИЗ РОСТАТА К ЕР\itogi-migracionnogo-dvizheniya-naseleniya-RB-10-2024_1044547.pdf";"228779";"1fc7eef87035f31860b7e4239df8a4018917a802d7f3fed19947ec670650fdd1";"2026-10-08T10:05:02.1669622Z";""
"https://02.rosstat.gov.ru/storage/mediabank/itogi-migracionnogo-dvizheniya-naseleniya-RB-11-2024_1044548.pdf";"itogi-migracionnogo-dvizheniya-naseleniya-RB-11-2024_1044548.pdf";"https://02.rosstat.gov.ru/folder/25491";"downloaded";"D:\Users\mardanova.er\Documents\КОНКУРСЫ 2026\3. сбер\ДОПОЛНИТЕЛЬНЫЕ ДАННЫЕ ИЗ РОСТАТА К ЕР\itogi-migracionnogo-dvizheniya-naseleniya-RB-11-2024_1044548.pdf";"228393";"1f788f73bff2ff80b2e3aba97d7ff4eb03fae71b607b13fff4a0edf1f0db32b8";"2026-10-08T10:05:03.5774945Z";""
"https://02.rosstat.gov.ru/storage/mediabank/itogi-migracionnogo-dvizheniya-naseleniya-RB-12-2024_1044552.pdf";"itogi-migracionnogo-dvizheniya-naseleniya-RB-12-2024_1044552.pdf";"https://02.rosstat.gov.ru/folder/25491";"downloaded";"D:\Users\mardanova.er\Documents\КОНКУРСЫ 2026\3. сбер\ДОПОЛНИТЕЛЬНЫЕ ДАННЫЕ ИЗ РОСТАТА К ЕР\itogi-migracionnogo-dvizheniya-naseleniya-RB-12-2024_1044552.pdf";"228933";"0b864b26bf5b45954406596bf06daffaaad0c534b15eb92ccd952e9d1c9cb3a3";"2026-10-08T10:05:04.5791712Z";""
"https://02.rosstat.gov.ru/storage/mediabank/Koefficient-migracionnogo-prirosta(ubyli)-naseleniya-Respubliki-Bashkortostan-02-2024_1044536.pdf";"Koefficient-migracionnogo-prirosta(ubyli)-naseleniya-Respubliki-Bashkortostan-02-2024_1044536.pdf";"https://02.rosstat.gov.ru/folder/25491";"downloaded";"D:\Users\mardanova.er\Documents\КОНКУРСЫ 2026\3. сбер\ДОПОЛНИТЕЛЬНЫЕ ДАННЫЕ ИЗ РОСТАТА К ЕР\Koefficient-migracionnogo-prirosta(ubyli)-naseleniya-Respubliki-Bashkortostan-02-2024_1044536.pdf";"213711";"9f072e71bfb74152af8049b380f9986c15410c1947187db8bc9f323540f3e060";"2026-10-08T10:05:05.7565504Z";""
"https://02.rosstat.gov.ru/storage/mediabank/Koefficient-migracionnogo-prirosta(ubyli)-naseleniya-Respubliki-Bashkortostan-03-2024_1044540.pdf";"Koefficient-migracionnogo-prirosta(ubyli)-naseleniya-Respubliki-Bashkortostan-03-2024_1044540.pdf";"https://02.rosstat.gov.ru/folder/25491";"downloaded";"D:\Users\mardanova.er\Documents\КОНКУРСЫ 2026\3. сбер\ДОПОЛНИТЕЛЬНЫЕ ДАННЫЕ ИЗ РОСТАТА К ЕР\Koefficient-migracionnogo-prirosta(ubyli)-naseleniya-Respubliki-Bashkortostan-03-2024_1044540.pdf";"215599";"c396eacadc4b10b91c9641433a6d1d27adb4664c949706ea3b51ae7fa3d3af2b";"2026-10-08T10:05:06.9800114Z";""
"https://02.rosstat.gov.ru/storage/mediabank/Koefficient-migracionnogo-prirosta(ubyli)-naseleniya-Respubliki-Bashkortostan-10-2024_1044549.pdf";"Koefficient-migracionnogo-prirosta(ubyli)-naseleniya-Respubliki-Bashkortostan-10-2024_1044549.pdf";"https://02.rosstat.gov.ru/folder/25491";"downloaded";"D:\Users\mardanova.er\Documents\КОНКУРСЫ 2026\3. сбер\ДОПОЛНИТЕЛЬНЫЕ ДАННЫЕ ИЗ РОСТАТА К ЕР\Koefficient-migracionnogo-prirosta(ubyli)-naseleniya-Respubliki-Bashkortostan-10-2024_1044549.pdf";"212749";"bebc791c85ba618e5a63379f308122258c8a230562c04d79ddecf0cb2e2ff4f4";"2026-10-08T10:05:08.2206738Z";""
"https://02.rosstat.gov.ru/storage/mediabank/Koefficient-migracionnogo-prirosta(ubyli)-naseleniya-Respubliki-Bashkortostan-11-2024_1044550.pdf";"Koefficient-migracionnogo-prirosta(ubyli)-naseleniya-Respubliki-Bashkortostan-11-2024_1044550.pdf";"https://02.rosstat.gov.ru/folder/25491";"downloaded";"D:\Users\mardanova.er\Documents\КОНКУРСЫ 2026\3. сбер\ДОПОЛНИТЕЛЬНЫЕ ДАННЫЕ ИЗ РОСТАТА К ЕР\Koefficient-migracionnogo-prirosta(ubyli)-naseleniya-Respubliki-Bashkortostan-11-2024_1044550.pdf";"212362";"ac9aedb596c6587e46b37273aab4971bc6ee348ffe4f85082f7a2915d581b305";"2026-10-08T10:05:09.6980580Z";""
"https://02.rosstat.gov.ru/storage/mediabank/Koefficient-migracionnogo-prirosta(ubyli)-naseleniya-Respubliki-Bashkortostan-12-2024_1044551.pdf";"Koefficient-migracionnogo-prirosta(ubyli)-naseleniya-Respubliki-Bashkortostan-12-2024_1044551.pdf";"https://02.rosstat.gov.ru/folder/25491";"downloaded";"D:\Users\mardanova.er\Documents\КОНКУРСЫ 2026\3. сбер\ДОПОЛНИТЕЛЬНЫЕ ДАННЫЕ ИЗ РОСТАТА К ЕР\Koefficient-migracionnogo-prirosta(ubyli)-naseleniya-Respubliki-Bashkortostan-12-2024_1044551.pdf";"213313";"0528ff685666eaf42d6ef13dcd77af1c059afb6e443350627e6ce707ab5c5bdf";"2026-10-08T10:05:11.2011565Z";""
"https://02.rosstat.gov.ru/storage/mediabank/Koeffitsient_migratsionnogo_prirosta(ubyli)_naselenija_RespublikiBashkortostan_janvar-fevral_2025.pdf";"Koeffitsient_migratsionnogo_prirosta(ubyli)_naselenija_RespublikiBashkortostan_janvar-fevral_2025.pdf";"https://02.rosstat.gov.ru/folder/25491";"existing_identical";"D:\Users\mardanova.er\Documents\КОНКУРСЫ 2026\3. сбер\ДОПОЛНИТЕЛЬНЫЕ ДАННЫЕ ИЗ РОСТАТА К ЕР\Koeffitsient_migratsionnogo_prirosta(ubyli)_naselenija_RespublikiBashkortostan_janvar-fevral_2025.pdf";"251222";"3da92a5d0494b33608bc0d4403ad73bb8fefd0b6de00860ae0737c27a68059a7";"2026-10-08T10:05:12.7508047Z";""
"https://02.rosstat.gov.ru/storage/mediabank/Metodologicheskie-poyasneniya.Demografiya.pdf";"Metodologicheskie-poyasneniya.Demografiya.pdf";"https://02.rosstat.gov.ru/folder/25491";"downloaded";"D:\Users\mardanova.er\Documents\КОНКУРСЫ 2026\3. сбер\ДОПОЛНИТЕЛЬНЫЕ ДАННЫЕ ИЗ РОСТАТА К ЕР\Metodologicheskie-poyasneniya.Demografiya.pdf";"136549";"d3caa9018a9dc869f322538a78c0c572109f6c3ce6256a86f4dff9ecb7be373d";"2026-10-08T10:05:14.2599134Z";""
"https://02.rosstat.gov.ru/storage/mediabank/Metodologicheskie-poyasneniya.Zdravoohranenie.pdf";"Metodologicheskie-poyasneniya.Zdravoohranenie.pdf";"https://02.rosstat.gov.ru/folder/25491";"downloaded";"D:\Users\mardanova.er\Documents\КОНКУРСЫ 2026\3. сбер\ДОПОЛНИТЕЛЬНЫЕ ДАННЫЕ ИЗ РОСТАТА К ЕР\Metodologicheskie-poyasneniya.Zdravoohranenie.pdf";"99814";"7387fbecc840113ed08f5b74dda8dd510b4efe794d96cd5ac46973d8a711f2d6";"2026-10-08T10:05:15.8204975Z";""
"https://02.rosstat.gov.ru/storage/mediabank/migr_koef_01-04_2024_1044542.pdf";"migr_koef_01-04_2024_1044542.pdf";"https://02.rosstat.gov.ru/folder/25491";"downloaded";"D:\Users\mardanova.er\Documents\КОНКУРСЫ 2026\3. сбер\ДОПОЛНИТЕЛЬНЫЕ ДАННЫЕ ИЗ РОСТАТА К ЕР\migr_koef_01-04_2024_1044542.pdf";"251820";"a4240386006cff2bda18c45cad2a28347a56c5628123988422239a07e56d0ff5";"2026-10-08T10:05:16.8677618Z";""
"https://02.rosstat.gov.ru/storage/mediabank/migr_koef_01-05_2024_1044544.pdf";"migr_koef_01-05_2024_1044544.pdf";"https://02.rosstat.gov.ru/folder/25491";"downloaded";"D:\Users\mardanova.er\Documents\КОНКУРСЫ 2026\3. сбер\ДОПОЛНИТЕЛЬНЫЕ ДАННЫЕ ИЗ РОСТАТА К ЕР\migr_koef_01-05_2024_1044544.pdf";"251483";"322f1f6cfa5863cbccc70e311bf663945462f3c4e56720c6507d0a5d07e6af81";"2026-10-08T10:05:18.1150967Z";""
"https://02.rosstat.gov.ru/storage/mediabank/migr_koef_01-06_2024_1044546.pdf";"migr_koef_01-06_2024_1044546.pdf";"https://02.rosstat.gov.ru/folder/25491";"downloaded";"D:\Users\mardanova.er\Documents\КОНКУРСЫ 2026\3. сбер\ДОПОЛНИТЕЛЬНЫЕ ДАННЫЕ ИЗ РОСТАТА К ЕР\migr_koef_01-06_2024_1044546.pdf";"212820";"2794e95f265b59523f829eb7897c4880e0317359cb23b4ab10fa4dc21ecb38f1";"2026-10-08T10:05:19.4093125Z";""
"https://02.rosstat.gov.ru/storage/mediabank/Migr-01_04-2024_1044541.pdf";"Migr-01_04-2024_1044541.pdf";"https://02.rosstat.gov.ru/folder/25491";"downloaded";"D:\Users\mardanova.er\Documents\КОНКУРСЫ 2026\3. сбер\ДОПОЛНИТЕЛЬНЫЕ ДАННЫЕ ИЗ РОСТАТА К ЕР\Migr-01_04-2024_1044541.pdf";"297321";"c5853f40bde5ae8a75c696ce2ea5bc3e36cf090b9492f2a4571eabbde820c3a7";"2026-10-08T10:05:20.9585248Z";""
"https://02.rosstat.gov.ru/storage/mediabank/Migracionnyj-prirost-ubyl-naseleniya-po-ukrupnyonnym-vozrastnym-gruppam-2023.pdf";"Migracionnyj-prirost-ubyl-naseleniya-po-ukrupnyonnym-vozrastnym-gruppam-2023.pdf";"https://02.rosstat.gov.ru/folder/25491";"downloaded";"D:\Users\mardanova.er\Documents\КОНКУРСЫ 2026\3. сбер\ДОПОЛНИТЕЛЬНЫЕ ДАННЫЕ ИЗ РОСТАТА К ЕР\Migracionnyj-prirost-ubyl-naseleniya-po-ukrupnyonnym-vozrastnym-gruppam-2023.pdf";"195073";"9723885a9a8f5a72f71cc149e0c031bfafbe69f2256b36d2ca00a7109d5ba99b";"2026-10-08T10:05:22.8359955Z";""
"https://02.rosstat.gov.ru/storage/mediabank/Migraciya-naseleniya-po-potokam-2023.pdf";"Migraciya-naseleniya-po-potokam-2023.pdf";"https://02.rosstat.gov.ru/folder/25491";"downloaded";"D:\Users\mardanova.er\Documents\КОНКУРСЫ 2026\3. сбер\ДОПОЛНИТЕЛЬНЫЕ ДАННЫЕ ИЗ РОСТАТА К ЕР\Migraciya-naseleniya-po-potokam-2023.pdf";"214588";"eed45228d7f0d117b7f9028ccb2627bf571c9870b5b4266e67ca47365246cffa";"2026-10-08T10:05:24.5122972Z";""
"https://02.rosstat.gov.ru/storage/mediabank/Obschie_itogi_migratsionnogo_dvizhenija_naselenija_RespublikiBashkortostan_janvar-fevral_2025.pdf";"Obschie_itogi_migratsionnogo_dvizhenija_naselenija_RespublikiBashkortostan_janvar-fevral_2025.pdf";"https://02.rosstat.gov.ru/folder/25491";"existing_identical";"D:\Users\mardanova.er\Documents\КОНКУРСЫ 2026\3. сбер\ДОПОЛНИТЕЛЬНЫЕ ДАННЫЕ ИЗ РОСТАТА К ЕР\Obschie_itogi_migratsionnogo_dvizhenija_naselenija_RespublikiBashkortostan_janvar-fevral_2025.pdf";"209261";"0188759dee9f1a1c65dee307a846efe162e2c32f6c9944bdf319a7de3484fa3c";"2026-10-08T10:05:25.7214954Z";""
"https://02.rosstat.gov.ru/storage/mediabank/Obshchie-itogi-migracionnogo-dvizheniya-naseleniya-RB-01-01-2024_1044525.pdf";"Obshchie-itogi-migracionnogo-dvizheniya-naseleniya-RB-01-01-2024_1044525.pdf";"https://02.rosstat.gov.ru/folder/25491";"downloaded";"D:\Users\mardanova.er\Documents\КОНКУРСЫ 2026\3. сбер\ДОПОЛНИТЕЛЬНЫЕ ДАННЫЕ ИЗ РОСТАТА К ЕР\Obshchie-itogi-migracionnogo-dvizheniya-naseleniya-RB-01-01-2024_1044525.pdf";"192993";"a6c4c6430b040b15432d60f6c62aa0bef23d5dc62c4767ea2f6126871b3e2d42";"2026-10-08T10:05:26.8949901Z";""
"https://02.rosstat.gov.ru/storage/mediabank/Obshchie-itogi-migracionnogo-dvizheniya-naseleniya-RB-01-02-2024_1044526.pdf";"Obshchie-itogi-migracionnogo-dvizheniya-naseleniya-RB-01-02-2024_1044526.pdf";"https://02.rosstat.gov.ru/folder/25491";"downloaded";"D:\Users\mardanova.er\Documents\КОНКУРСЫ 2026\3. сбер\ДОПОЛНИТЕЛЬНЫЕ ДАННЫЕ ИЗ РОСТАТА К ЕР\Obshchie-itogi-migracionnogo-dvizheniya-naseleniya-RB-01-02-2024_1044526.pdf";"193774";"e8c4ef0df736aec7ae0cdeb0d70491706cfb884b2557a093da877fa072d25717";"2026-10-08T10:05:28.2179813Z";""
"https://02.rosstat.gov.ru/storage/mediabank/Obshchie-itogi-migracionnogo-dvizheniya-naseleniya-RB-01-03-2024_1044527.pdf";"Obshchie-itogi-migracionnogo-dvizheniya-naseleniya-RB-01-03-2024_1044527.pdf";"https://02.rosstat.gov.ru/folder/25491";"downloaded";"D:\Users\mardanova.er\Documents\КОНКУРСЫ 2026\3. сбер\ДОПОЛНИТЕЛЬНЫЕ ДАННЫЕ ИЗ РОСТАТА К ЕР\Obshchie-itogi-migracionnogo-dvizheniya-naseleniya-RB-01-03-2024_1044527.pdf";"187125";"5cdc3e50f2b515fa9aefd6f7cc07989527c803e4bc08ab470c6581062aa90a24";"2026-10-08T10:05:29.8685746Z";""
"https://02.rosstat.gov.ru/storage/mediabank/Obshchie-itogi-migracionnogo-dvizheniya-naseleniya-RB-01-2024_1044537.pdf";"Obshchie-itogi-migracionnogo-dvizheniya-naseleniya-RB-01-2024_1044537.pdf";"https://02.rosstat.gov.ru/folder/25491";"downloaded";"D:\Users\mardanova.er\Documents\КОНКУРСЫ 2026\3. сбер\ДОПОЛНИТЕЛЬНЫЕ ДАННЫЕ ИЗ РОСТАТА К ЕР\Obshchie-itogi-migracionnogo-dvizheniya-naseleniya-RB-01-2024_1044537.pdf";"227726";"ff0a495970d3595a910c4c5b56dfde14eaac807a2abcf40920d81923a6cb5080";"2026-10-08T10:05:31.3841498Z";""
"https://02.rosstat.gov.ru/storage/mediabank/Obshchie-itogi-migracionnogo-dvizheniya-naseleniya-RB-02-2024_1044538.pdf";"Obshchie-itogi-migracionnogo-dvizheniya-naseleniya-RB-02-2024_1044538.pdf";"https://02.rosstat.gov.ru/folder/25491";"downloaded";"D:\Users\mardanova.er\Documents\КОНКУРСЫ 2026\3. сбер\ДОПОЛНИТЕЛЬНЫЕ ДАННЫЕ ИЗ РОСТАТА К ЕР\Obshchie-itogi-migracionnogo-dvizheniya-naseleniya-RB-02-2024_1044538.pdf";"228246";"becb53e0ca5dabb3ae411cee008998d46d1c8af7458b3c377c0ed1a9fdf954eb";"2026-10-08T10:05:32.4663700Z";""
"https://02.rosstat.gov.ru/storage/mediabank/Obshchie-itogi-migracionnogo-dvizheniya-naseleniya-RB-10-2024_1044531.pdf";"Obshchie-itogi-migracionnogo-dvizheniya-naseleniya-RB-10-2024_1044531.pdf";"https://02.rosstat.gov.ru/folder/25491";"downloaded";"D:\Users\mardanova.er\Documents\КОНКУРСЫ 2026\3. сбер\ДОПОЛНИТЕЛЬНЫЕ ДАННЫЕ ИЗ РОСТАТА К ЕР\Obshchie-itogi-migracionnogo-dvizheniya-naseleniya-RB-10-2024_1044531.pdf";"193867";"45ee7d192297a66188428b327a464014f7a9c93db0886cc39ea18c470878f03f";"2026-10-08T10:05:33.6010140Z";""
"https://02.rosstat.gov.ru/storage/mediabank/Obshchie-itogi-migracionnogo-dvizheniya-naseleniya-RB-11-2024_1044532.pdf";"Obshchie-itogi-migracionnogo-dvizheniya-naseleniya-RB-11-2024_1044532.pdf";"https://02.rosstat.gov.ru/folder/25491";"downloaded";"D:\Users\mardanova.er\Documents\КОНКУРСЫ 2026\3. сбер\ДОПОЛНИТЕЛЬНЫЕ ДАННЫЕ ИЗ РОСТАТА К ЕР\Obshchie-itogi-migracionnogo-dvizheniya-naseleniya-RB-11-2024_1044532.pdf";"193048";"093287e9ae2ff4ce4d890e7f39e7f20239d6d458ea033200b96163c27ff5614c";"2026-10-08T10:05:35.1568021Z";""
"https://02.rosstat.gov.ru/storage/mediabank/Obshchie-itogi-migracionnogo-dvizheniya-naseleniya-RB-12-2024_1044533.pdf";"Obshchie-itogi-migracionnogo-dvizheniya-naseleniya-RB-12-2024_1044533.pdf";"https://02.rosstat.gov.ru/folder/25491";"downloaded";"D:\Users\mardanova.er\Documents\КОНКУРСЫ 2026\3. сбер\ДОПОЛНИТЕЛЬНЫЕ ДАННЫЕ ИЗ РОСТАТА К ЕР\Obshchie-itogi-migracionnogo-dvizheniya-naseleniya-RB-12-2024_1044533.pdf";"193647";"295a75046ba7c7f35f842f8d3939c76144e674eed4c8b183d062c6f6906c3b77";"2026-10-08T10:05:36.6985650Z";""
"https://02.rosstat.gov.ru/storage/mediabank/operat-itogi-EDN-05-2024.pdf";"operat-itogi-EDN-05-2024.pdf";"https://02.rosstat.gov.ru/folder/25491";"downloaded";"D:\Users\mardanova.er\Documents\КОНКУРСЫ 2026\3. сбер\ДОПОЛНИТЕЛЬНЫЕ ДАННЫЕ ИЗ РОСТАТА К ЕР\operat-itogi-EDN-05-2024.pdf";"383606";"86e89027f012325eae27e30035fe1522671bc3d808d27de22f00165b1ea1906f";"2026-10-08T10:05:37.9356653Z";""
"https://02.rosstat.gov.ru/storage/mediabank/operat-itogi-EDN-06-2024.pdf";"operat-itogi-EDN-06-2024.pdf";"https://02.rosstat.gov.ru/folder/25491";"downloaded";"D:\Users\mardanova.er\Documents\КОНКУРСЫ 2026\3. сбер\ДОПОЛНИТЕЛЬНЫЕ ДАННЫЕ ИЗ РОСТАТА К ЕР\operat-itogi-EDN-06-2024.pdf";"395948";"85d55d0762d9cc22c803cd275a76cf3322d31e7c08dc0dc34361989ca8fa36aa";"2026-10-08T10:05:40.4298684Z";""
"https://02.rosstat.gov.ru/storage/mediabank/operat-itogi-EDN-07-2024.pdf";"operat-itogi-EDN-07-2024.pdf";"https://02.rosstat.gov.ru/folder/25491";"downloaded";"D:\Users\mardanova.er\Documents\КОНКУРСЫ 2026\3. сбер\ДОПОЛНИТЕЛЬНЫЕ ДАННЫЕ ИЗ РОСТАТА К ЕР\operat-itogi-EDN-07-2024.pdf";"208194";"f9503b7746fbf27975bfed648edb53497468aac825f7c4b45f4334f33dd39fe4";"2026-10-08T10:05:42.0368662Z";""
"https://02.rosstat.gov.ru/storage/mediabank/operat-itogi-EDN-08-2024.pdf";"operat-itogi-EDN-08-2024.pdf";"https://02.rosstat.gov.ru/folder/25491";"downloaded";"D:\Users\mardanova.er\Documents\КОНКУРСЫ 2026\3. сбер\ДОПОЛНИТЕЛЬНЫЕ ДАННЫЕ ИЗ РОСТАТА К ЕР\operat-itogi-EDN-08-2024.pdf";"208191";"a3d8759f7b59211e70ff79cb3f6459abbd8a8821bd4d5dedbfded6cafe243103";"2026-10-08T10:05:43.5998503Z";""
"https://02.rosstat.gov.ru/storage/mediabank/operat-itogi-EDN-09-2024.pdf";"operat-itogi-EDN-09-2024.pdf";"https://02.rosstat.gov.ru/folder/25491";"downloaded";"D:\Users\mardanova.er\Documents\КОНКУРСЫ 2026\3. сбер\ДОПОЛНИТЕЛЬНЫЕ ДАННЫЕ ИЗ РОСТАТА К ЕР\operat-itogi-EDN-09-2024.pdf";"398203";"21c92c83b2bc7f01258a0e03bc1f3e9c23654d023ac6910ed34a6d066faf385e";"2026-10-08T10:05:45.0421978Z";""
"https://02.rosstat.gov.ru/storage/mediabank/operat-itogi-EDN-10-2024.pdf";"operat-itogi-EDN-10-2024.pdf";"https://02.rosstat.gov.ru/folder/25491";"downloaded";"D:\Users\mardanova.er\Documents\КОНКУРСЫ 2026\3. сбер\ДОПОЛНИТЕЛЬНЫЕ ДАННЫЕ ИЗ РОСТАТА К ЕР\operat-itogi-EDN-10-2024.pdf";"210236";"b9117ff8d8d3b0f98bd828c422b565089925a0378ebb11b32a89b40a4d79a4a2";"2026-10-08T10:05:46.6077758Z";""
"https://02.rosstat.gov.ru/storage/mediabank/Operativnye-itogi-estestvennogo-dvizheniya-naseleniya-RB-yanvar-2025.pdf";"Operativnye-itogi-estestvennogo-dvizheniya-naseleniya-RB-yanvar-2025.pdf";"https://02.rosstat.gov.ru/folder/25491";"existing_identical";"D:\Users\mardanova.er\Documents\КОНКУРСЫ 2026\3. сбер\ДОПОЛНИТЕЛЬНЫЕ ДАННЫЕ ИЗ РОСТАТА К ЕР\Operativnye-itogi-estestvennogo-dvizheniya-naseleniya-RB-yanvar-2025.pdf";"201128";"4e24b7ab8049400f6be4fe5e50904c723999867995f1b7e8f2f1680ddb55a494";"2026-10-08T10:05:48.1315327Z";""
"https://02.rosstat.gov.ru/storage/mediabank/Operativnye-itogi-estestvennogo-dvizheniya-naseleniya-RB-yanvar-dekabr-2024.pdf";"Operativnye-itogi-estestvennogo-dvizheniya-naseleniya-RB-yanvar-dekabr-2024.pdf";"https://02.rosstat.gov.ru/folder/25491";"existing_identical";"D:\Users\mardanova.er\Documents\КОНКУРСЫ 2026\3. сбер\ДОПОЛНИТЕЛЬНЫЕ ДАННЫЕ ИЗ РОСТАТА К ЕР\Operativnye-itogi-estestvennogo-dvizheniya-naseleniya-RB-yanvar-dekabr-2024.pdf";"203665";"81f120840a84b4dca4b5c866e61857c21d3e75c4bac3303121044c916f89232a";"2026-10-08T10:05:49.4965185Z";""
"https://02.rosstat.gov.ru/storage/mediabank/Operativnye-itogi-estestvennogo-dvizheniya-naseleniya-RB-yanvar-fevral-2025.pdf";"Operativnye-itogi-estestvennogo-dvizheniya-naseleniya-RB-yanvar-fevral-2025.pdf";"https://02.rosstat.gov.ru/folder/25491";"existing_identical";"D:\Users\mardanova.er\Documents\КОНКУРСЫ 2026\3. сбер\ДОПОЛНИТЕЛЬНЫЕ ДАННЫЕ ИЗ РОСТАТА К ЕР\Operativnye-itogi-estestvennogo-dvizheniya-naseleniya-RB-yanvar-fevral-2025.pdf";"203266";"f7ae049711078d03242594054ba7b50fb92a0a03da64418115bd961981aeeb79";"2026-10-08T10:05:50.9140324Z";""
"https://02.rosstat.gov.ru/storage/mediabank/Operativnye-itogi-estestvennogo-dvizheniya-naseleniya-RB-yanvar-noyabr-2024.pdf";"Operativnye-itogi-estestvennogo-dvizheniya-naseleniya-RB-yanvar-noyabr-2024.pdf";"https://02.rosstat.gov.ru/folder/25491";"downloaded";"D:\Users\mardanova.er\Documents\КОНКУРСЫ 2026\3. сбер\ДОПОЛНИТЕЛЬНЫЕ ДАННЫЕ ИЗ РОСТАТА К ЕР\Operativnye-itogi-estestvennogo-dvizheniya-naseleniya-RB-yanvar-noyabr-2024.pdf";"210602";"ff5ce3cf88146c8b96d2fb36328dc3cee32d6625af1fbb19b1c462fb4f3cf461";"2026-10-08T10:05:53.7414938Z";""
"https://02.rosstat.gov.ru/storage/mediabank/oper-EDN_01_2024.pdf";"oper-EDN_01_2024.pdf";"https://02.rosstat.gov.ru/folder/25491";"downloaded";"D:\Users\mardanova.er\Documents\КОНКУРСЫ 2026\3. сбер\ДОПОЛНИТЕЛЬНЫЕ ДАННЫЕ ИЗ РОСТАТА К ЕР\oper-EDN_01_2024.pdf";"379965";"a49f6bc2f4fc7d4ae10e19e1629608caf2a38a685111f63ad70318c089a4680e";"2026-10-08T10:05:55.1870306Z";""
"https://02.rosstat.gov.ru/storage/mediabank/oper-EDN_02-2024.pdf";"oper-EDN_02-2024.pdf";"https://02.rosstat.gov.ru/folder/25491";"downloaded";"D:\Users\mardanova.er\Documents\КОНКУРСЫ 2026\3. сбер\ДОПОЛНИТЕЛЬНЫЕ ДАННЫЕ ИЗ РОСТАТА К ЕР\oper-EDN_02-2024.pdf";"382857";"59475271b8809539edf3818f0f4c05e81a976f1643be938b99df4e29476d0d77";"2026-10-08T10:05:56.6937321Z";""
"https://02.rosstat.gov.ru/storage/mediabank/ozhidaemaya-prodolzhitel'nost'-zhizni-pri-rozhdeniii-2023.pdf";"ozhidaemaya-prodolzhitel'nost'-zhizni-pri-rozhdeniii-2023.pdf";"https://02.rosstat.gov.ru/folder/25491";"downloaded";"D:\Users\mardanova.er\Documents\КОНКУРСЫ 2026\3. сбер\ДОПОЛНИТЕЛЬНЫЕ ДАННЫЕ ИЗ РОСТАТА К ЕР\ozhidaemaya-prodolzhitel'nost'-zhizni-pri-rozhdeniii-2023.pdf";"117624";"b1a03b14bd8504ab4f2e00b6ae151b0f50f05c5bf10dc64c721c4ec54fe84058";"2026-10-08T10:05:58.6256196Z";""
"https://02.rosstat.gov.ru/storage/mediabank/Pokazateli-estestvennogo-dvizheniya-naseleniya-2023.pdf";"Pokazateli-estestvennogo-dvizheniya-naseleniya-2023.pdf";"https://02.rosstat.gov.ru/folder/25491";"downloaded";"D:\Users\mardanova.er\Documents\КОНКУРСЫ 2026\3. сбер\ДОПОЛНИТЕЛЬНЫЕ ДАННЫЕ ИЗ РОСТАТА К ЕР\Pokazateli-estestvennogo-dvizheniya-naseleniya-2023.pdf";"190316";"d6d3de9a96e4382657ed432a8f9eb701bbcc9f68f7b17f85ca3371c24baced84";"2026-10-08T10:06:00.1363720Z";""
"https://02.rosstat.gov.ru/storage/mediabank/Raspredelenie-migrantov-v-vozraste-14-i-starshe-po-urovnyu-obrazovaniya-2023.pdf";"Raspredelenie-migrantov-v-vozraste-14-i-starshe-po-urovnyu-obrazovaniya-2023.pdf";"https://02.rosstat.gov.ru/folder/25491";"downloaded";"D:\Users\mardanova.er\Documents\КОНКУРСЫ 2026\3. сбер\ДОПОЛНИТЕЛЬНЫЕ ДАННЫЕ ИЗ РОСТАТА К ЕР\Raspredelenie-migrantov-v-vozraste-14-i-starshe-po-urovnyu-obrazovaniya-2023.pdf";"233283";"c56dd2a9d017cec54606de64fb1989a8fdb2c48eba3b7a0201ced6a0beff7701";"2026-10-08T10:06:01.5036047Z";""
"https://02.rosstat.gov.ru/storage/mediabank/RASPREDELENIE-MIGRANTOV-V-VOZRASTE-14-LET-I-STARSHE-PO-BRACHNOMU-SOSTOYANIYU-2023.pdf";"RASPREDELENIE-MIGRANTOV-V-VOZRASTE-14-LET-I-STARSHE-PO-BRACHNOMU-SOSTOYANIYU-2023.pdf";"https://02.rosstat.gov.ru/folder/25491";"downloaded";"D:\Users\mardanova.er\Documents\КОНКУРСЫ 2026\3. сбер\ДОПОЛНИТЕЛЬНЫЕ ДАННЫЕ ИЗ РОСТАТА К ЕР\RASPREDELENIE-MIGRANTOV-V-VOZRASTE-14-LET-I-STARSHE-PO-BRACHNOMU-SOSTOYANIYU-2023.pdf";"288174";"14e66b30351d749af68bc9f3147869c5af1fd48ccdcbbf3f722eaddca8c953e5";"2026-10-08T10:06:02.7693260Z";""
"https://02.rosstat.gov.ru/storage/mediabank/Raspredelenie-naseleniya-po-vozrastnym-gruppam.pdf";"Raspredelenie-naseleniya-po-vozrastnym-gruppam.pdf";"https://02.rosstat.gov.ru/folder/25491";"downloaded";"D:\Users\mardanova.er\Documents\КОНКУРСЫ 2026\3. сбер\ДОПОЛНИТЕЛЬНЫЕ ДАННЫЕ ИЗ РОСТАТА К ЕР\Raspredelenie-naseleniya-po-vozrastnym-gruppam.pdf";"513104";"3aed61f80f4b81802e27d33a323dea5ecad124405ba40da483e25d593ba8635d";"2026-10-08T10:06:04.5470633Z";""
"https://02.rosstat.gov.ru/storage/mediabank/total_migr_01-04_2024_1044528.pdf";"total_migr_01-04_2024_1044528.pdf";"https://02.rosstat.gov.ru/folder/25491";"downloaded";"D:\Users\mardanova.er\Documents\КОНКУРСЫ 2026\3. сбер\ДОПОЛНИТЕЛЬНЫЕ ДАННЫЕ ИЗ РОСТАТА К ЕР\total_migr_01-04_2024_1044528.pdf";"209173";"e933011c88f3ff828d9362ae8cebf755baf219182db5790df0bbaafcdc2dd0e4";"2026-10-08T10:06:06.3392691Z";""
"https://02.rosstat.gov.ru/storage/mediabank/total_migr_01-05_2024_1044529.pdf";"total_migr_01-05_2024_1044529.pdf";"https://02.rosstat.gov.ru/folder/25491";"downloaded";"D:\Users\mardanova.er\Documents\КОНКУРСЫ 2026\3. сбер\ДОПОЛНИТЕЛЬНЫЕ ДАННЫЕ ИЗ РОСТАТА К ЕР\total_migr_01-05_2024_1044529.pdf";"208682";"a42faf40f8e3ef8853b6ff84b87f12644d38fbf0bda724beb89947e5f3b619ff";"2026-10-08T10:06:08.2347295Z";""
"https://02.rosstat.gov.ru/storage/mediabank/total_migr_01-06_2024_1044530.pdf";"total_migr_01-06_2024_1044530.pdf";"https://02.rosstat.gov.ru/folder/25491";"downloaded";"D:\Users\mardanova.er\Documents\КОНКУРСЫ 2026\3. сбер\ДОПОЛНИТЕЛЬНЫЕ ДАННЫЕ ИЗ РОСТАТА К ЕР\total_migr_01-06_2024_1044530.pdf";"187688";"721cc51e55a7d4e92b1ae58b7f0eac98c239443aa6b06110d4b1ead81610a49b";"2026-10-08T10:06:09.6102398Z";""
"https://02.rosstat.gov.ru/storage/mediabank/umershie-po-prichinam-smerti-2023.pdf";"umershie-po-prichinam-smerti-2023.pdf";"https://02.rosstat.gov.ru/folder/25491";"downloaded";"D:\Users\mardanova.er\Documents\КОНКУРСЫ 2026\3. сбер\ДОПОЛНИТЕЛЬНЫЕ ДАННЫЕ ИЗ РОСТАТА К ЕР\umershie-po-prichinam-smerti-2023.pdf";"94459";"3862b6518b03a615d35a952d87aa090ce7963a4187f796d8274c6acf7df1ca5f";"2026-10-08T10:06:10.8118271Z";""
"https://02.rosstat.gov.ru/storage/mediabank/VNSZN-2026.pdf";"VNSZN-2026.pdf";"https://02.rosstat.gov.ru/folder/25491";"downloaded";"D:\Users\mardanova.er\Documents\КОНКУРСЫ 2026\3. сбер\ДОПОЛНИТЕЛЬНЫЕ ДАННЫЕ ИЗ РОСТАТА К ЕР\VNSZN-2026.pdf";"219239";"87a5f68aef97b077f640f9349defd009de562228f4859c790ed6d56079aa0da8";"2026-10-08T10:06:12.2865652Z";""
"https://02.rosstat.gov.ru/storage/mediabank/%D0%94%D0%B5%D0%BC%D0%BE%D0%B3%D1%80%D0%B0%D1%84%D0%B8%D1%87%D0%B5%D1%81%D0%BA%D0%B8%D0%B5%20%D0%BF%D0%BE%D0%BA%D0%B0%D0%B7%D0%B0%D1%82%D0%B5%D0%BB%D0%B8%20%D0%B7%D0%B0%202018%20%D0%B3%D0%BE%D0%B4%20.pdf";"Демографические показатели за 2018 год .pdf";"https://02.rosstat.gov.ru/folder/25491";"downloaded";"D:\Users\mardanova.er\Documents\КОНКУРСЫ 2026\3. сбер\ДОПОЛНИТЕЛЬНЫЕ ДАННЫЕ ИЗ РОСТАТА К ЕР\Демографические показатели за 2018 год .pdf";"244688";"10c961ede3a34999d893dbe4fe78400afd58dd2b82725f123fc038c0b27089cc";"2026-10-08T10:06:13.9044302Z";""
"https://02.rosstat.gov.ru/storage/mediabank/%D0%95%D1%81%D1%82%D0%B5%D1%81%D1%82%D0%B2%D0%B5%D0%BD%D0%BD%D0%BE%D0%B5%20%D0%B4%D0%B2%D0%B8%D0%B6%D0%B5%D0%BD%D0%B8%D0%B5%20%D0%BD%D0%B0%D1%81%D0%B5%D0%BB%D0%B5%D0%BD%D0%B8%D1%8F%20%D0%BC%D1%83%D0%BD%D0%B8%D1%86%D0%B8%D0%BF%D0%B0%D0%BB%D1%8C%D0%BD%D1%8B%D1%85%20%D1%80%D0%B0%D0%B9%D0%BE%D0%BD%D0%BE%D0%B2%20%20%D0%A0%D0%91%20%D1%8F%D0%BD%D0%B2%D0%B0%D1%80%D1%8C-%D1%84%D0%B5%D0%B2%D1%80%D0%B0%D0%BB%D1%8C%202024.pdf";"Естественное движение населения муниципальных районов  РБ январь-февраль 2024.pdf";"https://02.rosstat.gov.ru/folder/25491";"downloaded";"D:\Users\mardanova.er\Documents\КОНКУРСЫ 2026\3. сбер\ДОПОЛНИТЕЛЬНЫЕ ДАННЫЕ ИЗ РОСТАТА К ЕР\Естественное движение населения муниципальных районов  РБ январь-февраль 2024.pdf";"550134";"daf45a580c2502e549503609eac1eeff00970e99aa8459f898a8e82813825acd";"2026-10-08T10:06:15.3793607Z";""
"https://02.rosstat.gov.ru/storage/mediabank/%D0%9E%D1%86%D0%B5%D0%BD%D0%BA%D0%B0+%D1%87%D0%B8%D1%81%D0%BB%D0%B5%D0%BD%D0%BD%D0%BE%D1%81%D1%82%D0%B8+%D0%BF%D0%BE%D1%81%D1%82%D0%BE%D1%8F%D0%BD%D0%BD%D0%BE%D0%B3%D0%BE+%D0%BD%D0%B0%D1%81%D0%B5%D0%BB%D0%B5%D0%BD%D0%B8%D1%8F+%D0%A0%D0%B5%D1%81%D0%BF%D1%83%D0%B1%D0%BB%D0%B8%D0%BA%D0%B8+%D0%91%D0%B0%D1%88%D0%BA%D0%BE%D1%80%D1%82%D0%BE%D1%81%D1%82%D0%B0%D0%BD+%D0%BD%D0%B0+1+%D1%8F%D0%BD%D0%B2%D0%B0%D1%80%D1%8F+2019+%D0%B3+%D0%BF%D0%BE+%D0%BC%D1%83%D0%BD%D0%B8%D1%86%D0%B8%D0%BF%D0%B0%D0%BB%D1%8C%D0%BD%D1%8B%D0%BC+%D0%BE%D0%B1%D1%80%D0%B0%D0%B7%D0%BE%D0%B2%D0%B0%D0%BD%D0%B8%D1%8F%D0%BC.pdf";"Оценка+численности+постоянного+населения+Республики+Башкортостан+на+1+января+2019+г+по+муниципальным+образованиям.pdf";"https://02.rosstat.gov.ru/folder/25491";"downloaded";"D:\Users\mardanova.er\Documents\КОНКУРСЫ 2026\3. сбер\ДОПОЛНИТЕЛЬНЫЕ ДАННЫЕ ИЗ РОСТАТА К ЕР\Оценка+численности+постоянного+населения+Республики+Башкортостан+на+1+января+2019+г+по+муниципальным+образованиям.pdf";"235976";"70b46822cc9dd74a21f2f01b4aaf1e020d9397315a8e1ce5dac88125cd203002";"2026-10-08T10:06:16.9308742Z";""
"https://02.rosstat.gov.ru/storage/mediabank/%D0%A7%D0%B8%D1%81%D0%BB%D0%B5%D0%BD%D0%BD%D0%BE%D1%81%D1%82%D1%8C%20%D0%BD%D0%B0%D1%81%D0%B5%D0%BB%D0%B5%D0%BD%D0%B8%D1%8F%20%D0%BF%D0%BE%20%D0%B3%D0%BE%D1%80%D0%BE%D0%B4%D1%81%D0%BA%D0%B8%D0%BC%20%D0%BE%D0%BA%D1%80%D1%83%D0%B3%D0%B0%D0%BC%20%D0%B8%20%20%D0%BC%D1%83%D0%BD%D0%B8%D1%86%D0%B8%D0%BF%D0%B0%D0%BB%D1%8C%D0%BD%D1%8B%D0%BC%20%D1%80%D0%B0%D0%B9%D0%BE%D0%BD%D0%B0%D0%BC%20%D0%A0%D0%B5%D1%81%D0%BF%D1%83%D0%B1%D0%BB%D0%B8%D0%BA%D0%B8%20%D0%91%D0%B0%D1%88%D0%BA%D0%BE%D1%80%D1%82%D0%BE%D1%81%D1%82%D0%B0%D0%BD%20%D0%BD%D0%B0%201%20%D1%8F%D0%BD%D0%B2%D0%B0%D1%80%D1%8F%202020%20%D0%B3.pdf";"Численность населения по городским округам и  муниципальным районам Республики Башкортостан на 1 января 2020 г.pdf";"https://02.rosstat.gov.ru/folder/25491";"downloaded";"D:\Users\mardanova.er\Documents\КОНКУРСЫ 2026\3. сбер\ДОПОЛНИТЕЛЬНЫЕ ДАННЫЕ ИЗ РОСТАТА К ЕР\Численность населения по городским округам и  муниципальным районам Республики Башкортостан на 1 января 2020 г.pdf";"233166";"e63a23ae7d64ed6304b5b67cb48664b438875b3723d0dd032e0b15eac85dee08";"2026-10-08T10:06:18.1598186Z";""
"https://02.rosstat.gov.ru/storage/mediabank/%D0%A7%D0%B8%D1%81%D0%BB%D0%B5%D0%BD%D0%BD%D0%BE%D1%81%D1%82%D1%8C++%D0%BD%D0%B0%D1%81%D0%B5%D0%BB%D0%B5%D0%BD%D0%B8%D1%8F+%D0%BF%D0%BE+%D0%BC%D1%83%D0%BD%D0%B8%D1%86%D0%B8%D0%BF%D0%B0%D0%BB%D1%8C%D0%BD%D1%8B%D0%BC+%D1%80%D0%B0%D0%B9%D0%BE%D0%BD%D0%B0%D0%BC+%D0%B8+%D0%B3%D0%BE%D1%80%D0%BE%D0%B4%D1%81%D0%BA%D0%B8%D0%BC+%D0%BE%D0%BA%D1%80%D1%83%D0%B3%D0%B0%D0%BC+%D0%A0%D0%B5%D1%81%D0%BF%D1%83%D0%B1%D0%BB%D0%B8%D0%BA%D0%B8+%D0%91%D0%B0%D1%88%D0%BA%D0%BE%D1%80%D1%82%D0%BE%D1%81%D1%82%D0%B0%D0%BD+%D0%BD%D0%B0+1+%D1%8F%D0%BD%D0%B2%D0%B0%D1%80%D1%8F+2018%D0%B3.pdf";"Численность++населения+по+муниципальным+районам+и+городским+округам+Республики+Башкортостан+на+1+января+2018г.pdf";"https://02.rosstat.gov.ru/folder/25491";"downloaded";"D:\Users\mardanova.er\Documents\КОНКУРСЫ 2026\3. сбер\ДОПОЛНИТЕЛЬНЫЕ ДАННЫЕ ИЗ РОСТАТА К ЕР\Численность++населения+по+муниципальным+районам+и+городским+округам+Республики+Башкортостан+на+1+января+2018г.pdf";"236939";"2ebc7b44333dbd20cbd533deda718027e315502de9ec0a93bbf3bfd166ac0d58";"2026-10-08T10:06:19.1273818Z";""
